change_type,entity_type,category,ticker,name,horizon_months,previous_rank,current_rank,rank_delta,previous_return,current_return,return_delta,previous_report_date,current_report_date,detail
category_performance,category,"Digital Health, Specialty, Benefits",,"Digital Health, Specialty, Benefits",12,9,9,0,0.10782356663,0.091407915079,-0.016415651551,2026-08-10,2026-08-17,"Digital Health, Specialty, Benefits moved from rank #9 to #9 among subcategories at 12 months; return +10.8% to +9.1%."
category_performance,category,"Digital Health, Specialty, Benefits",,"Digital Health, Specialty, Benefits",24,5,5,0,0.575136955385,0.499253980766,-0.075882974619,2026-08-10,2026-08-17,"Digital Health, Specialty, Benefits moved from rank #5 to #5 among subcategories at 24 months; return +57.5% to +49.9%."
category_performance,category,"Digital Health, Specialty, Benefits",,"Digital Health, Specialty, Benefits",3,2,2,0,0.225390852569,0.238011985332,0.012621132763,2026-08-10,2026-08-17,"Digital Health, Specialty, Benefits moved from rank #2 to #2 among subcategories at 3 months; return +22.5% to +23.8%."
category_performance,category,Health Care Real Estate,,Health Care Real Estate,12,6,5,1,0.364251877603,0.372038086192,0.007786208589,2026-08-10,2026-08-17,Health Care Real Estate moved from rank #6 to #5 among subcategories at 12 months; return +36.4% to +37.2%.
category_performance,category,Health Care Real Estate,,Health Care Real Estate,24,3,3,0,0.786511274493,0.787393680745,0.000882406252,2026-08-10,2026-08-17,Health Care Real Estate moved from rank #3 to #3 among subcategories at 24 months; return +78.7% to +78.7%.
category_performance,category,Health Care Real Estate,,Health Care Real Estate,3,7,6,1,0.0832557889287,0.070882384272,-0.0123734046567,2026-08-10,2026-08-17,Health Care Real Estate moved from rank #7 to #6 among subcategories at 3 months; return +8.3% to +7.1%.
category_performance,category,Health IT and Data,,Health IT and Data,12,10,10,0,-0.316780857156,-0.303148912292,0.013631944864,2026-08-10,2026-08-17,Health IT and Data moved from rank #10 to #10 among subcategories at 12 months; return -31.7% to -30.3%.
category_performance,category,Health IT and Data,,Health IT and Data,24,8,8,0,0.115304157376,0.104340175233,-0.010963982143,2026-08-10,2026-08-17,Health IT and Data moved from rank #8 to #8 among subcategories at 24 months; return +11.5% to +10.4%.
category_performance,category,Health IT and Data,,Health IT and Data,3,10,10,0,-0.138631989569,-0.0922876267273,0.0463443628417,2026-08-10,2026-08-17,Health IT and Data moved from rank #10 to #10 among subcategories at 3 months; return -13.9% to -9.2%.
category_performance,category,Health System Providers,,Health System Providers,12,8,8,0,0.161300007794,0.106456369394,-0.0548436384,2026-08-10,2026-08-17,Health System Providers moved from rank #8 to #8 among subcategories at 12 months; return +16.1% to +10.6%.
category_performance,category,Health System Providers,,Health System Providers,24,7,7,0,0.212418257523,0.154536781621,-0.057881475902,2026-08-10,2026-08-17,Health System Providers moved from rank #7 to #7 among subcategories at 24 months; return +21.2% to +15.5%.
category_performance,category,Health System Providers,,Health System Providers,3,9,9,0,0.0319200251937,0.0324636421947,0.000543617001,2026-08-10,2026-08-17,Health System Providers moved from rank #9 to #9 among subcategories at 3 months; return +3.2% to +3.2%.
category_performance,category,Inpatient Non-Acute Providers,,Inpatient Non-Acute Providers,12,3,3,0,0.900251012903,0.744697156406,-0.155553856497,2026-08-10,2026-08-17,Inpatient Non-Acute Providers moved from rank #3 to #3 among subcategories at 12 months; return +90.0% to +74.5%.
category_performance,category,Inpatient Non-Acute Providers,,Inpatient Non-Acute Providers,24,6,6,0,0.320951783998,0.21507869941,-0.105873084588,2026-08-10,2026-08-17,Inpatient Non-Acute Providers moved from rank #6 to #6 among subcategories at 24 months; return +32.1% to +21.5%.
category_performance,category,Inpatient Non-Acute Providers,,Inpatient Non-Acute Providers,3,4,5,-1,0.209885292323,0.123166111549,-0.086719180774,2026-08-10,2026-08-17,Inpatient Non-Acute Providers moved from rank #4 to #5 among subcategories at 3 months; return +21.0% to +12.3%.
category_performance,category,Outpatient and Home Providers,,Outpatient and Home Providers,12,4,4,0,0.616279890136,0.518902426763,-0.097377463373,2026-08-10,2026-08-17,Outpatient and Home Providers moved from rank #4 to #4 among subcategories at 12 months; return +61.6% to +51.9%.
category_performance,category,Outpatient and Home Providers,,Outpatient and Home Providers,24,2,2,0,1.04915698664,0.979466509081,-0.069690477559,2026-08-10,2026-08-17,Outpatient and Home Providers moved from rank #2 to #2 among subcategories at 24 months; return +104.9% to +97.9%.
category_performance,category,Outpatient and Home Providers,,Outpatient and Home Providers,3,6,4,2,0.126878196381,0.123379759069,-0.003498437312,2026-08-10,2026-08-17,Outpatient and Home Providers moved from rank #6 to #4 among subcategories at 3 months; return +12.7% to +12.3%.
category_performance,category,Payers,,Payers,12,5,6,-1,0.531294337324,0.351948184652,-0.179346152672,2026-08-10,2026-08-17,Payers moved from rank #5 to #6 among subcategories at 12 months; return +53.1% to +35.2%.
category_performance,category,Payers,,Payers,24,9,9,0,-0.0497519336661,-0.0692561963074,-0.0195042626413,2026-08-10,2026-08-17,Payers moved from rank #9 to #9 among subcategories at 24 months; return -5.0% to -6.9%.
category_performance,category,Payers,,Payers,3,8,8,0,0.0828143112801,0.0426670980521,-0.040147213228,2026-08-10,2026-08-17,Payers moved from rank #8 to #8 among subcategories at 3 months; return +8.3% to +4.3%.
category_performance,category,Pharma Distribution,,Pharma Distribution,12,7,7,0,0.301601906138,0.300068673074,-0.001533233064,2026-08-10,2026-08-17,Pharma Distribution moved from rank #7 to #7 among subcategories at 12 months; return +30.2% to +30.0%.
category_performance,category,Pharma Distribution,,Pharma Distribution,24,4,4,0,0.700624107158,0.632957569658,-0.0676665375,2026-08-10,2026-08-17,Pharma Distribution moved from rank #4 to #4 among subcategories at 24 months; return +70.1% to +63.3%.
category_performance,category,Pharma Distribution,,Pharma Distribution,3,3,3,0,0.219806430369,0.179712911409,-0.04009351896,2026-08-10,2026-08-17,Pharma Distribution moved from rank #3 to #3 among subcategories at 3 months; return +22.0% to +18.0%.
category_performance,category,Precision Diagnostics,,Precision Diagnostics,12,2,1,1,0.9562101026,0.806611434939,-0.149598667661,2026-08-10,2026-08-17,Precision Diagnostics moved from rank #2 to #1 among subcategories at 12 months; return +95.6% to +80.7%.
category_performance,category,Precision Diagnostics,,Precision Diagnostics,24,1,1,0,1.40172247881,1.26603374331,-0.1356887355,2026-08-10,2026-08-17,Precision Diagnostics moved from rank #1 to #1 among subcategories at 24 months; return +140.2% to +126.6%.
category_performance,category,Precision Diagnostics,,Precision Diagnostics,3,1,1,0,0.455963503005,0.473482583224,0.017519080219,2026-08-10,2026-08-17,Precision Diagnostics moved from rank #1 to #1 among subcategories at 3 months; return +45.6% to +47.3%.
category_performance,category,Value-Based Care,,Value-Based Care,12,1,2,-1,1.05235726491,0.806406698893,-0.245950566017,2026-08-10,2026-08-17,Value-Based Care moved from rank #1 to #2 among subcategories at 12 months; return +105.2% to +80.6%.
category_performance,category,Value-Based Care,,Value-Based Care,24,10,10,0,-0.121215940607,-0.0947416879046,0.0264742527024,2026-08-10,2026-08-17,Value-Based Care moved from rank #10 to #10 among subcategories at 24 months; return -12.1% to -9.5%.
category_performance,category,Value-Based Care,,Value-Based Care,3,5,7,-2,0.193841528829,0.0611654291943,-0.132676099635,2026-08-10,2026-08-17,Value-Based Care moved from rank #5 to #7 among subcategories at 3 months; return +19.4% to +6.1%.
within_category,stock,"Digital Health, Specialty, Benefits",AMWL,Amwell,12,2,2,0,0.857142857143,0.741258741259,-0.115884115884,2026-08-10,2026-08-17,"Amwell moved from rank #2 to #2 within Digital Health, Specialty, Benefits at 12 months; return +85.7% to +74.1%."
within_category,stock,"Digital Health, Specialty, Benefits",AMWL,Amwell,24,3,4,-1,0.601895734597,0.437644341801,-0.164251392796,2026-08-10,2026-08-17,"Amwell moved from rank #3 to #4 within Digital Health, Specialty, Benefits at 24 months; return +60.2% to +43.8%."
within_category,stock,"Digital Health, Specialty, Benefits",AMWL,Amwell,3,1,1,0,0.696361355082,0.64464993395,-0.051711421132,2026-08-10,2026-08-17,"Amwell moved from rank #1 to #1 within Digital Health, Specialty, Benefits at 3 months; return +69.6% to +64.5%."
within_category,stock,"Digital Health, Specialty, Benefits",CON,Concentra Group,12,3,3,0,0.575393154487,0.524526678141,-0.050866476346,2026-08-10,2026-08-17,"Concentra Group moved from rank #3 to #3 within Digital Health, Specialty, Benefits at 12 months; return +57.5% to +52.5%."
within_category,stock,"Digital Health, Specialty, Benefits",CON,Concentra Group,24,4,3,1,0.484742807323,0.513455788125,0.028712980802,2026-08-10,2026-08-17,"Concentra Group moved from rank #4 to #3 within Digital Health, Specialty, Benefits at 24 months; return +48.5% to +51.3%."
within_category,stock,"Digital Health, Specialty, Benefits",CON,Concentra Group,3,3,4,-1,0.409768211921,0.369540007731,-0.04022820419,2026-08-10,2026-08-17,"Concentra Group moved from rank #3 to #4 within Digital Health, Specialty, Benefits at 3 months; return +41.0% to +37.0%."
within_category,stock,"Digital Health, Specialty, Benefits",GDRX,GoodRx,12,7,7,0,0.0605187319885,0,-0.0605187319885,2026-08-10,2026-08-17,"GoodRx moved from rank #7 to #7 within Digital Health, Specialty, Benefits at 12 months; return +6.1% to +0.0%."
within_category,stock,"Digital Health, Specialty, Benefits",GDRX,GoodRx,24,9,9,0,-0.48959778086,-0.479776847978,0.009820932882,2026-08-10,2026-08-17,"GoodRx moved from rank #9 to #9 within Digital Health, Specialty, Benefits at 24 months; return -49.0% to -48.0%."
within_category,stock,"Digital Health, Specialty, Benefits",GDRX,GoodRx,3,4,2,2,0.260273972603,0.534979423868,0.274705451265,2026-08-10,2026-08-17,"GoodRx moved from rank #4 to #2 within Digital Health, Specialty, Benefits at 3 months; return +26.0% to +53.5%."
within_category,stock,"Digital Health, Specialty, Benefits",HIMS,Hims & Hers,12,9,9,0,-0.391798228725,-0.388309430682,0.003488798043,2026-08-10,2026-08-17,"Hims & Hers moved from rank #9 to #9 within Digital Health, Specialty, Benefits at 12 months; return -39.2% to -38.8%."
within_category,stock,"Digital Health, Specialty, Benefits",HIMS,Hims & Hers,24,2,2,0,0.979323308271,0.806803594352,-0.172519713919,2026-08-10,2026-08-17,"Hims & Hers moved from rank #2 to #2 within Digital Health, Specialty, Benefits at 24 months; return +97.9% to +80.7%."
within_category,stock,"Digital Health, Specialty, Benefits",HIMS,Hims & Hers,3,7,7,0,0.117438981252,0.12375249501,0.006313513758,2026-08-10,2026-08-17,"Hims & Hers moved from rank #7 to #7 within Digital Health, Specialty, Benefits at 3 months; return +11.7% to +12.4%."
within_category,stock,"Digital Health, Specialty, Benefits",HQY,HealthEquity,12,6,5,1,0.124449220849,0.16509066637,0.040641445521,2026-08-10,2026-08-17,"HealthEquity moved from rank #6 to #5 within Digital Health, Specialty, Benefits at 12 months; return +12.4% to +16.5%."
within_category,stock,"Digital Health, Specialty, Benefits",HQY,HealthEquity,24,5,5,0,0.470141913728,0.398637820513,-0.071504093215,2026-08-10,2026-08-17,"HealthEquity moved from rank #5 to #5 within Digital Health, Specialty, Benefits at 24 months; return +47.0% to +39.9%."
within_category,stock,"Digital Health, Specialty, Benefits",HQY,HealthEquity,3,5,5,0,0.233262611975,0.27455275648,0.041290144505,2026-08-10,2026-08-17,"HealthEquity moved from rank #5 to #5 within Digital Health, Specialty, Benefits at 3 months; return +23.3% to +27.5%."
within_category,stock,"Digital Health, Specialty, Benefits",LFMD,LifeMD,12,10,10,0,-0.478005865103,-0.463452566096,0.014553299007,2026-08-10,2026-08-17,"LifeMD moved from rank #10 to #10 within Digital Health, Specialty, Benefits at 12 months; return -47.8% to -46.3%."
within_category,stock,"Digital Health, Specialty, Benefits",LFMD,LifeMD,24,8,8,0,-0.34438305709,-0.337811900192,0.006571156898,2026-08-10,2026-08-17,"LifeMD moved from rank #8 to #8 within Digital Health, Specialty, Benefits at 24 months; return -34.4% to -33.8%."
within_category,stock,"Digital Health, Specialty, Benefits",LFMD,LifeMD,3,10,10,0,-0.255230125523,-0.203233256351,0.051996869172,2026-08-10,2026-08-17,"LifeMD moved from rank #10 to #10 within Digital Health, Specialty, Benefits at 3 months; return -25.5% to -20.3%."
within_category,stock,"Digital Health, Specialty, Benefits",OMDA,Omada Health,12,4,4,0,0.244479495268,0.1709693132,-0.073510182068,2026-08-10,2026-08-17,"Omada Health moved from rank #4 to #4 within Digital Health, Specialty, Benefits at 12 months; return +24.4% to +17.1%."
within_category,stock,"Digital Health, Specialty, Benefits",OMDA,Omada Health,24,,,,,,,2026-08-10,2026-08-17,"Omada Health moved from rank unavailable within Digital Health, Specialty, Benefits at 24 months; return unavailable."
within_category,stock,"Digital Health, Specialty, Benefits",OMDA,Omada Health,3,2,3,-1,0.597165991903,0.451690821256,-0.145475170647,2026-08-10,2026-08-17,"Omada Health moved from rank #2 to #3 within Digital Health, Specialty, Benefits at 3 months; return +59.7% to +45.2%."
within_category,stock,"Digital Health, Specialty, Benefits",PGNY,Progyny,12,5,6,-1,0.229759299781,0.123076923077,-0.106682376704,2026-08-10,2026-08-17,"Progyny moved from rank #5 to #6 within Digital Health, Specialty, Benefits at 12 months; return +23.0% to +12.3%."
within_category,stock,"Digital Health, Specialty, Benefits",PGNY,Progyny,24,6,6,0,0.300323924109,0.249049429658,-0.051274494451,2026-08-10,2026-08-17,"Progyny moved from rank #6 to #6 within Digital Health, Specialty, Benefits at 24 months; return +30.0% to +24.9%."
within_category,stock,"Digital Health, Specialty, Benefits",PGNY,Progyny,3,6,6,0,0.184654300169,0.130322580645,-0.054331719524,2026-08-10,2026-08-17,"Progyny moved from rank #6 to #6 within Digital Health, Specialty, Benefits at 3 months; return +18.5% to +13.0%."
within_category,stock,"Digital Health, Specialty, Benefits",TALK,Talkspace,12,1,1,0,1.088,1.05078125,-0.03721875,2026-08-10,2026-08-17,"Talkspace moved from rank #1 to #1 within Digital Health, Specialty, Benefits at 12 months; return +108.8% to +105.1%."
within_category,stock,"Digital Health, Specialty, Benefits",TALK,Talkspace,24,1,1,0,2.08875739645,1.98295454545,-0.105802851,2026-08-10,2026-08-17,"Talkspace moved from rank #1 to #1 within Digital Health, Specialty, Benefits at 24 months; return +208.9% to +198.3%."
within_category,stock,"Digital Health, Specialty, Benefits",TALK,Talkspace,3,8,9,-1,0.00578034682081,0.00961538461538,0.00383503779457,2026-08-10,2026-08-17,"Talkspace moved from rank #8 to #9 within Digital Health, Specialty, Benefits at 3 months; return +0.6% to +1.0%."
within_category,stock,"Digital Health, Specialty, Benefits",TDOC,Teladoc,12,8,8,0,0.0244252873563,-0.094414893617,-0.118840180973,2026-08-10,2026-08-17,"Teladoc moved from rank #8 to #8 within Digital Health, Specialty, Benefits at 12 months; return +2.4% to -9.4%."
within_category,stock,"Digital Health, Specialty, Benefits",TDOC,Teladoc,24,7,7,0,-0.0027972027972,-0.042194092827,-0.0393968900298,2026-08-10,2026-08-17,"Teladoc moved from rank #7 to #7 within Digital Health, Specialty, Benefits at 24 months; return -0.3% to -4.2%."
within_category,stock,"Digital Health, Specialty, Benefits",TDOC,Teladoc,3,9,8,1,-0.0165517241379,0.0707547169811,0.087306441119,2026-08-10,2026-08-17,"Teladoc moved from rank #9 to #8 within Digital Health, Specialty, Benefits at 3 months; return -1.7% to +7.1%."
within_category,stock,Health Care Real Estate,CTRE,CareTrust REIT,12,4,4,0,0.252887537994,0.143657817109,-0.109229720885,2026-08-10,2026-08-17,CareTrust REIT moved from rank #4 to #4 within Health Care Real Estate at 12 months; return +25.3% to +14.4%.
within_category,stock,Health Care Real Estate,CTRE,CareTrust REIT,24,3,3,0,0.481135465325,0.393100970176,-0.088034495149,2026-08-10,2026-08-17,CareTrust REIT moved from rank #3 to #3 within Health Care Real Estate at 24 months; return +48.1% to +39.3%.
within_category,stock,Health Care Real Estate,CTRE,CareTrust REIT,3,7,7,0,-0.00913461538462,-0.0576081672338,-0.0484735518492,2026-08-10,2026-08-17,CareTrust REIT moved from rank #7 to #7 within Health Care Real Estate at 3 months; return -0.9% to -5.8%.
within_category,stock,Health Care Real Estate,DOC,Healthpeak properties,12,3,3,0,0.262382075472,0.201039861352,-0.06134221412,2026-08-10,2026-08-17,Healthpeak properties moved from rank #3 to #3 within Health Care Real Estate at 12 months; return +26.2% to +20.1%.
within_category,stock,Health Care Real Estate,DOC,Healthpeak properties,24,7,7,0,-0.0101710587147,-0.0321229050279,-0.0219518463132,2026-08-10,2026-08-17,Healthpeak properties moved from rank #7 to #7 within Health Care Real Estate at 24 months; return -1.0% to -3.2%.
within_category,stock,Health Care Real Estate,DOC,Healthpeak properties,3,2,2,0,0.0901221995927,0.0738636363636,-0.0162585632291,2026-08-10,2026-08-17,Healthpeak properties moved from rank #2 to #2 within Health Care Real Estate at 3 months; return +9.0% to +7.4%.
within_category,stock,Health Care Real Estate,MPT,Medical Properties Trust,12,,,,,,,2026-08-10,2026-08-17,Medical Properties Trust moved from rank unavailable within Health Care Real Estate at 12 months; return unavailable.
within_category,stock,Health Care Real Estate,MPT,Medical Properties Trust,24,,,,,,,2026-08-10,2026-08-17,Medical Properties Trust moved from rank unavailable within Health Care Real Estate at 24 months; return unavailable.
within_category,stock,Health Care Real Estate,MPT,Medical Properties Trust,3,8,8,0,-0.0909090909091,-0.172277227723,-0.0813681368139,2026-08-10,2026-08-17,Medical Properties Trust moved from rank #8 to #8 within Health Care Real Estate at 3 months; return -9.1% to -17.2%.
within_category,stock,Health Care Real Estate,NHI,National Health Investors,12,7,7,0,0.00507207688201,-0.0229038306992,-0.0279759075812,2026-08-10,2026-08-17,National Health Investors moved from rank #7 to #7 within Health Care Real Estate at 12 months; return +0.5% to -2.3%.
within_category,stock,Health Care Real Estate,NHI,National Health Investors,24,6,6,0,0.0069537309441,-0.018037420918,-0.0249911518621,2026-08-10,2026-08-17,National Health Investors moved from rank #6 to #6 within Health Care Real Estate at 24 months; return +0.7% to -1.8%.
within_category,stock,Health Care Real Estate,NHI,National Health Investors,3,6,6,0,0.000531490831783,-0.0225110545357,-0.0230425453675,2026-08-10,2026-08-17,National Health Investors moved from rank #6 to #6 within Health Care Real Estate at 3 months; return +0.1% to -2.3%.
within_category,stock,Health Care Real Estate,OHI,Omega Healthcare Investors,12,5,5,0,0.213016270338,0.134601316752,-0.078414953586,2026-08-10,2026-08-17,Omega Healthcare Investors moved from rank #5 to #5 within Health Care Real Estate at 12 months; return +21.3% to +13.5%.
within_category,stock,Health Care Real Estate,OHI,Omega Healthcare Investors,24,4,5,-1,0.27358738502,0.243120491584,-0.030466893436,2026-08-10,2026-08-17,Omega Healthcare Investors moved from rank #4 to #5 within Health Care Real Estate at 24 months; return +27.4% to +24.3%.
within_category,stock,Health Care Real Estate,OHI,Omega Healthcare Investors,3,4,4,0,0.0269124814579,-0.0169025987746,-0.0438150802325,2026-08-10,2026-08-17,Omega Healthcare Investors moved from rank #4 to #4 within Health Care Real Estate at 3 months; return +2.7% to -1.7%.
within_category,stock,Health Care Real Estate,SBRA,Sabra Health Care REIT,12,6,6,0,0.123931623932,0.100758396533,-0.023173227399,2026-08-10,2026-08-17,Sabra Health Care REIT moved from rank #6 to #6 within Health Care Real Estate at 12 months; return +12.4% to +10.1%.
within_category,stock,Health Care Real Estate,SBRA,Sabra Health Care REIT,24,5,4,1,0.26139088729,0.25509573811,-0.00629514918,2026-08-10,2026-08-17,Sabra Health Care REIT moved from rank #5 to #4 within Health Care Real Estate at 24 months; return +26.1% to +25.5%.
within_category,stock,Health Care Real Estate,SBRA,Sabra Health Care REIT,3,5,5,0,0.0139759036145,-0.0169327527818,-0.0309086563963,2026-08-10,2026-08-17,Sabra Health Care REIT moved from rank #5 to #5 within Health Care Real Estate at 3 months; return +1.4% to -1.7%.
within_category,stock,Health Care Real Estate,VTR,"Ventas, Inc",12,2,2,0,0.361528365174,0.350450051645,-0.011078313529,2026-08-10,2026-08-17,"Ventas, Inc moved from rank #2 to #2 within Health Care Real Estate at 12 months; return +36.2% to +35.0%."
within_category,stock,Health Care Real Estate,VTR,"Ventas, Inc",24,2,2,0,0.572511369378,0.566586785347,-0.005924584031,2026-08-10,2026-08-17,"Ventas, Inc moved from rank #2 to #2 within Health Care Real Estate at 24 months; return +57.3% to +56.7%."
within_category,stock,Health Care Real Estate,VTR,"Ventas, Inc",3,3,3,0,0.0699060279624,0.0465408805031,-0.0233651474593,2026-08-10,2026-08-17,"Ventas, Inc moved from rank #3 to #3 within Health Care Real Estate at 3 months; return +7.0% to +4.7%."
within_category,stock,Health Care Real Estate,WELL,Welltower,12,1,1,0,0.409986311968,0.445794966237,0.035808654269,2026-08-10,2026-08-17,Welltower moved from rank #1 to #1 within Health Care Real Estate at 12 months; return +41.0% to +44.6%.
within_category,stock,Health Care Real Estate,WELL,Welltower,24,1,1,0,1.01805792164,1.03174603175,0.01368811011,2026-08-10,2026-08-17,Welltower moved from rank #1 to #1 within Health Care Real Estate at 24 months; return +101.8% to +103.2%.
within_category,stock,Health Care Real Estate,WELL,Welltower,3,1,1,0,0.103853142618,0.10189950407,-0.001953638548,2026-08-10,2026-08-17,Welltower moved from rank #1 to #1 within Health Care Real Estate at 3 months; return +10.4% to +10.2%.
within_category,stock,Health IT and Data,CCSI,Consensus Cloud Solutions,12,1,1,0,0.473993288591,0.509659969088,0.035666680497,2026-08-10,2026-08-17,Consensus Cloud Solutions moved from rank #1 to #1 within Health IT and Data at 12 months; return +47.4% to +51.0%.
within_category,stock,Health IT and Data,CCSI,Consensus Cloud Solutions,24,1,1,0,0.768495218923,0.937035200793,0.16853998187,2026-08-10,2026-08-17,Consensus Cloud Solutions moved from rank #1 to #1 within Health IT and Data at 24 months; return +76.8% to +93.7%.
within_category,stock,Health IT and Data,CCSI,Consensus Cloud Solutions,3,9,6,3,0.0335294117647,0.37959039548,0.346060983715,2026-08-10,2026-08-17,Consensus Cloud Solutions moved from rank #9 to #6 within Health IT and Data at 3 months; return +3.4% to +38.0%.
within_category,stock,Health IT and Data,DH,Definitive Healthcare,12,12,12,0,-0.815155440415,-0.834832041344,-0.019676600929,2026-08-10,2026-08-17,Definitive Healthcare moved from rank #12 to #12 within Health IT and Data at 12 months; return -81.5% to -83.5%.
within_category,stock,Health IT and Data,DH,Definitive Healthcare,24,12,12,0,-0.816580976864,-0.840995024876,-0.024414048012,2026-08-10,2026-08-17,Definitive Healthcare moved from rank #12 to #12 within Health IT and Data at 24 months; return -81.7% to -84.1%.
within_category,stock,Health IT and Data,DH,Definitive Healthcare,3,12,11,1,-0.251075889577,-0.208812971902,0.042262917675,2026-08-10,2026-08-17,Definitive Healthcare moved from rank #12 to #11 within Health IT and Data at 3 months; return -25.1% to -20.9%.
within_category,stock,Health IT and Data,DOCS,Doximity,12,11,11,0,-0.588465004506,-0.619223092277,-0.030758087771,2026-08-10,2026-08-17,Doximity moved from rank #11 to #11 within Health IT and Data at 12 months; return -58.8% to -61.9%.
within_category,stock,Health IT and Data,DOCS,Doximity,24,8,8,0,-0.230337078652,-0.306293706294,-0.075956627642,2026-08-10,2026-08-17,Doximity moved from rank #8 to #8 within Health IT and Data at 24 months; return -23.0% to -30.6%.
within_category,stock,Health IT and Data,DOCS,Doximity,3,8,7,1,0.0546574287914,0.307327358988,0.252669930197,2026-08-10,2026-08-17,Doximity moved from rank #8 to #7 within Health IT and Data at 3 months; return +5.5% to +30.7%.
within_category,stock,Health IT and Data,HCAT,Health Catalyst,12,8,8,0,-0.388692579505,-0.366438356164,0.022254223341,2026-08-10,2026-08-17,Health Catalyst moved from rank #8 to #8 within Health IT and Data at 12 months; return -38.9% to -36.6%.
within_category,stock,Health IT and Data,HCAT,Health Catalyst,24,11,11,0,-0.73984962406,-0.726128793486,0.013720830574,2026-08-10,2026-08-17,Health Catalyst moved from rank #11 to #11 within Health IT and Data at 24 months; return -74.0% to -72.6%.
within_category,stock,Health IT and Data,HCAT,Health Catalyst,3,4,1,3,0.138157894737,0.554621848739,0.416463954002,2026-08-10,2026-08-17,Health Catalyst moved from rank #4 to #1 within Health IT and Data at 3 months; return +13.8% to +55.5%.
within_category,stock,Health IT and Data,IQV,Iqvia,12,2,3,-1,0.327143333704,0.238474017479,-0.088669316225,2026-08-10,2026-08-17,Iqvia moved from rank #2 to #3 within Health IT and Data at 12 months; return +32.7% to +23.8%.
within_category,stock,Health IT and Data,IQV,Iqvia,24,5,5,0,0.00517960163389,-0.0123941075825,-0.0175737092164,2026-08-10,2026-08-17,Iqvia moved from rank #5 to #5 within Health IT and Data at 24 months; return +0.5% to -1.2%.
within_category,stock,Health IT and Data,IQV,Iqvia,3,2,4,-2,0.335683509597,0.399361400189,0.063677890592,2026-08-10,2026-08-17,Iqvia moved from rank #2 to #4 within Health IT and Data at 3 months; return +33.6% to +39.9%.
within_category,stock,Health IT and Data,MDRX,Veradigm,12,5,5,0,0.0105263157895,0.0434782608696,0.0329519450801,2026-08-10,2026-08-17,Veradigm moved from rank #5 to #5 within Health IT and Data at 12 months; return +1.1% to +4.3%.
within_category,stock,Health IT and Data,MDRX,Veradigm,24,10,10,0,-0.472527472527,-0.5,-0.027472527473,2026-08-10,2026-08-17,Veradigm moved from rank #10 to #10 within Health IT and Data at 24 months; return -47.3% to -50.0%.
within_category,stock,Health IT and Data,MDRX,Veradigm,3,7,9,-2,0.0762331838565,-0.04,-0.116233183856,2026-08-10,2026-08-17,Veradigm moved from rank #7 to #9 within Health IT and Data at 3 months; return +7.6% to -4.0%.
within_category,stock,Health IT and Data,OMCL,Omnicell,12,3,4,-1,0.193966915342,0.177027453455,-0.016939461887,2026-08-10,2026-08-17,Omnicell moved from rank #3 to #4 within Health IT and Data at 12 months; return +19.4% to +17.7%.
within_category,stock,Health IT and Data,OMCL,Omnicell,24,7,7,0,-0.0988984088127,-0.123384253819,-0.0244858450063,2026-08-10,2026-08-17,Omnicell moved from rank #7 to #7 within Health IT and Data at 24 months; return -9.9% to -12.3%.
within_category,stock,Health IT and Data,OMCL,Omnicell,3,10,10,0,-0.159972615244,-0.134972170686,0.025000444558,2026-08-10,2026-08-17,Omnicell moved from rank #10 to #10 within Health IT and Data at 3 months; return -16.0% to -13.5%.
within_category,stock,Health IT and Data,ORCL,Oracle-Cerner,12,9,9,0,-0.412037592482,-0.393748993072,0.01828859941,2026-08-10,2026-08-17,Oracle-Cerner moved from rank #9 to #9 within Health IT and Data at 12 months; return -41.2% to -39.4%.
within_category,stock,Health IT and Data,ORCL,Oracle-Cerner,24,4,4,0,0.113281841587,0.0949298028661,-0.0183520387209,2026-08-10,2026-08-17,Oracle-Cerner moved from rank #4 to #4 within Health IT and Data at 24 months; return +11.3% to +9.5%.
within_category,stock,Health IT and Data,ORCL,Oracle-Cerner,3,11,12,-1,-0.249706557795,-0.219901528893,0.029805028902,2026-08-10,2026-08-17,Oracle-Cerner moved from rank #11 to #12 within Health IT and Data at 3 months; return -25.0% to -22.0%.
within_category,stock,Health IT and Data,PHR,Phreesia,12,10,10,0,-0.536838208071,-0.57212543554,-0.035287227469,2026-08-10,2026-08-17,Phreesia moved from rank #10 to #10 within Health IT and Data at 12 months; return -53.7% to -57.2%.
within_category,stock,Health IT and Data,PHR,Phreesia,24,9,9,0,-0.458910034602,-0.493608247423,-0.034698212821,2026-08-10,2026-08-17,Phreesia moved from rank #9 to #9 within Health IT and Data at 24 months; return -45.9% to -49.4%.
within_category,stock,Health IT and Data,PHR,Phreesia,3,3,3,0,0.230088495575,0.400228050171,0.170139554596,2026-08-10,2026-08-17,Phreesia moved from rank #3 to #3 within Health IT and Data at 3 months; return +23.0% to +40.0%.
within_category,stock,Health IT and Data,SOLV,Solventum,12,4,2,2,0.130671753645,0.240408849062,0.109737095417,2026-08-10,2026-08-17,Solventum moved from rank #4 to #2 within Health IT and Data at 12 months; return +13.1% to +24.0%.
within_category,stock,Health IT and Data,SOLV,Solventum,24,2,2,0,0.369532926225,0.491414141414,0.121881215189,2026-08-10,2026-08-17,Solventum moved from rank #2 to #2 within Health IT and Data at 24 months; return +37.0% to +49.1%.
within_category,stock,Health IT and Data,SOLV,Solventum,3,6,8,-2,0.130825838103,0.192970643684,0.062144805581,2026-08-10,2026-08-17,Solventum moved from rank #6 to #8 within Health IT and Data at 3 months; return +13.1% to +19.3%.
within_category,stock,Health IT and Data,VEEV,Veeva Systems,12,6,6,0,-0.183107078297,-0.131356687217,0.05175039108,2026-08-10,2026-08-17,Veeva Systems moved from rank #6 to #6 within Health IT and Data at 12 months; return -18.3% to -13.1%.
within_category,stock,Health IT and Data,VEEV,Veeva Systems,24,3,3,0,0.233449290875,0.266233766234,0.032784475359,2026-08-10,2026-08-17,Veeva Systems moved from rank #3 to #3 within Health IT and Data at 24 months; return +23.3% to +26.6%.
within_category,stock,Health IT and Data,VEEV,Veeva Systems,3,1,2,-1,0.385535649874,0.534369885434,0.14883423556,2026-08-10,2026-08-17,Veeva Systems moved from rank #1 to #2 within Health IT and Data at 3 months; return +38.6% to +53.4%.
within_category,stock,Health IT and Data,WAY,Waystar,12,7,7,0,-0.299508528476,-0.313192904656,-0.01368437618,2026-08-10,2026-08-17,Waystar moved from rank #7 to #7 within Health IT and Data at 12 months; return -30.0% to -31.3%.
within_category,stock,Health IT and Data,WAY,Waystar,24,6,6,0,-0.0106165781952,-0.0384167636787,-0.0278001854835,2026-08-10,2026-08-17,Waystar moved from rank #6 to #6 within Health IT and Data at 24 months; return -1.1% to -3.8%.
within_category,stock,Health IT and Data,WAY,Waystar,3,5,5,0,0.133302151543,0.382041271612,0.248739120069,2026-08-10,2026-08-17,Waystar moved from rank #5 to #5 within Health IT and Data at 3 months; return +13.3% to +38.2%.
within_category,stock,Health System Providers,ARDT,Ardent Health Partners,12,5,5,0,-0.0285954583684,-0.125801282051,-0.0972058236826,2026-08-10,2026-08-17,Ardent Health Partners moved from rank #5 to #5 within Health System Providers at 12 months; return -2.9% to -12.6%.
within_category,stock,Health System Providers,ARDT,Ardent Health Partners,24,4,4,0,-0.261508951407,-0.355962219599,-0.094453268192,2026-08-10,2026-08-17,Ardent Health Partners moved from rank #4 to #4 within Health System Providers at 24 months; return -26.2% to -35.6%.
within_category,stock,Health System Providers,ARDT,Ardent Health Partners,3,2,2,0,0.142433234421,0.080198019802,-0.062235214619,2026-08-10,2026-08-17,Ardent Health Partners moved from rank #2 to #2 within Health System Providers at 3 months; return +14.2% to +8.0%.
within_category,stock,Health System Providers,CYH,Community Health Systems,12,2,2,0,0.204819277108,0.0989010989011,-0.105918178207,2026-08-10,2026-08-17,Community Health Systems moved from rank #2 to #2 within Health System Providers at 12 months; return +20.5% to +9.9%.
within_category,stock,Health System Providers,CYH,Community Health Systems,24,5,5,0,-0.380165289256,-0.40119760479,-0.021032315534,2026-08-10,2026-08-17,Community Health Systems moved from rank #5 to #5 within Health System Providers at 24 months; return -38.0% to -40.1%.
within_category,stock,Health System Providers,CYH,Community Health Systems,3,3,3,0,0.0752688172043,0.063829787234,-0.0114390299703,2026-08-10,2026-08-17,Community Health Systems moved from rank #3 to #3 within Health System Providers at 3 months; return +7.5% to +6.4%.
within_category,stock,Health System Providers,HCA,HCA Healthcare,12,3,3,0,0.0832001257829,0.0224614063013,-0.0607387194816,2026-08-10,2026-08-17,HCA Healthcare moved from rank #3 to #3 within Health System Providers at 12 months; return +8.3% to +2.2%.
within_category,stock,Health System Providers,HCA,HCA Healthcare,24,2,2,0,0.145358825159,0.0826979158306,-0.0626609093284,2026-08-10,2026-08-17,HCA Healthcare moved from rank #2 to #2 within Health System Providers at 24 months; return +14.5% to +8.3%.
within_category,stock,Health System Providers,HCA,HCA Healthcare,3,5,5,0,-0.0501619982077,-0.0433096926714,0.0068523055363,2026-08-10,2026-08-17,HCA Healthcare moved from rank #5 to #5 within Health System Providers at 3 months; return -5.0% to -4.3%.
within_category,stock,Health System Providers,THC,Tenet Health,12,1,1,0,0.583101823892,0.55737704918,-0.025724774712,2026-08-10,2026-08-17,Tenet Health moved from rank #1 to #1 within Health System Providers at 12 months; return +58.3% to +55.7%.
within_category,stock,Health System Providers,THC,Tenet Health,24,1,1,0,0.746834599494,0.710072769054,-0.03676183044,2026-08-10,2026-08-17,Tenet Health moved from rank #1 to #1 within Health System Providers at 24 months; return +74.7% to +71.0%.
within_category,stock,Health System Providers,THC,Tenet Health,3,1,1,0,0.376877823301,0.362249567782,-0.014628255519,2026-08-10,2026-08-17,Tenet Health moved from rank #1 to #1 within Health System Providers at 3 months; return +37.7% to +36.2%.
within_category,stock,Health System Providers,UHS,Universal Health Services,12,4,4,0,0.0071967498549,-0.0473468930352,-0.0545436428901,2026-08-10,2026-08-17,Universal Health Services moved from rank #4 to #4 within Health System Providers at 12 months; return +0.7% to -4.7%.
within_category,stock,Health System Providers,UHS,Universal Health Services,24,3,3,0,-0.193662299043,-0.249160925632,-0.055498626589,2026-08-10,2026-08-17,Universal Health Services moved from rank #3 to #3 within Health System Providers at 24 months; return -19.4% to -24.9%.
within_category,stock,Health System Providers,UHS,Universal Health Services,3,4,4,0,0.0210637797129,0.00818311195446,-0.0128806677584,2026-08-10,2026-08-17,Universal Health Services moved from rank #4 to #4 within Health System Providers at 3 months; return +2.1% to +0.8%.
within_category,stock,Inpatient Non-Acute Providers,ACHC,Acadia Healthcare,12,2,2,0,0.638773388773,0.469494756911,-0.169278631862,2026-08-10,2026-08-17,Acadia Healthcare moved from rank #2 to #2 within Inpatient Non-Acute Providers at 12 months; return +63.9% to +46.9%.
within_category,stock,Inpatient Non-Acute Providers,ACHC,Acadia Healthcare,24,4,4,0,-0.559513830679,-0.586007788371,-0.026493957692,2026-08-10,2026-08-17,Acadia Healthcare moved from rank #4 to #4 within Inpatient Non-Acute Providers at 24 months; return -56.0% to -58.6%.
within_category,stock,Inpatient Non-Acute Providers,ACHC,Acadia Healthcare,3,2,1,1,0.252184273233,0.19449825649,-0.057686016743,2026-08-10,2026-08-17,Acadia Healthcare moved from rank #2 to #1 within Inpatient Non-Acute Providers at 3 months; return +25.2% to +19.4%.
within_category,stock,Inpatient Non-Acute Providers,EHC,Encompass Health,12,4,4,0,0.0650620853887,0.026665559063,-0.0383965263257,2026-08-10,2026-08-17,Encompass Health moved from rank #4 to #4 within Inpatient Non-Acute Providers at 12 months; return +6.5% to +2.7%.
within_category,stock,Inpatient Non-Acute Providers,EHC,Encompass Health,24,2,1,1,0.460919272049,0.394606183706,-0.066313088343,2026-08-10,2026-08-17,Encompass Health moved from rank #2 to #1 within Inpatient Non-Acute Providers at 24 months; return +46.1% to +39.5%.
within_category,stock,Inpatient Non-Acute Providers,EHC,Encompass Health,3,3,3,0,0.180301602262,0.158945986497,-0.021355615765,2026-08-10,2026-08-17,Encompass Health moved from rank #3 to #3 within Inpatient Non-Acute Providers at 3 months; return +18.0% to +15.9%.
within_category,stock,Inpatient Non-Acute Providers,ENSG,The Ensign Group,12,3,3,0,0.139077382805,0.0931576096768,-0.0459197731282,2026-08-10,2026-08-17,The Ensign Group moved from rank #3 to #3 within Inpatient Non-Acute Providers at 12 months; return +13.9% to +9.3%.
within_category,stock,Inpatient Non-Acute Providers,ENSG,The Ensign Group,24,3,2,1,0.295362831858,0.286017699115,-0.009345132743,2026-08-10,2026-08-17,The Ensign Group moved from rank #3 to #2 within Inpatient Non-Acute Providers at 24 months; return +29.5% to +28.6%.
within_category,stock,Inpatient Non-Acute Providers,ENSG,The Ensign Group,3,4,4,0,0.0671916010499,0.0224010806551,-0.0447905203948,2026-08-10,2026-08-17,The Ensign Group moved from rank #4 to #4 within Inpatient Non-Acute Providers at 3 months; return +6.7% to +2.2%.
within_category,stock,Inpatient Non-Acute Providers,PACS,PACS Group,12,1,1,0,3.34829443447,2.86434782609,-0.48394660838,2026-08-10,2026-08-17,PACS Group moved from rank #1 to #1 within Inpatient Non-Acute Providers at 12 months; return +334.8% to +286.4%.
within_category,stock,Inpatient Non-Acute Providers,PACS,PACS Group,24,1,3,-2,0.479083969466,0.145656096932,-0.333427872534,2026-08-10,2026-08-17,PACS Group moved from rank #1 to #3 within Inpatient Non-Acute Providers at 24 months; return +47.9% to +14.6%.
within_category,stock,Inpatient Non-Acute Providers,PACS,PACS Group,3,1,2,-1,0.442095861864,0.185699039488,-0.256396822376,2026-08-10,2026-08-17,PACS Group moved from rank #1 to #2 within Inpatient Non-Acute Providers at 3 months; return +44.2% to +18.6%.
within_category,stock,Outpatient and Home Providers,ADUS,Addus HomeCare,12,7,7,0,0.0861239676922,0.00825297541482,-0.0778709922774,2026-08-10,2026-08-17,Addus HomeCare moved from rank #7 to #7 within Outpatient and Home Providers at 12 months; return +8.6% to +0.8%.
within_category,stock,Outpatient and Home Providers,ADUS,Addus HomeCare,24,7,9,-2,-0.0397175639894,-0.116406547392,-0.0766889834026,2026-08-10,2026-08-17,Addus HomeCare moved from rank #7 to #9 within Outpatient and Home Providers at 24 months; return -4.0% to -11.6%.
within_category,stock,Outpatient and Home Providers,ADUS,Addus HomeCare,3,5,4,1,0.201968464397,0.275664981315,0.073696516918,2026-08-10,2026-08-17,Addus HomeCare moved from rank #5 to #4 within Outpatient and Home Providers at 3 months; return +20.2% to +27.6%.
within_category,stock,Outpatient and Home Providers,AVAH,Aveanna Healthcare,12,3,3,0,0.545602605863,0.74011299435,0.194510388487,2026-08-10,2026-08-17,Aveanna Healthcare moved from rank #3 to #3 within Outpatient and Home Providers at 12 months; return +54.6% to +74.0%.
within_category,stock,Outpatient and Home Providers,AVAH,Aveanna Healthcare,24,2,2,0,1.01486199575,1.47887323944,0.46401124369,2026-08-10,2026-08-17,Aveanna Healthcare moved from rank #2 to #2 within Outpatient and Home Providers at 24 months; return +101.5% to +147.9%.
within_category,stock,Outpatient and Home Providers,AVAH,Aveanna Healthcare,3,1,2,-1,0.408011869436,0.59585492228,0.187843052844,2026-08-10,2026-08-17,Aveanna Healthcare moved from rank #1 to #2 within Outpatient and Home Providers at 3 months; return +40.8% to +59.6%.
within_category,stock,Outpatient and Home Providers,BTSG,BrightSpring Health Services,12,1,1,0,2.00433108758,1.75,-0.25433108758,2026-08-10,2026-08-17,BrightSpring Health Services moved from rank #1 to #1 within Outpatient and Home Providers at 12 months; return +200.4% to +175.0%.
within_category,stock,Outpatient and Home Providers,BTSG,BrightSpring Health Services,24,1,1,0,4.40987868284,4.13821815154,-0.2716605313,2026-08-10,2026-08-17,BrightSpring Health Services moved from rank #1 to #1 within Outpatient and Home Providers at 24 months; return +441.0% to +413.8%.
within_category,stock,Outpatient and Home Providers,BTSG,BrightSpring Health Services,3,7,10,-3,0.138610249863,0.0658031088083,-0.0728071410547,2026-08-10,2026-08-17,BrightSpring Health Services moved from rank #7 to #10 within Outpatient and Home Providers at 3 months; return +13.9% to +6.6%.
within_category,stock,Outpatient and Home Providers,CHE,Chemed (Vitas),12,6,6,0,0.269657501206,0.19718721215,-0.072470289056,2026-08-10,2026-08-17,Chemed (Vitas) moved from rank #6 to #6 within Outpatient and Home Providers at 12 months; return +27.0% to +19.7%.
within_category,stock,Outpatient and Home Providers,CHE,Chemed (Vitas),24,8,8,0,-0.0471330552012,-0.0753106128965,-0.0281775576953,2026-08-10,2026-08-17,Chemed (Vitas) moved from rank #8 to #8 within Outpatient and Home Providers at 24 months; return -4.7% to -7.5%.
within_category,stock,Outpatient and Home Providers,CHE,Chemed (Vitas),3,4,6,-2,0.302786027436,0.226336501507,-0.076449525929,2026-08-10,2026-08-17,Chemed (Vitas) moved from rank #4 to #6 within Outpatient and Home Providers at 3 months; return +30.3% to +22.6%.
within_category,stock,Outpatient and Home Providers,DVA,Davita,12,5,5,0,0.419073359073,0.330033978431,-0.089039380642,2026-08-10,2026-08-17,Davita moved from rank #5 to #5 within Outpatient and Home Providers at 12 months; return +41.9% to +33.0%.
within_category,stock,Outpatient and Home Providers,DVA,Davita,24,5,6,-1,0.309836065574,0.198003992016,-0.111832073558,2026-08-10,2026-08-17,Davita moved from rank #5 to #6 within Outpatient and Home Providers at 24 months; return +31.0% to +19.8%.
within_category,stock,Outpatient and Home Providers,DVA,Davita,3,11,11,0,-0.074905612887,-0.0985280865125,-0.0236224736255,2026-08-10,2026-08-17,Davita moved from rank #11 to #11 within Outpatient and Home Providers at 3 months; return -7.5% to -9.9%.
within_category,stock,Outpatient and Home Providers,FMS,Fresenius,12,8,8,0,0.00830909846282,-0.0522328548644,-0.0605419533272,2026-08-10,2026-08-17,Fresenius moved from rank #8 to #8 within Outpatient and Home Providers at 12 months; return +0.8% to -5.2%.
within_category,stock,Outpatient and Home Providers,FMS,Fresenius,24,4,4,0,0.320457018498,0.25303110174,-0.067425916758,2026-08-10,2026-08-17,Fresenius moved from rank #4 to #4 within Outpatient and Home Providers at 24 months; return +32.0% to +25.3%.
within_category,stock,Outpatient and Home Providers,FMS,Fresenius,3,8,8,0,0.101679527916,0.100462962963,-0.001216564953,2026-08-10,2026-08-17,Fresenius moved from rank #8 to #8 within Outpatient and Home Providers at 3 months; return +10.2% to +10.0%.
within_category,stock,Outpatient and Home Providers,LFST,Lifestance Health,12,2,2,0,1.48054919908,1.28308823529,-0.19746096379,2026-08-10,2026-08-17,Lifestance Health moved from rank #2 to #2 within Outpatient and Home Providers at 12 months; return +148.1% to +128.3%.
within_category,stock,Outpatient and Home Providers,LFST,Lifestance Health,24,3,3,0,0.935714285714,1.1982300885,0.262515802786,2026-08-10,2026-08-17,Lifestance Health moved from rank #3 to #3 within Outpatient and Home Providers at 24 months; return +93.6% to +119.8%.
within_category,stock,Outpatient and Home Providers,LFST,Lifestance Health,3,2,1,1,0.407792207792,0.623529411765,0.215737203973,2026-08-10,2026-08-17,Lifestance Health moved from rank #2 to #1 within Outpatient and Home Providers at 3 months; return +40.8% to +62.4%.
within_category,stock,Outpatient and Home Providers,OPCH,Option Care Health,12,10,10,0,-0.156382978723,-0.154484463277,0.001898515446,2026-08-10,2026-08-17,Option Care Health moved from rank #10 to #10 within Outpatient and Home Providers at 12 months; return -15.6% to -15.4%.
within_category,stock,Outpatient and Home Providers,OPCH,Option Care Health,24,10,10,0,-0.202747989276,-0.236691106152,-0.033943116876,2026-08-10,2026-08-17,Option Care Health moved from rank #10 to #10 within Outpatient and Home Providers at 24 months; return -20.3% to -23.7%.
within_category,stock,Outpatient and Home Providers,OPCH,Option Care Health,3,6,5,1,0.159921989274,0.22669057377,0.066768584496,2026-08-10,2026-08-17,Option Care Health moved from rank #6 to #5 within Outpatient and Home Providers at 3 months; return +16.0% to +22.7%.
within_category,stock,Outpatient and Home Providers,PNTG,Pennant Group,12,4,4,0,0.5,0.556611243072,0.056611243072,2026-08-10,2026-08-17,Pennant Group moved from rank #4 to #4 within Outpatient and Home Providers at 12 months; return +50.0% to +55.7%.
within_category,stock,Outpatient and Home Providers,PNTG,Pennant Group,24,6,5,1,0.287553648069,0.238815374921,-0.048738273148,2026-08-10,2026-08-17,Pennant Group moved from rank #6 to #5 within Outpatient and Home Providers at 24 months; return +28.8% to +23.9%.
within_category,stock,Outpatient and Home Providers,PNTG,Pennant Group,3,9,7,2,0.0863509749304,0.106047819972,0.0196968450416,2026-08-10,2026-08-17,Pennant Group moved from rank #9 to #7 within Outpatient and Home Providers at 3 months; return +8.6% to +10.6%.
within_category,stock,Outpatient and Home Providers,SGRY,Surgery Partners,12,11,11,0,-0.343062605753,-0.340789473684,0.002273132069,2026-08-10,2026-08-17,Surgery Partners moved from rank #11 to #11 within Outpatient and Home Providers at 12 months; return -34.3% to -34.1%.
within_category,stock,Outpatient and Home Providers,SGRY,Surgery Partners,24,11,11,0,-0.477807666443,-0.482081323225,-0.004273656782,2026-08-10,2026-08-17,Surgery Partners moved from rank #11 to #11 within Outpatient and Home Providers at 24 months; return -47.8% to -48.2%.
within_category,stock,Outpatient and Home Providers,SGRY,Surgery Partners,3,10,9,1,0.0754847645429,0.0774193548387,0.0019345902958,2026-08-10,2026-08-17,Surgery Partners moved from rank #10 to #9 within Outpatient and Home Providers at 3 months; return +7.5% to +7.7%.
within_category,stock,Outpatient and Home Providers,USPH,US Physical Therapy,12,9,9,0,-0.0870209854015,-0.0529260899977,0.0340948954038,2026-08-10,2026-08-17,US Physical Therapy moved from rank #9 to #9 within Outpatient and Home Providers at 12 months; return -8.7% to -5.3%.
within_category,stock,Outpatient and Home Providers,USPH,US Physical Therapy,24,9,7,2,-0.0940470801268,-0.0352689704311,0.0587781096957,2026-08-10,2026-08-17,US Physical Therapy moved from rank #9 to #7 within Outpatient and Home Providers at 24 months; return -9.4% to -3.5%.
within_category,stock,Outpatient and Home Providers,USPH,US Physical Therapy,3,3,3,0,0.35014336313,0.293424613915,-0.056718749215,2026-08-10,2026-08-17,US Physical Therapy moved from rank #3 to #3 within Outpatient and Home Providers at 3 months; return +35.0% to +29.3%.
within_category,stock,Payers,ALHC,Alignment Health,12,10,10,0,-0.00964851826327,-0.0724252491694,-0.0627767309061,2026-08-10,2026-08-17,Alignment Health moved from rank #10 to #10 within Payers at 12 months; return -1.0% to -7.2%.
within_category,stock,Payers,ALHC,Alignment Health,24,3,4,-1,0.667053364269,0.604597701149,-0.06245566312,2026-08-10,2026-08-17,Alignment Health moved from rank #3 to #4 within Payers at 24 months; return +66.7% to +60.5%.
within_category,stock,Payers,ALHC,Alignment Health,3,10,10,0,-0.198549916341,-0.112523839797,0.086026076544,2026-08-10,2026-08-17,Alignment Health moved from rank #10 to #10 within Payers at 3 months; return -19.9% to -11.3%.
within_category,stock,Payers,CI,Cigna,12,9,9,0,0.0276100400146,-0.0481708549485,-0.0757808949631,2026-08-10,2026-08-17,Cigna moved from rank #9 to #9 within Payers at 12 months; return +2.8% to -4.8%.
within_category,stock,Payers,CI,Cigna,24,7,7,0,-0.159606116499,-0.174573498481,-0.014967381982,2026-08-10,2026-08-17,Cigna moved from rank #7 to #7 within Payers at 24 months; return -16.0% to -17.5%.
within_category,stock,Payers,CI,Cigna,3,9,9,0,-0.0193362493925,-0.00949977214569,0.00983647724681,2026-08-10,2026-08-17,Cigna moved from rank #9 to #9 within Payers at 3 months; return -1.9% to -0.9%.
within_category,stock,Payers,CLOV,Clover Health,12,2,3,-1,1.18348623853,0.735849056604,-0.447637181926,2026-08-10,2026-08-17,Clover Health moved from rank #2 to #3 within Payers at 12 months; return +118.3% to +73.6%.
within_category,stock,Payers,CLOV,Clover Health,24,1,3,-2,1.55913978495,0.625441696113,-0.933698088837,2026-08-10,2026-08-17,Clover Health moved from rank #1 to #3 within Payers at 24 months; return +155.9% to +62.5%.
within_category,stock,Payers,CLOV,Clover Health,3,1,2,-1,0.525641025641,0.325648414986,-0.199992610655,2026-08-10,2026-08-17,Clover Health moved from rank #1 to #2 within Payers at 3 months; return +52.6% to +32.6%.
within_category,stock,Payers,CNC,Centene,12,1,1,0,1.57014458773,1.3681993682,-0.20194521953,2026-08-10,2026-08-17,Centene moved from rank #1 to #1 within Payers at 12 months; return +157.0% to +136.8%.
within_category,stock,Payers,CNC,Centene,24,6,6,0,-0.134605263158,-0.136218153886,-0.001612890728,2026-08-10,2026-08-17,Centene moved from rank #6 to #6 within Payers at 24 months; return -13.5% to -13.6%.
within_category,stock,Payers,CNC,Centene,3,4,4,0,0.17530378842,0.157885704479,-0.017418083941,2026-08-10,2026-08-17,Centene moved from rank #4 to #4 within Payers at 3 months; return +17.5% to +15.8%.
within_category,stock,Payers,CVS,CVS Health,12,5,4,1,0.46017699115,0.416326530612,-0.043850460538,2026-08-10,2026-08-17,CVS Health moved from rank #5 to #4 within Payers at 12 months; return +46.0% to +41.6%.
within_category,stock,Payers,CVS,CVS Health,24,2,2,0,0.675713535283,0.665124250214,-0.010589285069,2026-08-10,2026-08-17,CVS Health moved from rank #2 to #2 within Payers at 24 months; return +67.6% to +66.5%.
within_category,stock,Payers,CVS,CVS Health,3,6,8,-2,0.0568746548868,0.0132443424758,-0.043630312411,2026-08-10,2026-08-17,CVS Health moved from rank #6 to #8 within Payers at 3 months; return +5.7% to +1.3%.
within_category,stock,Payers,ELV,Elevance,12,7,7,0,0.340861934079,0.293148560907,-0.047713373172,2026-08-10,2026-08-17,Elevance moved from rank #7 to #7 within Payers at 12 months; return +34.1% to +29.3%.
within_category,stock,Payers,ELV,Elevance,24,8,8,0,-0.259120040596,-0.263711605665,-0.004591565069,2026-08-10,2026-08-17,Elevance moved from rank #8 to #8 within Payers at 24 months; return -25.9% to -26.4%.
within_category,stock,Payers,ELV,Elevance,3,8,7,1,0.0426640569207,0.0194560456351,-0.0232080112856,2026-08-10,2026-08-17,Elevance moved from rank #8 to #7 within Payers at 3 months; return +4.3% to +1.9%.
within_category,stock,Payers,HUM,Humana,12,6,5,1,0.443677816109,0.35846223681,-0.085215579299,2026-08-10,2026-08-17,Humana moved from rank #6 to #5 within Payers at 12 months; return +44.4% to +35.8%.
within_category,stock,Payers,HUM,Humana,24,5,5,0,0.0973975999772,0.110429272748,0.0130316727708,2026-08-10,2026-08-17,Humana moved from rank #5 to #5 within Payers at 24 months; return +9.7% to +11.0%.
within_category,stock,Payers,HUM,Humana,3,2,3,-1,0.400203665988,0.275072102779,-0.125131563209,2026-08-10,2026-08-17,Humana moved from rank #2 to #3 within Payers at 3 months; return +40.0% to +27.5%.
within_category,stock,Payers,MOH,Molina Healthcare,12,8,8,0,0.252071383047,0.26831452624,0.016243143193,2026-08-10,2026-08-17,Molina Healthcare moved from rank #8 to #8 within Payers at 12 months; return +25.2% to +26.8%.
within_category,stock,Payers,MOH,Molina Healthcare,24,10,10,0,-0.419096339228,-0.393005114724,0.026091224504,2026-08-10,2026-08-17,Molina Healthcare moved from rank #10 to #10 within Payers at 24 months; return -41.9% to -39.3%.
within_category,stock,Payers,MOH,Molina Healthcare,3,7,5,2,0.0565236097666,0.148332342289,0.0918087325224,2026-08-10,2026-08-17,Molina Healthcare moved from rank #7 to #5 within Payers at 3 months; return +5.7% to +14.8%.
within_category,stock,Payers,OSCR,Oscar Health,12,3,2,1,0.804657179819,1.09462915601,0.289971976191,2026-08-10,2026-08-17,Oscar Health moved from rank #3 to #2 within Payers at 12 months; return +80.5% to +109.5%.
within_category,stock,Payers,OSCR,Oscar Health,24,4,1,3,0.545706371191,0.751871657754,0.206165286563,2026-08-10,2026-08-17,Oscar Health moved from rank #4 to #1 within Payers at 24 months; return +54.6% to +75.2%.
within_category,stock,Payers,OSCR,Oscar Health,3,3,1,2,0.309244486157,0.404802744425,0.095558258268,2026-08-10,2026-08-17,Oscar Health moved from rank #3 to #1 within Payers at 3 months; return +30.9% to +40.5%.
within_category,stock,Payers,UNH,UnitedHealth,12,4,6,-2,0.62254374427,0.321436794842,-0.301106949428,2026-08-10,2026-08-17,UnitedHealth moved from rank #4 to #6 within Payers at 12 months; return +62.3% to +32.1%.
within_category,stock,Payers,UNH,UnitedHealth,24,9,9,0,-0.271458228936,-0.304580390528,-0.033122161592,2026-08-10,2026-08-17,UnitedHealth moved from rank #9 to #9 within Payers at 24 months; return -27.1% to -30.5%.
within_category,stock,Payers,UNH,UnitedHealth,3,5,6,-1,0.0713195431338,0.0200076171131,-0.0513119260207,2026-08-10,2026-08-17,UnitedHealth moved from rank #5 to #6 within Payers at 3 months; return +7.1% to +2.0%.
within_category,stock,Pharma Distribution,AHCO,Accendra Health,12,5,5,0,-0.38084874864,-0.387453874539,-0.006605125899,2026-08-10,2026-08-17,Accendra Health moved from rank #5 to #5 within Pharma Distribution at 12 months; return -38.1% to -38.7%.
within_category,stock,Pharma Distribution,AHCO,Accendra Health,24,5,5,0,-0.395966029724,-0.444550669216,-0.048584639492,2026-08-10,2026-08-17,Accendra Health moved from rank #5 to #5 within Pharma Distribution at 24 months; return -39.6% to -44.5%.
within_category,stock,Pharma Distribution,AHCO,Accendra Health,3,5,5,0,-0.496460176991,-0.454971857411,0.04148831958,2026-08-10,2026-08-17,Accendra Health moved from rank #5 to #5 within Pharma Distribution at 3 months; return -49.6% to -45.5%.
within_category,stock,Pharma Distribution,CAH,Cardinal Health,12,1,1,0,0.501810558414,0.571886905955,0.070076347541,2026-08-10,2026-08-17,Cardinal Health moved from rank #1 to #1 within Pharma Distribution at 12 months; return +50.2% to +57.2%.
within_category,stock,Pharma Distribution,CAH,Cardinal Health,24,1,1,0,1.34826661369,1.14082840237,-0.20743821132,2026-08-10,2026-08-17,Cardinal Health moved from rank #1 to #1 within Pharma Distribution at 24 months; return +134.8% to +114.1%.
within_category,stock,Pharma Distribution,CAH,Cardinal Health,3,1,3,-2,0.287231146202,0.204764344262,-0.08246680194,2026-08-10,2026-08-17,Cardinal Health moved from rank #1 to #3 within Pharma Distribution at 3 months; return +28.7% to +20.5%.
within_category,stock,Pharma Distribution,COR,Cencora,12,4,4,0,0.123908392663,0.0717164128133,-0.0521919798497,2026-08-10,2026-08-17,Cencora moved from rank #4 to #4 within Pharma Distribution at 12 months; return +12.4% to +7.2%.
within_category,stock,Pharma Distribution,COR,Cencora,24,3,3,0,0.347773057997,0.317962286338,-0.029810771659,2026-08-10,2026-08-17,Cencora moved from rank #3 to #3 within Pharma Distribution at 24 months; return +34.8% to +31.8%.
within_category,stock,Pharma Distribution,COR,Cencora,3,3,2,1,0.227439865175,0.2177253502,-0.009714514975,2026-08-10,2026-08-17,Cencora moved from rank #3 to #2 within Pharma Distribution at 3 months; return +22.7% to +21.8%.
within_category,stock,Pharma Distribution,HSIC,Henry Schein,12,2,2,0,0.336518046709,0.323260613208,-0.013257433501,2026-08-10,2026-08-17,Henry Schein moved from rank #2 to #2 within Pharma Distribution at 12 months; return +33.7% to +32.3%.
within_category,stock,Pharma Distribution,HSIC,Henry Schein,24,4,4,0,0.278357992457,0.28628743373,0.007929441273,2026-08-10,2026-08-17,Henry Schein moved from rank #4 to #4 within Pharma Distribution at 24 months; return +27.8% to +28.6%.
within_category,stock,Pharma Distribution,HSIC,Henry Schein,3,2,1,1,0.244422479526,0.234460946095,-0.009961533431,2026-08-10,2026-08-17,Henry Schein moved from rank #2 to #1 within Pharma Distribution at 3 months; return +24.4% to +23.4%.
within_category,stock,Pharma Distribution,MCK,McKesson,12,3,3,0,0.300637171318,0.29113735978,-0.009499811538,2026-08-10,2026-08-17,McKesson moved from rank #3 to #3 within Pharma Distribution at 12 months; return +30.1% to +29.1%.
within_category,stock,Pharma Distribution,MCK,McKesson,24,2,2,0,0.606911207613,0.586606050647,-0.020305156966,2026-08-10,2026-08-17,McKesson moved from rank #2 to #2 within Pharma Distribution at 24 months; return +60.7% to +58.7%.
within_category,stock,Pharma Distribution,MCK,McKesson,3,4,4,0,0.181350106645,0.142564129534,-0.038785977111,2026-08-10,2026-08-17,McKesson moved from rank #4 to #4 within Pharma Distribution at 3 months; return +18.1% to +14.3%.
within_category,stock,Precision Diagnostics,BLLN,BillionToOne,12,,,,,,,2026-08-10,2026-08-17,BillionToOne moved from rank unavailable within Precision Diagnostics at 12 months; return unavailable.
within_category,stock,Precision Diagnostics,BLLN,BillionToOne,24,,,,,,,2026-08-10,2026-08-17,BillionToOne moved from rank unavailable within Precision Diagnostics at 24 months; return unavailable.
within_category,stock,Precision Diagnostics,BLLN,BillionToOne,3,11,11,0,0.0046256454389,0.129492920247,0.124867274808,2026-08-10,2026-08-17,BillionToOne moved from rank #11 to #11 within Precision Diagnostics at 3 months; return +0.5% to +12.9%.
within_category,stock,Precision Diagnostics,CERT,Certara,12,10,9,1,-0.250457038391,-0.274047186933,-0.023590148542,2026-08-10,2026-08-17,Certara moved from rank #10 to #9 within Precision Diagnostics at 12 months; return -25.0% to -27.4%.
within_category,stock,Precision Diagnostics,CERT,Certara,24,10,10,0,-0.344524380496,-0.335548172757,0.008976207739,2026-08-10,2026-08-17,Certara moved from rank #10 to #10 within Precision Diagnostics at 24 months; return -34.5% to -33.6%.
within_category,stock,Precision Diagnostics,CERT,Certara,3,6,3,3,0.299524564184,0.785714285714,0.48618972153,2026-08-10,2026-08-17,Certara moved from rank #6 to #3 within Precision Diagnostics at 3 months; return +30.0% to +78.6%.
within_category,stock,Precision Diagnostics,DGX,Quest Diagnostics,12,6,6,0,0.346914556962,0.303888301719,-0.043026255243,2026-08-10,2026-08-17,Quest Diagnostics moved from rank #6 to #6 within Precision Diagnostics at 12 months; return +34.7% to +30.4%.
within_category,stock,Precision Diagnostics,DGX,Quest Diagnostics,24,4,4,0,0.596343178622,0.548421191703,-0.047921986919,2026-08-10,2026-08-17,Quest Diagnostics moved from rank #4 to #4 within Precision Diagnostics at 24 months; return +59.6% to +54.8%.
within_category,stock,Precision Diagnostics,DGX,Quest Diagnostics,3,7,9,-2,0.271946208442,0.25609560045,-0.015850607992,2026-08-10,2026-08-17,Quest Diagnostics moved from rank #7 to #9 within Precision Diagnostics at 3 months; return +27.2% to +25.6%.
within_category,stock,Precision Diagnostics,GH,Guardant Health,12,2,2,0,2.10676747188,1.67000679348,-0.4367606784,2026-08-10,2026-08-17,Guardant Health moved from rank #2 to #2 within Precision Diagnostics at 12 months; return +210.7% to +167.0%.
within_category,stock,Precision Diagnostics,GH,Guardant Health,24,1,1,0,4.80965517241,4.62468694097,-0.18496823144,2026-08-10,2026-08-17,Guardant Health moved from rank #1 to #1 within Precision Diagnostics at 24 months; return +481.0% to +462.5%.
within_category,stock,Precision Diagnostics,GH,Guardant Health,3,3,5,-2,0.760501567398,0.656236831016,-0.104264736382,2026-08-10,2026-08-17,Guardant Health moved from rank #3 to #5 within Precision Diagnostics at 3 months; return +76.1% to +65.6%.
within_category,stock,Precision Diagnostics,ILMN,Illumina,12,5,4,1,0.987732656514,0.906802517231,-0.080930139283,2026-08-10,2026-08-17,Illumina moved from rank #5 to #4 within Precision Diagnostics at 12 months; return +98.8% to +90.7%.
within_category,stock,Precision Diagnostics,ILMN,Illumina,24,5,5,0,0.521204273228,0.464891412785,-0.056312860443,2026-08-10,2026-08-17,Illumina moved from rank #5 to #5 within Precision Diagnostics at 24 months; return +52.1% to +46.5%.
within_category,stock,Precision Diagnostics,ILMN,Illumina,3,5,7,-2,0.324781505498,0.339203030728,0.01442152523,2026-08-10,2026-08-17,Illumina moved from rank #5 to #7 within Precision Diagnostics at 3 months; return +32.5% to +33.9%.
within_category,stock,Precision Diagnostics,LH,Labcorp Holdings,12,7,7,0,0.200564227948,0.176603299061,-0.023960928887,2026-08-10,2026-08-17,Labcorp Holdings moved from rank #7 to #7 within Precision Diagnostics at 12 months; return +20.1% to +17.7%.
within_category,stock,Precision Diagnostics,LH,Labcorp Holdings,24,6,6,0,0.409387971386,0.398373626374,-0.011014345012,2026-08-10,2026-08-17,Labcorp Holdings moved from rank #6 to #6 within Precision Diagnostics at 24 months; return +40.9% to +39.8%.
within_category,stock,Precision Diagnostics,LH,Labcorp Holdings,3,8,8,0,0.255981426098,0.270487220447,0.014505794349,2026-08-10,2026-08-17,Labcorp Holdings moved from rank #8 to #8 within Precision Diagnostics at 3 months; return +25.6% to +27.0%.
within_category,stock,Precision Diagnostics,NEO,NeoGenomics,12,3,3,0,1.85689655172,1.56682769726,-0.29006885446,2026-08-10,2026-08-17,NeoGenomics moved from rank #3 to #3 within Precision Diagnostics at 12 months; return +185.7% to +156.7%.
within_category,stock,Precision Diagnostics,NEO,NeoGenomics,24,8,8,0,0.0012084592145,-0.0148331273177,-0.0160415865322,2026-08-10,2026-08-17,NeoGenomics moved from rank #8 to #8 within Precision Diagnostics at 24 months; return +0.1% to -1.5%.
within_category,stock,Precision Diagnostics,NEO,NeoGenomics,3,2,2,0,0.849330357143,0.934466019417,0.085135662274,2026-08-10,2026-08-17,NeoGenomics moved from rank #2 to #2 within Precision Diagnostics at 3 months; return +84.9% to +93.4%.
within_category,stock,Precision Diagnostics,NTRA,Natera,12,4,5,-1,1.11977624218,0.901177769599,-0.218598472581,2026-08-10,2026-08-17,Natera moved from rank #4 to #5 within Precision Diagnostics at 12 months; return +112.0% to +90.1%.
within_category,stock,Precision Diagnostics,NTRA,Natera,24,2,3,-1,1.81138168805,1.49983868366,-0.31154300439,2026-08-10,2026-08-17,Natera moved from rank #2 to #3 within Precision Diagnostics at 24 months; return +181.1% to +150.0%.
within_category,stock,Precision Diagnostics,NTRA,Natera,3,4,4,0,0.658257825371,0.663071474565,0.004813649194,2026-08-10,2026-08-17,Natera moved from rank #4 to #4 within Precision Diagnostics at 3 months; return +65.8% to +66.3%.
within_category,stock,Precision Diagnostics,PACB,PacBio,12,8,8,0,-0.122222222222,-0.12213740458,8.4817642e-05,2026-08-10,2026-08-17,PacBio moved from rank #8 to #8 within Precision Diagnostics at 12 months; return -12.2% to -12.2%.
within_category,stock,Precision Diagnostics,PACB,PacBio,24,9,9,0,-0.254716981132,-0.262820512821,-0.008103531689,2026-08-10,2026-08-17,PacBio moved from rank #9 to #9 within Precision Diagnostics at 24 months; return -25.5% to -26.3%.
within_category,stock,Precision Diagnostics,PACB,PacBio,3,12,12,0,-0.159574468085,0.0267857142857,0.186360182371,2026-08-10,2026-08-17,PacBio moved from rank #12 to #12 within Precision Diagnostics at 3 months; return -16.0% to +2.7%.
within_category,stock,Precision Diagnostics,QDEL,QuidelOrtho,12,11,11,0,-0.486198243413,-0.44851523332,0.037683010093,2026-08-10,2026-08-17,QuidelOrtho moved from rank #11 to #11 within Precision Diagnostics at 12 months; return -48.6% to -44.9%.
within_category,stock,Precision Diagnostics,QDEL,QuidelOrtho,24,11,11,0,-0.704829408938,-0.674556213018,0.03027319592,2026-08-10,2026-08-17,QuidelOrtho moved from rank #11 to #11 within Precision Diagnostics at 24 months; return -70.5% to -67.5%.
within_category,stock,Precision Diagnostics,QDEL,QuidelOrtho,3,9,6,3,0.1375,0.385658914729,0.248158914729,2026-08-10,2026-08-17,QuidelOrtho moved from rank #9 to #6 within Precision Diagnostics at 3 months; return +13.8% to +38.6%.
within_category,stock,Precision Diagnostics,TEM,Tempus AI,12,9,10,-1,-0.144898965007,-0.293846570886,-0.148947605879,2026-08-10,2026-08-17,Tempus AI moved from rank #9 to #10 within Precision Diagnostics at 12 months; return -14.5% to -29.4%.
within_category,stock,Precision Diagnostics,TEM,Tempus AI,24,7,7,0,0.343225806452,0.0239779874214,-0.319247819031,2026-08-10,2026-08-17,Tempus AI moved from rank #7 to #7 within Precision Diagnostics at 24 months; return +34.3% to +2.4%.
within_category,stock,Precision Diagnostics,TEM,Tempus AI,3,10,10,0,0.0439229843562,0.185977691782,0.142054707426,2026-08-10,2026-08-17,Tempus AI moved from rank #10 to #10 within Precision Diagnostics at 3 months; return +4.4% to +18.6%.
within_category,stock,Precision Diagnostics,TXG,10x Genomics,12,1,1,0,3.23352318959,3.19835329341,-0.03516989618,2026-08-10,2026-08-17,10x Genomics moved from rank #1 to #1 within Precision Diagnostics at 12 months; return +323.4% to +319.8%.
within_category,stock,Precision Diagnostics,TXG,10x Genomics,24,3,2,1,1.54674498287,1.57885057471,0.03210559184,2026-08-10,2026-08-17,10x Genomics moved from rank #3 to #2 within Precision Diagnostics at 24 months; return +154.7% to +157.9%.
within_category,stock,Precision Diagnostics,TXG,10x Genomics,3,1,1,0,1.4087962963,1.64575471698,0.23695842068,2026-08-10,2026-08-17,10x Genomics moved from rank #1 to #1 within Precision Diagnostics at 3 months; return +140.9% to +164.6%.
within_category,stock,Value-Based Care,AGL,Agilon Health,12,1,1,0,3.37316849817,2.49189189189,-0.88127660628,2026-08-10,2026-08-17,Agilon Health moved from rank #1 to #1 within Value-Based Care at 12 months; return +337.3% to +249.2%.
within_category,stock,Value-Based Care,AGL,Agilon Health,24,3,3,0,-0.307898550725,-0.200824742268,0.107073808457,2026-08-10,2026-08-17,Agilon Health moved from rank #3 to #3 within Value-Based Care at 24 months; return -30.8% to -20.1%.
within_category,stock,Value-Based Care,AGL,Agilon Health,3,2,1,1,0.761202286557,0.185611158693,-0.575591127864,2026-08-10,2026-08-17,Agilon Health moved from rank #2 to #1 within Value-Based Care at 3 months; return +76.1% to +18.6%.
within_category,stock,Value-Based Care,ASTH,Astrana Health,12,3,3,0,0.273504273504,0.391408114558,0.117903841054,2026-08-10,2026-08-17,Astrana Health moved from rank #3 to #3 within Value-Based Care at 12 months; return +27.4% to +39.1%.
within_category,stock,Value-Based Care,ASTH,Astrana Health,24,2,2,0,-0.253600500939,-0.153846153846,0.099754347093,2026-08-10,2026-08-17,Astrana Health moved from rank #2 to #2 within Value-Based Care at 24 months; return -25.4% to -15.4%.
within_category,stock,Value-Based Care,ASTH,Astrana Health,3,5,3,2,-0.0900763358779,0.0666492420282,0.156725577906,2026-08-10,2026-08-17,Astrana Health moved from rank #5 to #3 within Value-Based Care at 3 months; return -9.0% to +6.7%.
within_category,stock,Value-Based Care,EVH,Evolent Health,12,5,5,0,-0.561111111111,-0.496774193548,0.064336917563,2026-08-10,2026-08-17,Evolent Health moved from rank #5 to #5 within Value-Based Care at 12 months; return -56.1% to -49.7%.
within_category,stock,Value-Based Care,EVH,Evolent Health,24,5,5,0,-0.850378787879,-0.829072315559,0.02130647232,2026-08-10,2026-08-17,Evolent Health moved from rank #5 to #5 within Value-Based Care at 24 months; return -85.0% to -82.9%.
within_category,stock,Value-Based Care,EVH,Evolent Health,3,4,2,2,-0.055023923445,0.181818181818,0.236842105263,2026-08-10,2026-08-17,Evolent Health moved from rank #4 to #2 within Value-Based Care at 3 months; return -5.5% to +18.2%.
within_category,stock,Value-Based Care,PIII,P3 Health,12,2,2,0,0.728358208955,0.577121771218,-0.151236437737,2026-08-10,2026-08-17,P3 Health moved from rank #2 to #2 within Value-Based Care at 12 months; return +72.8% to +57.7%.
within_category,stock,Value-Based Care,PIII,P3 Health,24,4,4,0,-0.618325642716,-0.643119572478,-0.024793929762,2026-08-10,2026-08-17,P3 Health moved from rank #4 to #4 within Value-Based Care at 24 months; return -61.8% to -64.3%.
within_category,stock,Value-Based Care,PIII,P3 Health,3,1,5,-4,2.26390259026,-0.0535872453499,-2.31748983561,2026-08-10,2026-08-17,P3 Health moved from rank #1 to #5 within Value-Based Care at 3 months; return +226.4% to -5.4%.
within_category,stock,Value-Based Care,PRVA,Privia Health Group,12,4,4,0,0.0908649173955,0.0343206393982,-0.0565442779973,2026-08-10,2026-08-17,Privia Health Group moved from rank #4 to #4 within Value-Based Care at 12 months; return +9.1% to +3.4%.
within_category,stock,Value-Based Care,PRVA,Privia Health Group,24,1,1,0,0.177241740954,0.105527638191,-0.071714102763,2026-08-10,2026-08-17,Privia Health Group moved from rank #1 to #1 within Value-Based Care at 24 months; return +17.7% to +10.6%.
within_category,stock,Value-Based Care,PRVA,Privia Health Group,3,3,4,-1,-0.0264527320035,-0.041394335512,-0.0149416035085,2026-08-10,2026-08-17,Privia Health Group moved from rank #3 to #4 within Value-Based Care at 3 months; return -2.6% to -4.1%.
overall_stock,stock,,ACHC,Acadia Healthcare,3,27,35,-8,0.252184273233,0.19449825649,-0.057686016743,2026-08-10,2026-08-17,Acadia Healthcare moved from rank #27 to #35 across the watchlist at 3 months; return +25.2% to +19.4%.
overall_stock,stock,,ACHC,Acadia Healthcare,12,16,22,-6,0.638773388773,0.469494756911,-0.169278631862,2026-08-10,2026-08-17,Acadia Healthcare moved from rank #16 to #22 across the watchlist at 12 months; return +63.9% to +46.9%.
overall_stock,stock,,ACHC,Acadia Healthcare,24,74,74,0,-0.559513830679,-0.586007788371,-0.026493957692,2026-08-10,2026-08-17,Acadia Healthcare moved from rank #74 to #74 across the watchlist at 24 months; return -56.0% to -58.6%.
overall_stock,stock,,ADUS,Addus HomeCare,3,32,25,7,0.201968464397,0.275664981315,0.073696516918,2026-08-10,2026-08-17,Addus HomeCare moved from rank #32 to #25 across the watchlist at 3 months; return +20.2% to +27.6%.
overall_stock,stock,,ADUS,Addus HomeCare,12,51,54,-3,0.0861239676922,0.00825297541482,-0.0778709922774,2026-08-10,2026-08-17,Addus HomeCare moved from rank #51 to #54 across the watchlist at 12 months; return +8.6% to +0.8%.
overall_stock,stock,,ADUS,Addus HomeCare,24,50,52,-2,-0.0397175639894,-0.116406547392,-0.0766889834026,2026-08-10,2026-08-17,Addus HomeCare moved from rank #50 to #52 across the watchlist at 24 months; return -4.0% to -11.6%.
overall_stock,stock,,AGL,Agilon Health,3,4,39,-35,0.761202286557,0.185611158693,-0.575591127864,2026-08-10,2026-08-17,Agilon Health moved from rank #4 to #39 across the watchlist at 3 months; return +76.1% to +18.6%.
overall_stock,stock,,AGL,Agilon Health,12,1,3,-2,3.37316849817,2.49189189189,-0.88127660628,2026-08-10,2026-08-17,Agilon Health moved from rank #1 to #3 across the watchlist at 12 months; return +337.3% to +249.2%.
overall_stock,stock,,AGL,Agilon Health,24,64,57,7,-0.307898550725,-0.200824742268,0.107073808457,2026-08-10,2026-08-17,Agilon Health moved from rank #64 to #57 across the watchlist at 24 months; return -30.8% to -20.1%.
overall_stock,stock,,AHCO,Accendra Health,3,82,82,0,-0.496460176991,-0.454971857411,0.04148831958,2026-08-10,2026-08-17,Accendra Health moved from rank #82 to #82 across the watchlist at 3 months; return -49.6% to -45.5%.
overall_stock,stock,,AHCO,Accendra Health,12,71,72,-1,-0.38084874864,-0.387453874539,-0.006605125899,2026-08-10,2026-08-17,Accendra Health moved from rank #71 to #72 across the watchlist at 12 months; return -38.1% to -38.7%.
overall_stock,stock,,AHCO,Accendra Health,24,68,69,-1,-0.395966029724,-0.444550669216,-0.048584639492,2026-08-10,2026-08-17,Accendra Health moved from rank #68 to #69 across the watchlist at 24 months; return -39.6% to -44.5%.
overall_stock,stock,,ALHC,Alignment Health,3,78,76,2,-0.198549916341,-0.112523839797,0.086026076544,2026-08-10,2026-08-17,Alignment Health moved from rank #78 to #76 across the watchlist at 3 months; return -19.9% to -11.3%.
overall_stock,stock,,ALHC,Alignment Health,12,61,61,0,-0.00964851826327,-0.0724252491694,-0.0627767309061,2026-08-10,2026-08-17,Alignment Health moved from rank #61 to #61 across the watchlist at 12 months; return -1.0% to -7.2%.
overall_stock,stock,,ALHC,Alignment Health,24,15,16,-1,0.667053364269,0.604597701149,-0.06245566312,2026-08-10,2026-08-17,Alignment Health moved from rank #15 to #16 across the watchlist at 24 months; return +66.7% to +60.5%.
overall_stock,stock,,AMWL,Amwell,3,6,6,0,0.696361355082,0.64464993395,-0.051711421132,2026-08-10,2026-08-17,Amwell moved from rank #6 to #6 across the watchlist at 3 months; return +69.6% to +64.5%.
overall_stock,stock,,AMWL,Amwell,12,13,13,0,0.857142857143,0.741258741259,-0.115884115884,2026-08-10,2026-08-17,Amwell moved from rank #13 to #13 across the watchlist at 12 months; return +85.7% to +74.1%.
overall_stock,stock,,AMWL,Amwell,24,17,23,-6,0.601895734597,0.437644341801,-0.164251392796,2026-08-10,2026-08-17,Amwell moved from rank #17 to #23 across the watchlist at 24 months; return +60.2% to +43.8%.
overall_stock,stock,,ARDT,Ardent Health Partners,3,38,51,-13,0.142433234421,0.080198019802,-0.062235214619,2026-08-10,2026-08-17,Ardent Health Partners moved from rank #38 to #51 across the watchlist at 3 months; return +14.2% to +8.0%.
overall_stock,stock,,ARDT,Ardent Health Partners,12,62,64,-2,-0.0285954583684,-0.125801282051,-0.0972058236826,2026-08-10,2026-08-17,Ardent Health Partners moved from rank #62 to #64 across the watchlist at 12 months; return -2.9% to -12.6%.
overall_stock,stock,,ARDT,Ardent Health Partners,24,62,66,-4,-0.261508951407,-0.355962219599,-0.094453268192,2026-08-10,2026-08-17,Ardent Health Partners moved from rank #62 to #66 across the watchlist at 24 months; return -26.2% to -35.6%.
overall_stock,stock,,ASTH,Astrana Health,3,74,55,19,-0.0900763358779,0.0666492420282,0.156725577906,2026-08-10,2026-08-17,Astrana Health moved from rank #74 to #55 across the watchlist at 3 months; return -9.0% to +6.7%.
overall_stock,stock,,ASTH,Astrana Health,12,34,25,9,0.273504273504,0.391408114558,0.117903841054,2026-08-10,2026-08-17,Astrana Health moved from rank #34 to #25 across the watchlist at 12 months; return +27.4% to +39.1%.
overall_stock,stock,,ASTH,Astrana Health,24,59,55,4,-0.253600500939,-0.153846153846,0.099754347093,2026-08-10,2026-08-17,Astrana Health moved from rank #59 to #55 across the watchlist at 24 months; return -25.4% to -15.4%.
overall_stock,stock,,AVAH,Aveanna Healthcare,3,12,8,4,0.408011869436,0.59585492228,0.187843052844,2026-08-10,2026-08-17,Aveanna Healthcare moved from rank #12 to #8 across the watchlist at 3 months; return +40.8% to +59.6%.
overall_stock,stock,,AVAH,Aveanna Healthcare,12,20,14,6,0.545602605863,0.74011299435,0.194510388487,2026-08-10,2026-08-17,Aveanna Healthcare moved from rank #20 to #14 across the watchlist at 12 months; return +54.6% to +74.0%.
overall_stock,stock,,AVAH,Aveanna Healthcare,24,9,6,3,1.01486199575,1.47887323944,0.46401124369,2026-08-10,2026-08-17,Aveanna Healthcare moved from rank #9 to #6 across the watchlist at 24 months; return +101.5% to +147.9%.
overall_stock,stock,,BLLN,BillionToOne,3,65,46,19,0.0046256454389,0.129492920247,0.124867274808,2026-08-10,2026-08-17,BillionToOne moved from rank #65 to #46 across the watchlist at 3 months; return +0.5% to +12.9%.
overall_stock,stock,,BLLN,BillionToOne,12,,,,,,,2026-08-10,2026-08-17,BillionToOne moved from rank unavailable across the watchlist at 12 months; return unavailable.
overall_stock,stock,,BLLN,BillionToOne,24,,,,,,,2026-08-10,2026-08-17,BillionToOne moved from rank unavailable across the watchlist at 24 months; return unavailable.
overall_stock,stock,,BTSG,BrightSpring Health Services,3,39,56,-17,0.138610249863,0.0658031088083,-0.0728071410547,2026-08-10,2026-08-17,BrightSpring Health Services moved from rank #39 to #56 across the watchlist at 3 months; return +13.9% to +6.6%.
overall_stock,stock,,BTSG,BrightSpring Health Services,12,5,4,1,2.00433108758,1.75,-0.25433108758,2026-08-10,2026-08-17,BrightSpring Health Services moved from rank #5 to #4 across the watchlist at 12 months; return +200.4% to +175.0%.
overall_stock,stock,,BTSG,BrightSpring Health Services,24,2,2,0,4.40987868284,4.13821815154,-0.2716605313,2026-08-10,2026-08-17,BrightSpring Health Services moved from rank #2 to #2 across the watchlist at 24 months; return +441.0% to +413.8%.
overall_stock,stock,,CAH,Cardinal Health,3,23,34,-11,0.287231146202,0.204764344262,-0.08246680194,2026-08-10,2026-08-17,Cardinal Health moved from rank #23 to #34 across the watchlist at 3 months; return +28.7% to +20.5%.
overall_stock,stock,,CAH,Cardinal Health,12,21,17,4,0.501810558414,0.571886905955,0.070076347541,2026-08-10,2026-08-17,Cardinal Health moved from rank #21 to #17 across the watchlist at 12 months; return +50.2% to +57.2%.
overall_stock,stock,,CAH,Cardinal Health,24,7,8,-1,1.34826661369,1.14082840237,-0.20743821132,2026-08-10,2026-08-17,Cardinal Health moved from rank #7 to #8 across the watchlist at 24 months; return +134.8% to +114.1%.
overall_stock,stock,,CCSI,Consensus Cloud Solutions,3,60,18,42,0.0335294117647,0.37959039548,0.346060983715,2026-08-10,2026-08-17,Consensus Cloud Solutions moved from rank #60 to #18 across the watchlist at 3 months; return +3.4% to +38.0%.
overall_stock,stock,,CCSI,Consensus Cloud Solutions,12,23,21,2,0.473993288591,0.509659969088,0.035666680497,2026-08-10,2026-08-17,Consensus Cloud Solutions moved from rank #23 to #21 across the watchlist at 12 months; return +47.4% to +51.0%.
overall_stock,stock,,CCSI,Consensus Cloud Solutions,24,12,10,2,0.768495218923,0.937035200793,0.16853998187,2026-08-10,2026-08-17,Consensus Cloud Solutions moved from rank #12 to #10 across the watchlist at 24 months; return +76.8% to +93.7%.
overall_stock,stock,,CERT,Certara,3,22,3,19,0.299524564184,0.785714285714,0.48618972153,2026-08-10,2026-08-17,Certara moved from rank #22 to #3 across the watchlist at 3 months; return +30.0% to +78.6%.
overall_stock,stock,,CERT,Certara,12,68,67,1,-0.250457038391,-0.274047186933,-0.023590148542,2026-08-10,2026-08-17,Certara moved from rank #68 to #67 across the watchlist at 12 months; return -25.0% to -27.4%.
overall_stock,stock,,CERT,Certara,24,66,64,2,-0.344524380496,-0.335548172757,0.008976207739,2026-08-10,2026-08-17,Certara moved from rank #66 to #64 across the watchlist at 24 months; return -34.5% to -33.6%.
overall_stock,stock,,CHE,Chemed (Vitas),3,21,32,-11,0.302786027436,0.226336501507,-0.076449525929,2026-08-10,2026-08-17,Chemed (Vitas) moved from rank #21 to #32 across the watchlist at 3 months; return +30.3% to +22.6%.
overall_stock,stock,,CHE,Chemed (Vitas),12,35,38,-3,0.269657501206,0.19718721215,-0.072470289056,2026-08-10,2026-08-17,Chemed (Vitas) moved from rank #35 to #38 across the watchlist at 12 months; return +27.0% to +19.7%.
overall_stock,stock,,CHE,Chemed (Vitas),24,51,51,0,-0.0471330552012,-0.0753106128965,-0.0281775576953,2026-08-10,2026-08-17,Chemed (Vitas) moved from rank #51 to #51 across the watchlist at 24 months; return -4.7% to -7.5%.
overall_stock,stock,,CI,Cigna,3,69,66,3,-0.0193362493925,-0.00949977214569,0.00983647724681,2026-08-10,2026-08-17,Cigna moved from rank #69 to #66 across the watchlist at 3 months; return -1.9% to -0.9%.
overall_stock,stock,,CI,Cigna,12,55,58,-3,0.0276100400146,-0.0481708549485,-0.0757808949631,2026-08-10,2026-08-17,Cigna moved from rank #55 to #58 across the watchlist at 12 months; return +2.8% to -4.8%.
overall_stock,stock,,CI,Cigna,24,55,56,-1,-0.159606116499,-0.174573498481,-0.014967381982,2026-08-10,2026-08-17,Cigna moved from rank #55 to #56 across the watchlist at 24 months; return -16.0% to -17.5%.
overall_stock,stock,,CLOV,Clover Health,3,9,22,-13,0.525641025641,0.325648414986,-0.199992610655,2026-08-10,2026-08-17,Clover Health moved from rank #9 to #22 across the watchlist at 3 months; return +52.6% to +32.6%.
overall_stock,stock,,CLOV,Clover Health,12,9,15,-6,1.18348623853,0.735849056604,-0.447637181926,2026-08-10,2026-08-17,Clover Health moved from rank #9 to #15 across the watchlist at 12 months; return +118.3% to +73.6%.
overall_stock,stock,,CLOV,Clover Health,24,5,15,-10,1.55913978495,0.625441696113,-0.933698088837,2026-08-10,2026-08-17,Clover Health moved from rank #5 to #15 across the watchlist at 24 months; return +155.9% to +62.5%.
overall_stock,stock,,CNC,Centene,3,36,42,-6,0.17530378842,0.157885704479,-0.017418083941,2026-08-10,2026-08-17,Centene moved from rank #36 to #42 across the watchlist at 3 months; return +17.5% to +15.8%.
overall_stock,stock,,CNC,Centene,12,7,7,0,1.57014458773,1.3681993682,-0.20194521953,2026-08-10,2026-08-17,Centene moved from rank #7 to #7 across the watchlist at 12 months; return +157.0% to +136.8%.
overall_stock,stock,,CNC,Centene,24,54,54,0,-0.134605263158,-0.136218153886,-0.001612890728,2026-08-10,2026-08-17,Centene moved from rank #54 to #54 across the watchlist at 24 months; return -13.5% to -13.6%.
overall_stock,stock,,CON,Concentra Group,3,11,19,-8,0.409768211921,0.369540007731,-0.04022820419,2026-08-10,2026-08-17,Concentra Group moved from rank #11 to #19 across the watchlist at 3 months; return +41.0% to +37.0%.
overall_stock,stock,,CON,Concentra Group,12,19,20,-1,0.575393154487,0.524526678141,-0.050866476346,2026-08-10,2026-08-17,Concentra Group moved from rank #19 to #20 across the watchlist at 12 months; return +57.5% to +52.5%.
overall_stock,stock,,CON,Concentra Group,24,22,20,2,0.484742807323,0.513455788125,0.028712980802,2026-08-10,2026-08-17,Concentra Group moved from rank #22 to #20 across the watchlist at 24 months; return +48.5% to +51.3%.
overall_stock,stock,,COR,Cencora,3,31,33,-2,0.227439865175,0.2177253502,-0.009714514975,2026-08-10,2026-08-17,Cencora moved from rank #31 to #33 across the watchlist at 3 months; return +22.7% to +21.8%.
overall_stock,stock,,COR,Cencora,12,49,49,0,0.123908392663,0.0717164128133,-0.0521919798497,2026-08-10,2026-08-17,Cencora moved from rank #49 to #49 across the watchlist at 12 months; return +12.4% to +7.2%.
overall_stock,stock,,COR,Cencora,24,29,28,1,0.347773057997,0.317962286338,-0.029810771659,2026-08-10,2026-08-17,Cencora moved from rank #29 to #28 across the watchlist at 24 months; return +34.8% to +31.8%.
overall_stock,stock,,CTRE,CareTrust REIT,3,67,74,-7,-0.00913461538462,-0.0576081672338,-0.0484735518492,2026-08-10,2026-08-17,CareTrust REIT moved from rank #67 to #74 across the watchlist at 3 months; return -0.9% to -5.8%.
overall_stock,stock,,CTRE,CareTrust REIT,12,37,43,-6,0.252887537994,0.143657817109,-0.109229720885,2026-08-10,2026-08-17,CareTrust REIT moved from rank #37 to #43 across the watchlist at 12 months; return +25.3% to +14.4%.
overall_stock,stock,,CTRE,CareTrust REIT,24,23,27,-4,0.481135465325,0.393100970176,-0.088034495149,2026-08-10,2026-08-17,CareTrust REIT moved from rank #23 to #27 across the watchlist at 24 months; return +48.1% to +39.3%.
overall_stock,stock,,CVS,CVS Health,3,55,63,-8,0.0568746548868,0.0132443424758,-0.043630312411,2026-08-10,2026-08-17,CVS Health moved from rank #55 to #63 across the watchlist at 3 months; return +5.7% to +1.3%.
overall_stock,stock,,CVS,CVS Health,12,24,24,0,0.46017699115,0.416326530612,-0.043850460538,2026-08-10,2026-08-17,CVS Health moved from rank #24 to #24 across the watchlist at 12 months; return +46.0% to +41.6%.
overall_stock,stock,,CVS,CVS Health,24,14,14,0,0.675713535283,0.665124250214,-0.010589285069,2026-08-10,2026-08-17,CVS Health moved from rank #14 to #14 across the watchlist at 24 months; return +67.6% to +66.5%.
overall_stock,stock,,CYH,Community Health Systems,3,51,57,-6,0.0752688172043,0.063829787234,-0.0114390299703,2026-08-10,2026-08-17,Community Health Systems moved from rank #51 to #57 across the watchlist at 3 months; return +7.5% to +6.4%.
overall_stock,stock,,CYH,Community Health Systems,12,42,47,-5,0.204819277108,0.0989010989011,-0.105918178207,2026-08-10,2026-08-17,Community Health Systems moved from rank #42 to #47 across the watchlist at 12 months; return +20.5% to +9.9%.
overall_stock,stock,,CYH,Community Health Systems,24,67,68,-1,-0.380165289256,-0.40119760479,-0.021032315534,2026-08-10,2026-08-17,Community Health Systems moved from rank #67 to #68 across the watchlist at 24 months; return -38.0% to -40.1%.
overall_stock,stock,,DGX,Quest Diagnostics,3,24,29,-5,0.271946208442,0.25609560045,-0.015850607992,2026-08-10,2026-08-17,Quest Diagnostics moved from rank #24 to #29 across the watchlist at 3 months; return +27.2% to +25.6%.
overall_stock,stock,,DGX,Quest Diagnostics,12,29,31,-2,0.346914556962,0.303888301719,-0.043026255243,2026-08-10,2026-08-17,Quest Diagnostics moved from rank #29 to #31 across the watchlist at 12 months; return +34.7% to +30.4%.
overall_stock,stock,,DGX,Quest Diagnostics,24,18,19,-1,0.596343178622,0.548421191703,-0.047921986919,2026-08-10,2026-08-17,Quest Diagnostics moved from rank #18 to #19 across the watchlist at 24 months; return +59.6% to +54.8%.
overall_stock,stock,,DH,Definitive Healthcare,3,80,80,0,-0.251075889577,-0.208812971902,0.042262917675,2026-08-10,2026-08-17,Definitive Healthcare moved from rank #80 to #80 across the watchlist at 3 months; return -25.1% to -20.9%.
overall_stock,stock,,DH,Definitive Healthcare,12,80,80,0,-0.815155440415,-0.834832041344,-0.019676600929,2026-08-10,2026-08-17,Definitive Healthcare moved from rank #80 to #80 across the watchlist at 12 months; return -81.5% to -83.5%.
overall_stock,stock,,DH,Definitive Healthcare,24,78,79,-1,-0.816580976864,-0.840995024876,-0.024414048012,2026-08-10,2026-08-17,Definitive Healthcare moved from rank #78 to #79 across the watchlist at 24 months; return -81.7% to -84.1%.
overall_stock,stock,,DOC,Healthpeak properties,3,47,53,-6,0.0901221995927,0.0738636363636,-0.0162585632291,2026-08-10,2026-08-17,Healthpeak properties moved from rank #47 to #53 across the watchlist at 3 months; return +9.0% to +7.4%.
overall_stock,stock,,DOC,Healthpeak properties,12,36,37,-1,0.262382075472,0.201039861352,-0.06134221412,2026-08-10,2026-08-17,Healthpeak properties moved from rank #36 to #37 across the watchlist at 12 months; return +26.2% to +20.1%.
overall_stock,stock,,DOC,Healthpeak properties,24,48,47,1,-0.0101710587147,-0.0321229050279,-0.0219518463132,2026-08-10,2026-08-17,Healthpeak properties moved from rank #48 to #47 across the watchlist at 24 months; return -1.0% to -3.2%.
overall_stock,stock,,DOCS,Doximity,3,57,23,34,0.0546574287914,0.307327358988,0.252669930197,2026-08-10,2026-08-17,Doximity moved from rank #57 to #23 across the watchlist at 3 months; return +5.5% to +30.7%.
overall_stock,stock,,DOCS,Doximity,12,79,79,0,-0.588465004506,-0.619223092277,-0.030758087771,2026-08-10,2026-08-17,Doximity moved from rank #79 to #79 across the watchlist at 12 months; return -58.8% to -61.9%.
overall_stock,stock,,DOCS,Doximity,24,58,63,-5,-0.230337078652,-0.306293706294,-0.075956627642,2026-08-10,2026-08-17,Doximity moved from rank #58 to #63 across the watchlist at 24 months; return -23.0% to -30.6%.
overall_stock,stock,,DVA,Davita,3,73,75,-2,-0.074905612887,-0.0985280865125,-0.0236224736255,2026-08-10,2026-08-17,Davita moved from rank #73 to #75 across the watchlist at 3 months; return -7.5% to -9.9%.
overall_stock,stock,,DVA,Davita,12,26,28,-2,0.419073359073,0.330033978431,-0.089039380642,2026-08-10,2026-08-17,Davita moved from rank #26 to #28 across the watchlist at 12 months; return +41.9% to +33.0%.
overall_stock,stock,,DVA,Davita,24,32,37,-5,0.309836065574,0.198003992016,-0.111832073558,2026-08-10,2026-08-17,Davita moved from rank #32 to #37 across the watchlist at 24 months; return +31.0% to +19.8%.
overall_stock,stock,,EHC,Encompass Health,3,35,41,-6,0.180301602262,0.158945986497,-0.021355615765,2026-08-10,2026-08-17,Encompass Health moved from rank #35 to #41 across the watchlist at 3 months; return +18.0% to +15.9%.
overall_stock,stock,,EHC,Encompass Health,12,53,52,1,0.0650620853887,0.026665559063,-0.0383965263257,2026-08-10,2026-08-17,Encompass Health moved from rank #53 to #52 across the watchlist at 12 months; return +6.5% to +2.7%.
overall_stock,stock,,EHC,Encompass Health,24,26,26,0,0.460919272049,0.394606183706,-0.066313088343,2026-08-10,2026-08-17,Encompass Health moved from rank #26 to #26 across the watchlist at 24 months; return +46.1% to +39.5%.
overall_stock,stock,,ELV,Elevance,3,59,62,-3,0.0426640569207,0.0194560456351,-0.0232080112856,2026-08-10,2026-08-17,Elevance moved from rank #59 to #62 across the watchlist at 3 months; return +4.3% to +1.9%.
overall_stock,stock,,ELV,Elevance,12,30,32,-2,0.340861934079,0.293148560907,-0.047713373172,2026-08-10,2026-08-17,Elevance moved from rank #30 to #32 across the watchlist at 12 months; return +34.1% to +29.3%.
overall_stock,stock,,ELV,Elevance,24,61,61,0,-0.259120040596,-0.263711605665,-0.004591565069,2026-08-10,2026-08-17,Elevance moved from rank #61 to #61 across the watchlist at 24 months; return -25.9% to -26.4%.
overall_stock,stock,,ENSG,The Ensign Group,3,54,60,-6,0.0671916010499,0.0224010806551,-0.0447905203948,2026-08-10,2026-08-17,The Ensign Group moved from rank #54 to #60 across the watchlist at 3 months; return +6.7% to +2.2%.
overall_stock,stock,,ENSG,The Ensign Group,12,45,48,-3,0.139077382805,0.0931576096768,-0.0459197731282,2026-08-10,2026-08-17,The Ensign Group moved from rank #45 to #48 across the watchlist at 12 months; return +13.9% to +9.3%.
overall_stock,stock,,ENSG,The Ensign Group,24,34,30,4,0.295362831858,0.286017699115,-0.009345132743,2026-08-10,2026-08-17,The Ensign Group moved from rank #34 to #30 across the watchlist at 24 months; return +29.5% to +28.6%.
overall_stock,stock,,EVH,Evolent Health,3,72,40,32,-0.055023923445,0.181818181818,0.236842105263,2026-08-10,2026-08-17,Evolent Health moved from rank #72 to #40 across the watchlist at 3 months; return -5.5% to +18.2%.
overall_stock,stock,,EVH,Evolent Health,12,78,77,1,-0.561111111111,-0.496774193548,0.064336917563,2026-08-10,2026-08-17,Evolent Health moved from rank #78 to #77 across the watchlist at 12 months; return -56.1% to -49.7%.
overall_stock,stock,,EVH,Evolent Health,24,79,78,1,-0.850378787879,-0.829072315559,0.02130647232,2026-08-10,2026-08-17,Evolent Health moved from rank #79 to #78 across the watchlist at 24 months; return -85.0% to -82.9%.
overall_stock,stock,,FMS,Fresenius,3,46,50,-4,0.101679527916,0.100462962963,-0.001216564953,2026-08-10,2026-08-17,Fresenius moved from rank #46 to #50 across the watchlist at 3 months; return +10.2% to +10.0%.
overall_stock,stock,,FMS,Fresenius,12,58,59,-1,0.00830909846282,-0.0522328548644,-0.0605419533272,2026-08-10,2026-08-17,Fresenius moved from rank #58 to #59 across the watchlist at 12 months; return +0.8% to -5.2%.
overall_stock,stock,,FMS,Fresenius,24,31,33,-2,0.320457018498,0.25303110174,-0.067425916758,2026-08-10,2026-08-17,Fresenius moved from rank #31 to #33 across the watchlist at 24 months; return +32.0% to +25.3%.
overall_stock,stock,,GDRX,GoodRx,3,25,10,15,0.260273972603,0.534979423868,0.274705451265,2026-08-10,2026-08-17,GoodRx moved from rank #25 to #10 across the watchlist at 3 months; return +26.0% to +53.5%.
overall_stock,stock,,GDRX,GoodRx,12,54,55,-1,0.0605187319885,0,-0.0605187319885,2026-08-10,2026-08-17,GoodRx moved from rank #54 to #55 across the watchlist at 12 months; return +6.1% to +0.0%.
overall_stock,stock,,GDRX,GoodRx,24,73,70,3,-0.48959778086,-0.479776847978,0.009820932882,2026-08-10,2026-08-17,GoodRx moved from rank #73 to #70 across the watchlist at 24 months; return -49.0% to -48.0%.
overall_stock,stock,,GH,Guardant Health,3,5,5,0,0.760501567398,0.656236831016,-0.104264736382,2026-08-10,2026-08-17,Guardant Health moved from rank #5 to #5 across the watchlist at 3 months; return +76.1% to +65.6%.
overall_stock,stock,,GH,Guardant Health,12,4,5,-1,2.10676747188,1.67000679348,-0.4367606784,2026-08-10,2026-08-17,Guardant Health moved from rank #4 to #5 across the watchlist at 12 months; return +210.7% to +167.0%.
overall_stock,stock,,GH,Guardant Health,24,1,1,0,4.80965517241,4.62468694097,-0.18496823144,2026-08-10,2026-08-17,Guardant Health moved from rank #1 to #1 across the watchlist at 24 months; return +481.0% to +462.5%.
overall_stock,stock,,HCA,HCA Healthcare,3,71,72,-1,-0.0501619982077,-0.0433096926714,0.0068523055363,2026-08-10,2026-08-17,HCA Healthcare moved from rank #71 to #72 across the watchlist at 3 months; return -5.0% to -4.3%.
overall_stock,stock,,HCA,HCA Healthcare,12,52,53,-1,0.0832001257829,0.0224614063013,-0.0607387194816,2026-08-10,2026-08-17,HCA Healthcare moved from rank #52 to #53 across the watchlist at 12 months; return +8.3% to +2.2%.
overall_stock,stock,,HCA,HCA Healthcare,24,41,42,-1,0.145358825159,0.0826979158306,-0.0626609093284,2026-08-10,2026-08-17,HCA Healthcare moved from rank #41 to #42 across the watchlist at 24 months; return +14.5% to +8.3%.
overall_stock,stock,,HCAT,Health Catalyst,3,40,9,31,0.138157894737,0.554621848739,0.416463954002,2026-08-10,2026-08-17,Health Catalyst moved from rank #40 to #9 across the watchlist at 3 months; return +13.8% to +55.5%.
overall_stock,stock,,HCAT,Health Catalyst,12,72,71,1,-0.388692579505,-0.366438356164,0.022254223341,2026-08-10,2026-08-17,Health Catalyst moved from rank #72 to #71 across the watchlist at 12 months; return -38.9% to -36.6%.
overall_stock,stock,,HCAT,Health Catalyst,24,77,77,0,-0.73984962406,-0.726128793486,0.013720830574,2026-08-10,2026-08-17,Health Catalyst moved from rank #77 to #77 across the watchlist at 24 months; return -74.0% to -72.6%.
overall_stock,stock,,HIMS,Hims & Hers,3,44,47,-3,0.117438981252,0.12375249501,0.006313513758,2026-08-10,2026-08-17,Hims & Hers moved from rank #44 to #47 across the watchlist at 3 months; return +11.7% to +12.4%.
overall_stock,stock,,HIMS,Hims & Hers,12,73,73,0,-0.391798228725,-0.388309430682,0.003488798043,2026-08-10,2026-08-17,Hims & Hers moved from rank #73 to #73 across the watchlist at 12 months; return -39.2% to -38.8%.
overall_stock,stock,,HIMS,Hims & Hers,24,10,11,-1,0.979323308271,0.806803594352,-0.172519713919,2026-08-10,2026-08-17,Hims & Hers moved from rank #10 to #11 across the watchlist at 24 months; return +97.9% to +80.7%.
overall_stock,stock,,HQY,HealthEquity,3,29,27,2,0.233262611975,0.27455275648,0.041290144505,2026-08-10,2026-08-17,HealthEquity moved from rank #29 to #27 across the watchlist at 3 months; return +23.3% to +27.5%.
overall_stock,stock,,HQY,HealthEquity,12,47,42,5,0.124449220849,0.16509066637,0.040641445521,2026-08-10,2026-08-17,HealthEquity moved from rank #47 to #42 across the watchlist at 12 months; return +12.4% to +16.5%.
overall_stock,stock,,HQY,HealthEquity,24,25,24,1,0.470141913728,0.398637820513,-0.071504093215,2026-08-10,2026-08-17,HealthEquity moved from rank #25 to #24 across the watchlist at 24 months; return +47.0% to +39.9%.
overall_stock,stock,,HSIC,Henry Schein,3,28,30,-2,0.244422479526,0.234460946095,-0.009961533431,2026-08-10,2026-08-17,Henry Schein moved from rank #28 to #30 across the watchlist at 3 months; return +24.4% to +23.4%.
overall_stock,stock,,HSIC,Henry Schein,12,31,29,2,0.336518046709,0.323260613208,-0.013257433501,2026-08-10,2026-08-17,Henry Schein moved from rank #31 to #29 across the watchlist at 12 months; return +33.7% to +32.3%.
overall_stock,stock,,HSIC,Henry Schein,24,36,29,7,0.278357992457,0.28628743373,0.007929441273,2026-08-10,2026-08-17,Henry Schein moved from rank #36 to #29 across the watchlist at 24 months; return +27.8% to +28.6%.
overall_stock,stock,,HUM,Humana,3,14,26,-12,0.400203665988,0.275072102779,-0.125131563209,2026-08-10,2026-08-17,Humana moved from rank #14 to #26 across the watchlist at 3 months; return +40.0% to +27.5%.
overall_stock,stock,,HUM,Humana,12,25,26,-1,0.443677816109,0.35846223681,-0.085215579299,2026-08-10,2026-08-17,Humana moved from rank #25 to #26 across the watchlist at 12 months; return +44.4% to +35.8%.
overall_stock,stock,,HUM,Humana,24,43,39,4,0.0973975999772,0.110429272748,0.0130316727708,2026-08-10,2026-08-17,Humana moved from rank #43 to #39 across the watchlist at 24 months; return +9.7% to +11.0%.
overall_stock,stock,,ILMN,Illumina,3,19,21,-2,0.324781505498,0.339203030728,0.01442152523,2026-08-10,2026-08-17,Illumina moved from rank #19 to #21 across the watchlist at 3 months; return +32.5% to +33.9%.
overall_stock,stock,,ILMN,Illumina,12,12,11,1,0.987732656514,0.906802517231,-0.080930139283,2026-08-10,2026-08-17,Illumina moved from rank #12 to #11 across the watchlist at 12 months; return +98.8% to +90.7%.
overall_stock,stock,,ILMN,Illumina,24,21,22,-1,0.521204273228,0.464891412785,-0.056312860443,2026-08-10,2026-08-17,Illumina moved from rank #21 to #22 across the watchlist at 24 months; return +52.1% to +46.5%.
overall_stock,stock,,IQV,Iqvia,3,18,15,3,0.335683509597,0.399361400189,0.063677890592,2026-08-10,2026-08-17,Iqvia moved from rank #18 to #15 across the watchlist at 3 months; return +33.6% to +39.9%.
overall_stock,stock,,IQV,Iqvia,12,32,36,-4,0.327143333704,0.238474017479,-0.088669316225,2026-08-10,2026-08-17,Iqvia moved from rank #32 to #36 across the watchlist at 12 months; return +32.7% to +23.8%.
overall_stock,stock,,IQV,Iqvia,24,45,44,1,0.00517960163389,-0.0123941075825,-0.0175737092164,2026-08-10,2026-08-17,Iqvia moved from rank #45 to #44 across the watchlist at 24 months; return +0.5% to -1.2%.
overall_stock,stock,,LFMD,LifeMD,3,81,79,2,-0.255230125523,-0.203233256351,0.051996869172,2026-08-10,2026-08-17,LifeMD moved from rank #81 to #79 across the watchlist at 3 months; return -25.5% to -20.3%.
overall_stock,stock,,LFMD,LifeMD,12,75,76,-1,-0.478005865103,-0.463452566096,0.014553299007,2026-08-10,2026-08-17,LifeMD moved from rank #75 to #76 across the watchlist at 12 months; return -47.8% to -46.3%.
overall_stock,stock,,LFMD,LifeMD,24,65,65,0,-0.34438305709,-0.337811900192,0.006571156898,2026-08-10,2026-08-17,LifeMD moved from rank #65 to #65 across the watchlist at 24 months; return -34.4% to -33.8%.
overall_stock,stock,,LFST,Lifestance Health,3,13,7,6,0.407792207792,0.623529411765,0.215737203973,2026-08-10,2026-08-17,Lifestance Health moved from rank #13 to #7 across the watchlist at 3 months; return +40.8% to +62.4%.
overall_stock,stock,,LFST,Lifestance Health,12,8,8,0,1.48054919908,1.28308823529,-0.19746096379,2026-08-10,2026-08-17,Lifestance Health moved from rank #8 to #8 across the watchlist at 12 months; return +148.1% to +128.3%.
overall_stock,stock,,LFST,Lifestance Health,24,11,7,4,0.935714285714,1.1982300885,0.262515802786,2026-08-10,2026-08-17,Lifestance Health moved from rank #11 to #7 across the watchlist at 24 months; return +93.6% to +119.8%.
overall_stock,stock,,LH,Labcorp Holdings,3,26,28,-2,0.255981426098,0.270487220447,0.014505794349,2026-08-10,2026-08-17,Labcorp Holdings moved from rank #26 to #28 across the watchlist at 3 months; return +25.6% to +27.0%.
overall_stock,stock,,LH,Labcorp Holdings,12,43,40,3,0.200564227948,0.176603299061,-0.023960928887,2026-08-10,2026-08-17,Labcorp Holdings moved from rank #43 to #40 across the watchlist at 12 months; return +20.1% to +17.7%.
overall_stock,stock,,LH,Labcorp Holdings,24,27,25,2,0.409387971386,0.398373626374,-0.011014345012,2026-08-10,2026-08-17,Labcorp Holdings moved from rank #27 to #25 across the watchlist at 24 months; return +40.9% to +39.8%.
overall_stock,stock,,MCK,McKesson,3,34,44,-10,0.181350106645,0.142564129534,-0.038785977111,2026-08-10,2026-08-17,McKesson moved from rank #34 to #44 across the watchlist at 3 months; return +18.1% to +14.3%.
overall_stock,stock,,MCK,McKesson,12,33,33,0,0.300637171318,0.29113735978,-0.009499811538,2026-08-10,2026-08-17,McKesson moved from rank #33 to #33 across the watchlist at 12 months; return +30.1% to +29.1%.
overall_stock,stock,,MCK,McKesson,24,16,17,-1,0.606911207613,0.586606050647,-0.020305156966,2026-08-10,2026-08-17,McKesson moved from rank #16 to #17 across the watchlist at 24 months; return +60.7% to +58.7%.
overall_stock,stock,,MDRX,Veradigm,3,49,70,-21,0.0762331838565,-0.04,-0.116233183856,2026-08-10,2026-08-17,Veradigm moved from rank #49 to #70 across the watchlist at 3 months; return +7.6% to -4.0%.
overall_stock,stock,,MDRX,Veradigm,12,57,50,7,0.0105263157895,0.0434782608696,0.0329519450801,2026-08-10,2026-08-17,Veradigm moved from rank #57 to #50 across the watchlist at 12 months; return +1.1% to +4.3%.
overall_stock,stock,,MDRX,Veradigm,24,71,73,-2,-0.472527472527,-0.5,-0.027472527473,2026-08-10,2026-08-17,Veradigm moved from rank #71 to #73 across the watchlist at 24 months; return -47.3% to -50.0%.
overall_stock,stock,,MOH,Molina Healthcare,3,56,43,13,0.0565236097666,0.148332342289,0.0918087325224,2026-08-10,2026-08-17,Molina Healthcare moved from rank #56 to #43 across the watchlist at 3 months; return +5.7% to +14.8%.
overall_stock,stock,,MOH,Molina Healthcare,12,38,34,4,0.252071383047,0.26831452624,0.016243143193,2026-08-10,2026-08-17,Molina Healthcare moved from rank #38 to #34 across the watchlist at 12 months; return +25.2% to +26.8%.
overall_stock,stock,,MOH,Molina Healthcare,24,69,67,2,-0.419096339228,-0.393005114724,0.026091224504,2026-08-10,2026-08-17,Molina Healthcare moved from rank #69 to #67 across the watchlist at 24 months; return -41.9% to -39.3%.
overall_stock,stock,,MPT,Medical Properties Trust,3,75,78,-3,-0.0909090909091,-0.172277227723,-0.0813681368139,2026-08-10,2026-08-17,Medical Properties Trust moved from rank #75 to #78 across the watchlist at 3 months; return -9.1% to -17.2%.
overall_stock,stock,,MPT,Medical Properties Trust,12,,,,,,,2026-08-10,2026-08-17,Medical Properties Trust moved from rank unavailable across the watchlist at 12 months; return unavailable.
overall_stock,stock,,MPT,Medical Properties Trust,24,,,,,,,2026-08-10,2026-08-17,Medical Properties Trust moved from rank unavailable across the watchlist at 24 months; return unavailable.
overall_stock,stock,,NEO,NeoGenomics,3,3,2,1,0.849330357143,0.934466019417,0.085135662274,2026-08-10,2026-08-17,NeoGenomics moved from rank #3 to #2 across the watchlist at 3 months; return +84.9% to +93.4%.
overall_stock,stock,,NEO,NeoGenomics,12,6,6,0,1.85689655172,1.56682769726,-0.29006885446,2026-08-10,2026-08-17,NeoGenomics moved from rank #6 to #6 across the watchlist at 12 months; return +185.7% to +156.7%.
overall_stock,stock,,NEO,NeoGenomics,24,46,45,1,0.0012084592145,-0.0148331273177,-0.0160415865322,2026-08-10,2026-08-17,NeoGenomics moved from rank #46 to #45 across the watchlist at 24 months; return +0.1% to -1.5%.
overall_stock,stock,,NHI,National Health Investors,3,66,69,-3,0.000531490831783,-0.0225110545357,-0.0230425453675,2026-08-10,2026-08-17,National Health Investors moved from rank #66 to #69 across the watchlist at 3 months; return +0.1% to -2.3%.
overall_stock,stock,,NHI,National Health Investors,12,60,56,4,0.00507207688201,-0.0229038306992,-0.0279759075812,2026-08-10,2026-08-17,National Health Investors moved from rank #60 to #56 across the watchlist at 12 months; return +0.5% to -2.3%.
overall_stock,stock,,NHI,National Health Investors,24,44,46,-2,0.0069537309441,-0.018037420918,-0.0249911518621,2026-08-10,2026-08-17,National Health Investors moved from rank #44 to #46 across the watchlist at 24 months; return +0.7% to -1.8%.
overall_stock,stock,,NTRA,Natera,3,7,4,3,0.658257825371,0.663071474565,0.004813649194,2026-08-10,2026-08-17,Natera moved from rank #7 to #4 across the watchlist at 3 months; return +65.8% to +66.3%.
overall_stock,stock,,NTRA,Natera,12,10,12,-2,1.11977624218,0.901177769599,-0.218598472581,2026-08-10,2026-08-17,Natera moved from rank #10 to #12 across the watchlist at 12 months; return +112.0% to +90.1%.
overall_stock,stock,,NTRA,Natera,24,4,5,-1,1.81138168805,1.49983868366,-0.31154300439,2026-08-10,2026-08-17,Natera moved from rank #4 to #5 across the watchlist at 24 months; return +181.1% to +150.0%.
overall_stock,stock,,OHI,Omega Healthcare Investors,3,61,67,-6,0.0269124814579,-0.0169025987746,-0.0438150802325,2026-08-10,2026-08-17,Omega Healthcare Investors moved from rank #61 to #67 across the watchlist at 3 months; return +2.7% to -1.7%.
overall_stock,stock,,OHI,Omega Healthcare Investors,12,41,44,-3,0.213016270338,0.134601316752,-0.078414953586,2026-08-10,2026-08-17,Omega Healthcare Investors moved from rank #41 to #44 across the watchlist at 12 months; return +21.3% to +13.5%.
overall_stock,stock,,OHI,Omega Healthcare Investors,24,37,35,2,0.27358738502,0.243120491584,-0.030466893436,2026-08-10,2026-08-17,Omega Healthcare Investors moved from rank #37 to #35 across the watchlist at 24 months; return +27.4% to +24.3%.
overall_stock,stock,,OMCL,Omnicell,3,77,77,0,-0.159972615244,-0.134972170686,0.025000444558,2026-08-10,2026-08-17,Omnicell moved from rank #77 to #77 across the watchlist at 3 months; return -16.0% to -13.5%.
overall_stock,stock,,OMCL,Omnicell,12,44,39,5,0.193966915342,0.177027453455,-0.016939461887,2026-08-10,2026-08-17,Omnicell moved from rank #44 to #39 across the watchlist at 12 months; return +19.4% to +17.7%.
overall_stock,stock,,OMCL,Omnicell,24,53,53,0,-0.0988984088127,-0.123384253819,-0.0244858450063,2026-08-10,2026-08-17,Omnicell moved from rank #53 to #53 across the watchlist at 24 months; return -9.9% to -12.3%.
overall_stock,stock,,OMDA,Omada Health,3,8,12,-4,0.597165991903,0.451690821256,-0.145475170647,2026-08-10,2026-08-17,Omada Health moved from rank #8 to #12 across the watchlist at 3 months; return +59.7% to +45.2%.
overall_stock,stock,,OMDA,Omada Health,12,39,41,-2,0.244479495268,0.1709693132,-0.073510182068,2026-08-10,2026-08-17,Omada Health moved from rank #39 to #41 across the watchlist at 12 months; return +24.4% to +17.1%.
overall_stock,stock,,OMDA,Omada Health,24,,,,,,,2026-08-10,2026-08-17,Omada Health moved from rank unavailable across the watchlist at 24 months; return unavailable.
overall_stock,stock,,OPCH,Option Care Health,3,37,31,6,0.159921989274,0.22669057377,0.066768584496,2026-08-10,2026-08-17,Option Care Health moved from rank #37 to #31 across the watchlist at 3 months; return +16.0% to +22.7%.
overall_stock,stock,,OPCH,Option Care Health,12,66,66,0,-0.156382978723,-0.154484463277,0.001898515446,2026-08-10,2026-08-17,Option Care Health moved from rank #66 to #66 across the watchlist at 12 months; return -15.6% to -15.4%.
overall_stock,stock,,OPCH,Option Care Health,24,57,58,-1,-0.202747989276,-0.236691106152,-0.033943116876,2026-08-10,2026-08-17,Option Care Health moved from rank #57 to #58 across the watchlist at 24 months; return -20.3% to -23.7%.
overall_stock,stock,,ORCL,Oracle-Cerner,3,79,81,-2,-0.249706557795,-0.219901528893,0.029805028902,2026-08-10,2026-08-17,Oracle-Cerner moved from rank #79 to #81 across the watchlist at 3 months; return -25.0% to -22.0%.
overall_stock,stock,,ORCL,Oracle-Cerner,12,74,74,0,-0.412037592482,-0.393748993072,0.01828859941,2026-08-10,2026-08-17,Oracle-Cerner moved from rank #74 to #74 across the watchlist at 12 months; return -41.2% to -39.4%.
overall_stock,stock,,ORCL,Oracle-Cerner,24,42,41,1,0.113281841587,0.0949298028661,-0.0183520387209,2026-08-10,2026-08-17,Oracle-Cerner moved from rank #42 to #41 across the watchlist at 24 months; return +11.3% to +9.5%.
overall_stock,stock,,OSCR,Oscar Health,3,20,13,7,0.309244486157,0.404802744425,0.095558258268,2026-08-10,2026-08-17,Oscar Health moved from rank #20 to #13 across the watchlist at 3 months; return +30.9% to +40.5%.
overall_stock,stock,,OSCR,Oscar Health,12,14,9,5,0.804657179819,1.09462915601,0.289971976191,2026-08-10,2026-08-17,Oscar Health moved from rank #14 to #9 across the watchlist at 12 months; return +80.5% to +109.5%.
overall_stock,stock,,OSCR,Oscar Health,24,20,12,8,0.545706371191,0.751871657754,0.206165286563,2026-08-10,2026-08-17,Oscar Health moved from rank #20 to #12 across the watchlist at 24 months; return +54.6% to +75.2%.
overall_stock,stock,,PACB,PacBio,3,76,59,17,-0.159574468085,0.0267857142857,0.186360182371,2026-08-10,2026-08-17,PacBio moved from rank #76 to #59 across the watchlist at 3 months; return -16.0% to +2.7%.
overall_stock,stock,,PACB,PacBio,12,64,63,1,-0.122222222222,-0.12213740458,8.4817642e-05,2026-08-10,2026-08-17,PacBio moved from rank #64 to #63 across the watchlist at 12 months; return -12.2% to -12.2%.
overall_stock,stock,,PACB,PacBio,24,60,60,0,-0.254716981132,-0.262820512821,-0.008103531689,2026-08-10,2026-08-17,PacBio moved from rank #60 to #60 across the watchlist at 24 months; return -25.5% to -26.3%.
overall_stock,stock,,PACS,PACS Group,3,10,38,-28,0.442095861864,0.185699039488,-0.256396822376,2026-08-10,2026-08-17,PACS Group moved from rank #10 to #38 across the watchlist at 3 months; return +44.2% to +18.6%.
overall_stock,stock,,PACS,PACS Group,12,2,2,0,3.34829443447,2.86434782609,-0.48394660838,2026-08-10,2026-08-17,PACS Group moved from rank #2 to #2 across the watchlist at 12 months; return +334.8% to +286.4%.
overall_stock,stock,,PACS,PACS Group,24,24,38,-14,0.479083969466,0.145656096932,-0.333427872534,2026-08-10,2026-08-17,PACS Group moved from rank #24 to #38 across the watchlist at 24 months; return +47.9% to +14.6%.
overall_stock,stock,,PGNY,Progyny,3,33,45,-12,0.184654300169,0.130322580645,-0.054331719524,2026-08-10,2026-08-17,Progyny moved from rank #33 to #45 across the watchlist at 3 months; return +18.5% to +13.0%.
overall_stock,stock,,PGNY,Progyny,12,40,45,-5,0.229759299781,0.123076923077,-0.106682376704,2026-08-10,2026-08-17,Progyny moved from rank #40 to #45 across the watchlist at 12 months; return +23.0% to +12.3%.
overall_stock,stock,,PGNY,Progyny,24,33,34,-1,0.300323924109,0.249049429658,-0.051274494451,2026-08-10,2026-08-17,Progyny moved from rank #33 to #34 across the watchlist at 24 months; return +30.0% to +24.9%.
overall_stock,stock,,PHR,Phreesia,3,30,14,16,0.230088495575,0.400228050171,0.170139554596,2026-08-10,2026-08-17,Phreesia moved from rank #30 to #14 across the watchlist at 3 months; return +23.0% to +40.0%.
overall_stock,stock,,PHR,Phreesia,12,77,78,-1,-0.536838208071,-0.57212543554,-0.035287227469,2026-08-10,2026-08-17,Phreesia moved from rank #77 to #78 across the watchlist at 12 months; return -53.7% to -57.2%.
overall_stock,stock,,PHR,Phreesia,24,70,72,-2,-0.458910034602,-0.493608247423,-0.034698212821,2026-08-10,2026-08-17,Phreesia moved from rank #70 to #72 across the watchlist at 24 months; return -45.9% to -49.4%.
overall_stock,stock,,PIII,P3 Health,3,1,73,-72,2.26390259026,-0.0535872453499,-2.31748983561,2026-08-10,2026-08-17,P3 Health moved from rank #1 to #73 across the watchlist at 3 months; return +226.4% to -5.4%.
overall_stock,stock,,PIII,P3 Health,12,15,16,-1,0.728358208955,0.577121771218,-0.151236437737,2026-08-10,2026-08-17,P3 Health moved from rank #15 to #16 across the watchlist at 12 months; return +72.8% to +57.7%.
overall_stock,stock,,PIII,P3 Health,24,75,75,0,-0.618325642716,-0.643119572478,-0.024793929762,2026-08-10,2026-08-17,P3 Health moved from rank #75 to #75 across the watchlist at 24 months; return -61.8% to -64.3%.
overall_stock,stock,,PNTG,Pennant Group,3,48,48,0,0.0863509749304,0.106047819972,0.0196968450416,2026-08-10,2026-08-17,Pennant Group moved from rank #48 to #48 across the watchlist at 3 months; return +8.6% to +10.6%.
overall_stock,stock,,PNTG,Pennant Group,12,22,19,3,0.5,0.556611243072,0.056611243072,2026-08-10,2026-08-17,Pennant Group moved from rank #22 to #19 across the watchlist at 12 months; return +50.0% to +55.7%.
overall_stock,stock,,PNTG,Pennant Group,24,35,36,-1,0.287553648069,0.238815374921,-0.048738273148,2026-08-10,2026-08-17,Pennant Group moved from rank #35 to #36 across the watchlist at 24 months; return +28.8% to +23.9%.
overall_stock,stock,,PRVA,Privia Health Group,3,70,71,-1,-0.0264527320035,-0.041394335512,-0.0149416035085,2026-08-10,2026-08-17,Privia Health Group moved from rank #70 to #71 across the watchlist at 3 months; return -2.6% to -4.1%.
overall_stock,stock,,PRVA,Privia Health Group,12,50,51,-1,0.0908649173955,0.0343206393982,-0.0565442779973,2026-08-10,2026-08-17,Privia Health Group moved from rank #50 to #51 across the watchlist at 12 months; return +9.1% to +3.4%.
overall_stock,stock,,PRVA,Privia Health Group,24,40,40,0,0.177241740954,0.105527638191,-0.071714102763,2026-08-10,2026-08-17,Privia Health Group moved from rank #40 to #40 across the watchlist at 24 months; return +17.7% to +10.6%.
overall_stock,stock,,QDEL,QuidelOrtho,3,41,16,25,0.1375,0.385658914729,0.248158914729,2026-08-10,2026-08-17,QuidelOrtho moved from rank #41 to #16 across the watchlist at 3 months; return +13.8% to +38.6%.
overall_stock,stock,,QDEL,QuidelOrtho,12,76,75,1,-0.486198243413,-0.44851523332,0.037683010093,2026-08-10,2026-08-17,QuidelOrtho moved from rank #76 to #75 across the watchlist at 12 months; return -48.6% to -44.9%.
overall_stock,stock,,QDEL,QuidelOrtho,24,76,76,0,-0.704829408938,-0.674556213018,0.03027319592,2026-08-10,2026-08-17,QuidelOrtho moved from rank #76 to #76 across the watchlist at 24 months; return -70.5% to -67.5%.
overall_stock,stock,,SBRA,Sabra Health Care REIT,3,63,68,-5,0.0139759036145,-0.0169327527818,-0.0309086563963,2026-08-10,2026-08-17,Sabra Health Care REIT moved from rank #63 to #68 across the watchlist at 3 months; return +1.4% to -1.7%.
overall_stock,stock,,SBRA,Sabra Health Care REIT,12,48,46,2,0.123931623932,0.100758396533,-0.023173227399,2026-08-10,2026-08-17,Sabra Health Care REIT moved from rank #48 to #46 across the watchlist at 12 months; return +12.4% to +10.1%.
overall_stock,stock,,SBRA,Sabra Health Care REIT,24,38,32,6,0.26139088729,0.25509573811,-0.00629514918,2026-08-10,2026-08-17,Sabra Health Care REIT moved from rank #38 to #32 across the watchlist at 24 months; return +26.1% to +25.5%.
overall_stock,stock,,SGRY,Surgery Partners,3,50,52,-2,0.0754847645429,0.0774193548387,0.0019345902958,2026-08-10,2026-08-17,Surgery Partners moved from rank #50 to #52 across the watchlist at 3 months; return +7.5% to +7.7%.
overall_stock,stock,,SGRY,Surgery Partners,12,70,70,0,-0.343062605753,-0.340789473684,0.002273132069,2026-08-10,2026-08-17,Surgery Partners moved from rank #70 to #70 across the watchlist at 12 months; return -34.3% to -34.1%.
overall_stock,stock,,SGRY,Surgery Partners,24,72,71,1,-0.477807666443,-0.482081323225,-0.004273656782,2026-08-10,2026-08-17,Surgery Partners moved from rank #72 to #71 across the watchlist at 24 months; return -47.8% to -48.2%.
overall_stock,stock,,SOLV,Solventum,3,43,36,7,0.130825838103,0.192970643684,0.062144805581,2026-08-10,2026-08-17,Solventum moved from rank #43 to #36 across the watchlist at 3 months; return +13.1% to +19.3%.
overall_stock,stock,,SOLV,Solventum,12,46,35,11,0.130671753645,0.240408849062,0.109737095417,2026-08-10,2026-08-17,Solventum moved from rank #46 to #35 across the watchlist at 12 months; return +13.1% to +24.0%.
overall_stock,stock,,SOLV,Solventum,24,28,21,7,0.369532926225,0.491414141414,0.121881215189,2026-08-10,2026-08-17,Solventum moved from rank #28 to #21 across the watchlist at 24 months; return +37.0% to +49.1%.
overall_stock,stock,,TALK,Talkspace,3,64,64,0,0.00578034682081,0.00961538461538,0.00383503779457,2026-08-10,2026-08-17,Talkspace moved from rank #64 to #64 across the watchlist at 3 months; return +0.6% to +1.0%.
overall_stock,stock,,TALK,Talkspace,12,11,10,1,1.088,1.05078125,-0.03721875,2026-08-10,2026-08-17,Talkspace moved from rank #11 to #10 across the watchlist at 12 months; return +108.8% to +105.1%.
overall_stock,stock,,TALK,Talkspace,24,3,3,0,2.08875739645,1.98295454545,-0.105802851,2026-08-10,2026-08-17,Talkspace moved from rank #3 to #3 across the watchlist at 24 months; return +208.9% to +198.3%.
overall_stock,stock,,TDOC,Teladoc,3,68,54,14,-0.0165517241379,0.0707547169811,0.087306441119,2026-08-10,2026-08-17,Teladoc moved from rank #68 to #54 across the watchlist at 3 months; return -1.7% to +7.1%.
overall_stock,stock,,TDOC,Teladoc,12,56,62,-6,0.0244252873563,-0.094414893617,-0.118840180973,2026-08-10,2026-08-17,Teladoc moved from rank #56 to #62 across the watchlist at 12 months; return +2.4% to -9.4%.
overall_stock,stock,,TDOC,Teladoc,24,47,50,-3,-0.0027972027972,-0.042194092827,-0.0393968900298,2026-08-10,2026-08-17,Teladoc moved from rank #47 to #50 across the watchlist at 24 months; return -0.3% to -4.2%.
overall_stock,stock,,TEM,Tempus AI,3,58,37,21,0.0439229843562,0.185977691782,0.142054707426,2026-08-10,2026-08-17,Tempus AI moved from rank #58 to #37 across the watchlist at 3 months; return +4.4% to +18.6%.
overall_stock,stock,,TEM,Tempus AI,12,65,68,-3,-0.144898965007,-0.293846570886,-0.148947605879,2026-08-10,2026-08-17,Tempus AI moved from rank #65 to #68 across the watchlist at 12 months; return -14.5% to -29.4%.
overall_stock,stock,,TEM,Tempus AI,24,30,43,-13,0.343225806452,0.0239779874214,-0.319247819031,2026-08-10,2026-08-17,Tempus AI moved from rank #30 to #43 across the watchlist at 24 months; return +34.3% to +2.4%.
overall_stock,stock,,THC,Tenet Health,3,16,20,-4,0.376877823301,0.362249567782,-0.014628255519,2026-08-10,2026-08-17,Tenet Health moved from rank #16 to #20 across the watchlist at 3 months; return +37.7% to +36.2%.
overall_stock,stock,,THC,Tenet Health,12,18,18,0,0.583101823892,0.55737704918,-0.025724774712,2026-08-10,2026-08-17,Tenet Health moved from rank #18 to #18 across the watchlist at 12 months; return +58.3% to +55.7%.
overall_stock,stock,,THC,Tenet Health,24,13,13,0,0.746834599494,0.710072769054,-0.03676183044,2026-08-10,2026-08-17,Tenet Health moved from rank #13 to #13 across the watchlist at 24 months; return +74.7% to +71.0%.
overall_stock,stock,,TXG,10x Genomics,3,2,1,1,1.4087962963,1.64575471698,0.23695842068,2026-08-10,2026-08-17,10x Genomics moved from rank #2 to #1 across the watchlist at 3 months; return +140.9% to +164.6%.
overall_stock,stock,,TXG,10x Genomics,12,3,1,2,3.23352318959,3.19835329341,-0.03516989618,2026-08-10,2026-08-17,10x Genomics moved from rank #3 to #1 across the watchlist at 12 months; return +323.4% to +319.8%.
overall_stock,stock,,TXG,10x Genomics,24,6,4,2,1.54674498287,1.57885057471,0.03210559184,2026-08-10,2026-08-17,10x Genomics moved from rank #6 to #4 across the watchlist at 24 months; return +154.7% to +157.9%.
overall_stock,stock,,UHS,Universal Health Services,3,62,65,-3,0.0210637797129,0.00818311195446,-0.0128806677584,2026-08-10,2026-08-17,Universal Health Services moved from rank #62 to #65 across the watchlist at 3 months; return +2.1% to +0.8%.
overall_stock,stock,,UHS,Universal Health Services,12,59,57,2,0.0071967498549,-0.0473468930352,-0.0545436428901,2026-08-10,2026-08-17,Universal Health Services moved from rank #59 to #57 across the watchlist at 12 months; return +0.7% to -4.7%.
overall_stock,stock,,UHS,Universal Health Services,24,56,59,-3,-0.193662299043,-0.249160925632,-0.055498626589,2026-08-10,2026-08-17,Universal Health Services moved from rank #56 to #59 across the watchlist at 24 months; return -19.4% to -24.9%.
overall_stock,stock,,UNH,UnitedHealth,3,52,61,-9,0.0713195431338,0.0200076171131,-0.0513119260207,2026-08-10,2026-08-17,UnitedHealth moved from rank #52 to #61 across the watchlist at 3 months; return +7.1% to +2.0%.
overall_stock,stock,,UNH,UnitedHealth,12,17,30,-13,0.62254374427,0.321436794842,-0.301106949428,2026-08-10,2026-08-17,UnitedHealth moved from rank #17 to #30 across the watchlist at 12 months; return +62.3% to +32.1%.
overall_stock,stock,,UNH,UnitedHealth,24,63,62,1,-0.271458228936,-0.304580390528,-0.033122161592,2026-08-10,2026-08-17,UnitedHealth moved from rank #63 to #62 across the watchlist at 24 months; return -27.1% to -30.5%.
overall_stock,stock,,USPH,US Physical Therapy,3,17,24,-7,0.35014336313,0.293424613915,-0.056718749215,2026-08-10,2026-08-17,US Physical Therapy moved from rank #17 to #24 across the watchlist at 3 months; return +35.0% to +29.3%.
overall_stock,stock,,USPH,US Physical Therapy,12,63,60,3,-0.0870209854015,-0.0529260899977,0.0340948954038,2026-08-10,2026-08-17,US Physical Therapy moved from rank #63 to #60 across the watchlist at 12 months; return -8.7% to -5.3%.
overall_stock,stock,,USPH,US Physical Therapy,24,52,48,4,-0.0940470801268,-0.0352689704311,0.0587781096957,2026-08-10,2026-08-17,US Physical Therapy moved from rank #52 to #48 across the watchlist at 24 months; return -9.4% to -3.5%.
overall_stock,stock,,VEEV,Veeva Systems,3,15,11,4,0.385535649874,0.534369885434,0.14883423556,2026-08-10,2026-08-17,Veeva Systems moved from rank #15 to #11 across the watchlist at 3 months; return +38.6% to +53.4%.
overall_stock,stock,,VEEV,Veeva Systems,12,67,65,2,-0.183107078297,-0.131356687217,0.05175039108,2026-08-10,2026-08-17,Veeva Systems moved from rank #67 to #65 across the watchlist at 12 months; return -18.3% to -13.1%.
overall_stock,stock,,VEEV,Veeva Systems,24,39,31,8,0.233449290875,0.266233766234,0.032784475359,2026-08-10,2026-08-17,Veeva Systems moved from rank #39 to #31 across the watchlist at 24 months; return +23.3% to +26.6%.
overall_stock,stock,,VTR,"Ventas, Inc",3,53,58,-5,0.0699060279624,0.0465408805031,-0.0233651474593,2026-08-10,2026-08-17,"Ventas, Inc moved from rank #53 to #58 across the watchlist at 3 months; return +7.0% to +4.7%."
overall_stock,stock,,VTR,"Ventas, Inc",12,28,27,1,0.361528365174,0.350450051645,-0.011078313529,2026-08-10,2026-08-17,"Ventas, Inc moved from rank #28 to #27 across the watchlist at 12 months; return +36.2% to +35.0%."
overall_stock,stock,,VTR,"Ventas, Inc",24,19,18,1,0.572511369378,0.566586785347,-0.005924584031,2026-08-10,2026-08-17,"Ventas, Inc moved from rank #19 to #18 across the watchlist at 24 months; return +57.3% to +56.7%."
overall_stock,stock,,WAY,Waystar,3,42,17,25,0.133302151543,0.382041271612,0.248739120069,2026-08-10,2026-08-17,Waystar moved from rank #42 to #17 across the watchlist at 3 months; return +13.3% to +38.2%.
overall_stock,stock,,WAY,Waystar,12,69,69,0,-0.299508528476,-0.313192904656,-0.01368437618,2026-08-10,2026-08-17,Waystar moved from rank #69 to #69 across the watchlist at 12 months; return -30.0% to -31.3%.
overall_stock,stock,,WAY,Waystar,24,49,49,0,-0.0106165781952,-0.0384167636787,-0.0278001854835,2026-08-10,2026-08-17,Waystar moved from rank #49 to #49 across the watchlist at 24 months; return -1.1% to -3.8%.
overall_stock,stock,,WELL,Welltower,3,45,49,-4,0.103853142618,0.10189950407,-0.001953638548,2026-08-10,2026-08-17,Welltower moved from rank #45 to #49 across the watchlist at 3 months; return +10.4% to +10.2%.
overall_stock,stock,,WELL,Welltower,12,27,23,4,0.409986311968,0.445794966237,0.035808654269,2026-08-10,2026-08-17,Welltower moved from rank #27 to #23 across the watchlist at 12 months; return +41.0% to +44.6%.
overall_stock,stock,,WELL,Welltower,24,8,9,-1,1.01805792164,1.03174603175,0.01368811011,2026-08-10,2026-08-17,Welltower moved from rank #8 to #9 across the watchlist at 24 months; return +101.8% to +103.2%.
