change_type,entity_type,category,ticker,name,horizon_months,previous_rank,current_rank,rank_delta,previous_return,current_return,return_delta,previous_report_date,current_report_date,detail
category_performance,category,"Digital Health, Specialty, Benefits",,"Digital Health, Specialty, Benefits",12,9,9,0,0.0150046193845,0.0295542839355,0.014549664551,2026-09-14,2026-09-21,"Digital Health, Specialty, Benefits moved from rank #9 to #9 among subcategories at 12 months; return +1.5% to +3.0%."
category_performance,category,"Digital Health, Specialty, Benefits",,"Digital Health, Specialty, Benefits",24,5,5,0,0.366907351353,0.415643761791,0.0487364104377,2026-09-14,2026-09-21,"Digital Health, Specialty, Benefits moved from rank #5 to #5 among subcategories at 24 months; return +36.7% to +41.6%."
category_performance,category,"Digital Health, Specialty, Benefits",,"Digital Health, Specialty, Benefits",3,5,6,-1,0.0864980068119,0.0378561640963,-0.0486418427156,2026-09-14,2026-09-21,"Digital Health, Specialty, Benefits moved from rank #5 to #6 among subcategories at 3 months; return +8.6% to +3.8%."
category_performance,category,Health Care Real Estate,,Health Care Real Estate,12,5,5,0,0.319599570958,0.312405151297,-0.00719441966107,2026-09-14,2026-09-21,Health Care Real Estate moved from rank #5 to #5 among subcategories at 12 months; return +32.0% to +31.2%.
category_performance,category,Health Care Real Estate,,Health Care Real Estate,24,4,4,0,0.597853853484,0.606948650357,0.0090947968726,2026-09-14,2026-09-21,Health Care Real Estate moved from rank #4 to #4 among subcategories at 24 months; return +59.8% to +60.7%.
category_performance,category,Health Care Real Estate,,Health Care Real Estate,3,6,5,1,0.0749744156313,0.0825661017952,0.00759168616393,2026-09-14,2026-09-21,Health Care Real Estate moved from rank #6 to #5 among subcategories at 3 months; return +7.5% to +8.3%.
category_performance,category,Health IT and Data,,Health IT and Data,12,10,10,0,-0.360293427126,-0.38719869357,-0.0269052664438,2026-09-14,2026-09-21,Health IT and Data moved from rank #10 to #10 among subcategories at 12 months; return -36.0% to -38.7%.
category_performance,category,Health IT and Data,,Health IT and Data,24,8,8,0,-0.0332633153505,-0.0705018669784,-0.0372385516279,2026-09-14,2026-09-21,Health IT and Data moved from rank #8 to #8 among subcategories at 24 months; return -3.3% to -7.1%.
category_performance,category,Health IT and Data,,Health IT and Data,3,9,9,0,-0.0570511746516,-0.0505525855827,0.00649858906891,2026-09-14,2026-09-21,Health IT and Data moved from rank #9 to #9 among subcategories at 3 months; return -5.7% to -5.1%.
category_performance,category,Health System Providers,,Health System Providers,12,8,8,0,0.0924950600728,0.102700903329,0.0102058432557,2026-09-14,2026-09-21,Health System Providers moved from rank #8 to #8 among subcategories at 12 months; return +9.2% to +10.3%.
category_performance,category,Health System Providers,,Health System Providers,24,6,7,-1,0.138303753172,0.112599166194,-0.0257045869777,2026-09-14,2026-09-21,Health System Providers moved from rank #6 to #7 among subcategories at 24 months; return +13.8% to +11.3%.
category_performance,category,Health System Providers,,Health System Providers,3,3,2,1,0.18048793382,0.214074368108,0.0335864342884,2026-09-14,2026-09-21,Health System Providers moved from rank #3 to #2 among subcategories at 3 months; return +18.0% to +21.4%.
category_performance,category,Inpatient Non-Acute Providers,,Inpatient Non-Acute Providers,12,2,2,0,0.858125314328,0.620710867404,-0.237414446924,2026-09-14,2026-09-21,Inpatient Non-Acute Providers moved from rank #2 to #2 among subcategories at 12 months; return +85.8% to +62.1%.
category_performance,category,Inpatient Non-Acute Providers,,Inpatient Non-Acute Providers,24,7,6,1,0.119968984206,0.113009724004,-0.00695926020159,2026-09-14,2026-09-21,Inpatient Non-Acute Providers moved from rank #7 to #6 among subcategories at 24 months; return +12.0% to +11.3%.
category_performance,category,Inpatient Non-Acute Providers,,Inpatient Non-Acute Providers,3,2,3,-1,0.191853119685,0.17554535279,-0.0163077668954,2026-09-14,2026-09-21,Inpatient Non-Acute Providers moved from rank #2 to #3 among subcategories at 3 months; return +19.2% to +17.6%.
category_performance,category,Outpatient and Home Providers,,Outpatient and Home Providers,12,4,4,0,0.420157375477,0.395870047639,-0.0242873278376,2026-09-14,2026-09-21,Outpatient and Home Providers moved from rank #4 to #4 among subcategories at 12 months; return +42.0% to +39.6%.
category_performance,category,Outpatient and Home Providers,,Outpatient and Home Providers,24,2,3,-1,0.720767044748,0.648266023224,-0.0725010215245,2026-09-14,2026-09-21,Outpatient and Home Providers moved from rank #2 to #3 among subcategories at 24 months; return +72.1% to +64.8%.
category_performance,category,Outpatient and Home Providers,,Outpatient and Home Providers,3,7,7,0,0.0588849733254,0.0178754759244,-0.041009497401,2026-09-14,2026-09-21,Outpatient and Home Providers moved from rank #7 to #7 among subcategories at 3 months; return +5.9% to +1.8%.
category_performance,category,Payers,,Payers,12,7,7,0,0.190861908404,0.201124930851,0.0102630224467,2026-09-14,2026-09-21,Payers moved from rank #7 to #7 among subcategories at 12 months; return +19.1% to +20.1%.
category_performance,category,Payers,,Payers,24,10,9,1,-0.101753118753,-0.1135252133,-0.0117720945471,2026-09-14,2026-09-21,Payers moved from rank #10 to #9 among subcategories at 24 months; return -10.2% to -11.4%.
category_performance,category,Payers,,Payers,3,8,8,0,-0.0436898176978,-0.0359105156575,0.00777930204035,2026-09-14,2026-09-21,Payers moved from rank #8 to #8 among subcategories at 3 months; return -4.4% to -3.6%.
category_performance,category,Pharma Distribution,,Pharma Distribution,12,6,6,0,0.265556457701,0.262053859879,-0.00350259782187,2026-09-14,2026-09-21,Pharma Distribution moved from rank #6 to #6 among subcategories at 12 months; return +26.6% to +26.2%.
category_performance,category,Pharma Distribution,,Pharma Distribution,24,3,2,1,0.670000860119,0.666193168995,-0.00380769112365,2026-09-14,2026-09-21,Pharma Distribution moved from rank #3 to #2 among subcategories at 24 months; return +67.0% to +66.6%.
category_performance,category,Pharma Distribution,,Pharma Distribution,3,4,4,0,0.10632685106,0.113696437771,0.00736958671129,2026-09-14,2026-09-21,Pharma Distribution moved from rank #4 to #4 among subcategories at 3 months; return +10.6% to +11.4%.
category_performance,category,Precision Diagnostics,,Precision Diagnostics,12,1,1,0,0.922154666419,1.04003415539,0.117879488967,2026-09-14,2026-09-21,Precision Diagnostics moved from rank #1 to #1 among subcategories at 12 months; return +92.2% to +104.0%.
category_performance,category,Precision Diagnostics,,Precision Diagnostics,24,1,1,0,1.37393823037,1.70259924017,0.328661009804,2026-09-14,2026-09-21,Precision Diagnostics moved from rank #1 to #1 among subcategories at 24 months; return +137.4% to +170.3%.
category_performance,category,Precision Diagnostics,,Precision Diagnostics,3,1,1,0,0.324093927177,0.433141165066,0.109047237889,2026-09-14,2026-09-21,Precision Diagnostics moved from rank #1 to #1 among subcategories at 3 months; return +32.4% to +43.3%.
category_performance,category,Value-Based Care,,Value-Based Care,12,3,3,0,0.676411990542,0.581591220797,-0.0948207697449,2026-09-14,2026-09-21,Value-Based Care moved from rank #3 to #3 among subcategories at 12 months; return +67.6% to +58.2%.
category_performance,category,Value-Based Care,,Value-Based Care,24,9,10,-1,-0.0815863098036,-0.114626104091,-0.0330397942871,2026-09-14,2026-09-21,Value-Based Care moved from rank #9 to #10 among subcategories at 24 months; return -8.2% to -11.5%.
category_performance,category,Value-Based Care,,Value-Based Care,3,10,10,0,-0.123851306317,-0.16919385253,-0.0453425462131,2026-09-14,2026-09-21,Value-Based Care moved from rank #10 to #10 among subcategories at 3 months; return -12.4% to -16.9%.
within_category,stock,"Digital Health, Specialty, Benefits",AMWL,Amwell,12,2,1,1,0.957831325301,1.14174454829,0.183913222986,2026-09-14,2026-09-21,"Amwell moved from rank #2 to #1 within Digital Health, Specialty, Benefits at 12 months; return +95.8% to +114.2%."
within_category,stock,"Digital Health, Specialty, Benefits",AMWL,Amwell,24,4,5,-1,0.391862955032,0.375,-0.016862955032,2026-09-14,2026-09-21,"Amwell moved from rank #4 to #5 within Digital Health, Specialty, Benefits at 24 months; return +39.2% to +37.5%."
within_category,stock,"Digital Health, Specialty, Benefits",AMWL,Amwell,3,1,1,0,0.427003293085,0.631079478055,0.20407618497,2026-09-14,2026-09-21,"Amwell moved from rank #1 to #1 within Digital Health, Specialty, Benefits at 3 months; return +42.7% to +63.1%."
within_category,stock,"Digital Health, Specialty, Benefits",CON,Concentra Group,12,3,3,0,0.577878103837,0.716844143272,0.138966039435,2026-09-14,2026-09-21,"Concentra Group moved from rank #3 to #3 within Digital Health, Specialty, Benefits at 12 months; return +57.8% to +71.7%."
within_category,stock,"Digital Health, Specialty, Benefits",CON,Concentra Group,24,3,4,-1,0.511678200692,0.551618547682,0.0399403469895,2026-09-14,2026-09-21,"Concentra Group moved from rank #3 to #4 within Digital Health, Specialty, Benefits at 24 months; return +51.2% to +55.2%."
within_category,stock,"Digital Health, Specialty, Benefits",CON,Concentra Group,3,3,3,0,0.242445787416,0.241946778711,-0.000499008704515,2026-09-14,2026-09-21,"Concentra Group moved from rank #3 to #3 within Digital Health, Specialty, Benefits at 3 months; return +24.2% to +24.2%."
within_category,stock,"Digital Health, Specialty, Benefits",GDRX,GoodRx,12,7,7,0,-0.190930787589,-0.181598062954,0.009332724635,2026-09-14,2026-09-21,"GoodRx moved from rank #7 to #7 within Digital Health, Specialty, Benefits at 12 months; return -19.1% to -18.2%."
within_category,stock,"Digital Health, Specialty, Benefits",GDRX,GoodRx,24,9,9,0,-0.562580645161,-0.510853835022,0.0517268101393,2026-09-14,2026-09-21,"GoodRx moved from rank #9 to #9 within Digital Health, Specialty, Benefits at 24 months; return -56.3% to -51.1%."
within_category,stock,"Digital Health, Specialty, Benefits",GDRX,GoodRx,3,2,2,0,0.279245283019,0.270676691729,-0.00856859128968,2026-09-14,2026-09-21,"GoodRx moved from rank #2 to #2 within Digital Health, Specialty, Benefits at 3 months; return +27.9% to +27.1%."
within_category,stock,"Digital Health, Specialty, Benefits",HIMS,Hims & Hers,12,10,10,0,-0.504324324324,-0.515911449325,-0.0115871250015,2026-09-14,2026-09-21,"Hims & Hers moved from rank #10 to #10 within Digital Health, Specialty, Benefits at 12 months; return -50.4% to -51.6%."
within_category,stock,"Digital Health, Specialty, Benefits",HIMS,Hims & Hers,24,2,2,0,0.660229330115,0.71717791411,0.0569485839954,2026-09-14,2026-09-21,"Hims & Hers moved from rank #2 to #2 within Digital Health, Specialty, Benefits at 24 months; return +66.0% to +71.7%."
within_category,stock,"Digital Health, Specialty, Benefits",HIMS,Hims & Hers,3,7,8,-1,0.0257270693512,-0.210882435861,-0.236609505212,2026-09-14,2026-09-21,"Hims & Hers moved from rank #7 to #8 within Digital Health, Specialty, Benefits at 3 months; return +2.6% to -21.1%."
within_category,stock,"Digital Health, Specialty, Benefits",HQY,HealthEquity,12,5,5,0,0.040761163369,0.0149349263921,-0.0258262369769,2026-09-14,2026-09-21,"HealthEquity moved from rank #5 to #5 within Digital Health, Specialty, Benefits at 12 months; return +4.1% to +1.5%."
within_category,stock,"Digital Health, Specialty, Benefits",HQY,HealthEquity,24,5,6,-1,0.230474242618,0.196278134037,-0.0341961085805,2026-09-14,2026-09-21,"HealthEquity moved from rank #5 to #6 within Digital Health, Specialty, Benefits at 24 months; return +23.0% to +19.6%."
within_category,stock,"Digital Health, Specialty, Benefits",HQY,HealthEquity,3,5,5,0,0.0896536110482,0.116535617885,0.026882006837,2026-09-14,2026-09-21,"HealthEquity moved from rank #5 to #5 within Digital Health, Specialty, Benefits at 3 months; return +9.0% to +11.7%."
within_category,stock,"Digital Health, Specialty, Benefits",LFMD,LifeMD,12,9,9,0,-0.474137931034,-0.493710691824,-0.0195727607899,2026-09-14,2026-09-21,"LifeMD moved from rank #9 to #9 within Digital Health, Specialty, Benefits at 12 months; return -47.4% to -49.4%."
within_category,stock,"Digital Health, Specialty, Benefits",LFMD,LifeMD,24,8,8,0,-0.421252371917,-0.344195519348,0.0770568525687,2026-09-14,2026-09-21,"LifeMD moved from rank #8 to #8 within Digital Health, Specialty, Benefits at 24 months; return -42.1% to -34.4%."
within_category,stock,"Digital Health, Specialty, Benefits",LFMD,LifeMD,3,10,10,0,-0.351063829787,-0.322105263158,0.0289585666291,2026-09-14,2026-09-21,"LifeMD moved from rank #10 to #10 within Digital Health, Specialty, Benefits at 3 months; return -35.1% to -32.2%."
within_category,stock,"Digital Health, Specialty, Benefits",OMDA,Omada Health,12,6,6,0,-0.104735883424,-0.100792253521,0.00394362990287,2026-09-14,2026-09-21,"Omada Health moved from rank #6 to #6 within Digital Health, Specialty, Benefits at 12 months; return -10.5% to -10.1%."
within_category,stock,"Digital Health, Specialty, Benefits",OMDA,Omada Health,24,,,,,,,2026-09-14,2026-09-21,"Omada Health moved from rank unavailable within Digital Health, Specialty, Benefits at 24 months; return unavailable."
within_category,stock,"Digital Health, Specialty, Benefits",OMDA,Omada Health,3,4,4,0,0.147024504084,0.158163265306,0.0111387612221,2026-09-14,2026-09-21,"Omada Health moved from rank #4 to #4 within Digital Health, Specialty, Benefits at 3 months; return +14.7% to +15.8%."
within_category,stock,"Digital Health, Specialty, Benefits",PGNY,Progyny,12,4,4,0,0.215015548645,0.254856614246,0.0398410656011,2026-09-14,2026-09-21,"Progyny moved from rank #4 to #4 within Digital Health, Specialty, Benefits at 12 months; return +21.5% to +25.5%."
within_category,stock,"Digital Health, Specialty, Benefits",PGNY,Progyny,24,6,3,3,0.132505175983,0.632370637786,0.499865461803,2026-09-14,2026-09-21,"Progyny moved from rank #6 to #3 within Digital Health, Specialty, Benefits at 24 months; return +13.3% to +63.2%."
within_category,stock,"Digital Health, Specialty, Benefits",PGNY,Progyny,3,6,6,0,0.0270371761172,0.0402607361963,0.0132235600791,2026-09-14,2026-09-21,"Progyny moved from rank #6 to #6 within Digital Health, Specialty, Benefits at 3 months; return +2.7% to +4.0%."
within_category,stock,"Digital Health, Specialty, Benefits",TALK,Talkspace,12,1,2,-1,1.05078125,1.05078125,0,2026-09-14,2026-09-21,"Talkspace moved from rank #1 to #2 within Digital Health, Specialty, Benefits at 12 months; return +105.1% to +105.1%."
within_category,stock,"Digital Health, Specialty, Benefits",TALK,Talkspace,24,1,1,0,1.67857142857,1.39726027397,-0.281311154597,2026-09-14,2026-09-21,"Talkspace moved from rank #1 to #1 within Digital Health, Specialty, Benefits at 24 months; return +167.9% to +139.7%."
within_category,stock,"Digital Health, Specialty, Benefits",TALK,Talkspace,3,8,7,1,0.00767754318618,0.00767754318618,4.1373154902e-16,2026-09-14,2026-09-21,"Talkspace moved from rank #8 to #7 within Digital Health, Specialty, Benefits at 3 months; return +0.8% to +0.8%."
within_category,stock,"Digital Health, Specialty, Benefits",TDOC,Teladoc,12,8,8,0,-0.197916666667,-0.207547169811,-0.00963050314432,2026-09-14,2026-09-21,"Teladoc moved from rank #8 to #8 within Digital Health, Specialty, Benefits at 12 months; return -19.8% to -20.8%."
within_category,stock,"Digital Health, Specialty, Benefits",TDOC,Teladoc,24,7,7,0,-0.238566131026,-0.28,-0.041433868974,2026-09-14,2026-09-21,"Teladoc moved from rank #7 to #7 within Digital Health, Specialty, Benefits at 24 months; return -23.9% to -28.0%."
within_category,stock,"Digital Health, Specialty, Benefits",TDOC,Teladoc,3,9,9,0,-0.160762942779,-0.219330855019,-0.0585679122396,2026-09-14,2026-09-21,"Teladoc moved from rank #9 to #9 within Digital Health, Specialty, Benefits at 3 months; return -16.1% to -21.9%."
within_category,stock,Health Care Real Estate,CTRE,CareTrust REIT,12,3,5,-2,0.129239766082,0.0931857891672,-0.0360539769148,2026-09-14,2026-09-21,CareTrust REIT moved from rank #3 to #5 within Health Care Real Estate at 12 months; return +12.9% to +9.3%.
within_category,stock,Health Care Real Estate,CTRE,CareTrust REIT,24,3,3,0,0.2425997426,0.238126649077,-0.00447309352348,2026-09-14,2026-09-21,CareTrust REIT moved from rank #3 to #3 within Health Care Real Estate at 24 months; return +24.3% to +23.8%.
within_category,stock,Health Care Real Estate,CTRE,CareTrust REIT,3,4,6,-2,0.0480325644505,0.0129519697787,-0.0350805946718,2026-09-14,2026-09-21,CareTrust REIT moved from rank #4 to #6 within Health Care Real Estate at 3 months; return +4.8% to +1.3%.
within_category,stock,Health Care Real Estate,DOC,Healthpeak properties,12,4,4,0,0.122787610619,0.100703844071,-0.0220837665475,2026-09-14,2026-09-21,Healthpeak properties moved from rank #4 to #4 within Health Care Real Estate at 12 months; return +12.3% to +10.1%.
within_category,stock,Health Care Real Estate,DOC,Healthpeak properties,24,6,6,0,-0.100974313552,-0.0763289413903,0.0246453721617,2026-09-14,2026-09-21,Healthpeak properties moved from rank #6 to #6 within Health Care Real Estate at 24 months; return -10.1% to -7.6%.
within_category,stock,Health Care Real Estate,DOC,Healthpeak properties,3,6,5,1,-0.0188496858386,0.0393660531697,0.0582157390083,2026-09-14,2026-09-21,Healthpeak properties moved from rank #6 to #5 within Health Care Real Estate at 3 months; return -1.9% to +3.9%.
within_category,stock,Health Care Real Estate,MPT,Medical Properties Trust,12,,,,,,,2026-09-14,2026-09-21,Medical Properties Trust moved from rank unavailable within Health Care Real Estate at 12 months; return unavailable.
within_category,stock,Health Care Real Estate,MPT,Medical Properties Trust,24,,,,,,,2026-09-14,2026-09-21,Medical Properties Trust moved from rank unavailable within Health Care Real Estate at 24 months; return unavailable.
within_category,stock,Health Care Real Estate,MPT,Medical Properties Trust,3,8,8,0,-0.266129032258,-0.24944812362,0.0166809086377,2026-09-14,2026-09-21,Medical Properties Trust moved from rank #8 to #8 within Health Care Real Estate at 3 months; return -26.6% to -24.9%.
within_category,stock,Health Care Real Estate,NHI,National Health Investors,12,7,7,0,-0.101800996296,-0.136415743217,-0.0346147469214,2026-09-14,2026-09-21,National Health Investors moved from rank #7 to #7 within Health Care Real Estate at 12 months; return -10.2% to -13.6%.
within_category,stock,Health Care Real Estate,NHI,National Health Investors,24,7,7,0,-0.173192239859,-0.185096153846,-0.0119039139872,2026-09-14,2026-09-21,National Health Investors moved from rank #7 to #7 within Health Care Real Estate at 24 months; return -17.3% to -18.5%.
within_category,stock,Health Care Real Estate,NHI,National Health Investors,3,7,7,0,-0.0246879334258,-0.0426433210957,-0.0179553876699,2026-09-14,2026-09-21,National Health Investors moved from rank #7 to #7 within Health Care Real Estate at 3 months; return -2.5% to -4.3%.
within_category,stock,Health Care Real Estate,OHI,Omega Healthcare Investors,12,5,3,2,0.106167608286,0.123525162533,0.0173575542471,2026-09-14,2026-09-21,Omega Healthcare Investors moved from rank #5 to #3 within Health Care Real Estate at 12 months; return +10.6% to +12.4%.
within_category,stock,Health Care Real Estate,OHI,Omega Healthcare Investors,24,4,4,0,0.156819300837,0.154664686959,-0.00215461387833,2026-09-14,2026-09-21,Omega Healthcare Investors moved from rank #4 to #4 within Health Care Real Estate at 24 months; return +15.7% to +15.5%.
within_category,stock,Health Care Real Estate,OHI,Omega Healthcare Investors,3,5,4,1,0.0266550142014,0.0478329216259,0.0211779074245,2026-09-14,2026-09-21,Omega Healthcare Investors moved from rank #5 to #4 within Health Care Real Estate at 3 months; return +2.7% to +4.8%.
within_category,stock,Health Care Real Estate,SBRA,Sabra Health Care REIT,12,6,6,0,0.0771653543307,0.0550507749866,-0.0221145793441,2026-09-14,2026-09-21,Sabra Health Care REIT moved from rank #6 to #6 within Health Care Real Estate at 12 months; return +7.7% to +5.5%.
within_category,stock,Health Care Real Estate,SBRA,Sabra Health Care REIT,24,5,5,0,0.103819257665,0.0590128755365,-0.0448063821285,2026-09-14,2026-09-21,Sabra Health Care REIT moved from rank #5 to #5 within Health Care Real Estate at 24 months; return +10.4% to +5.9%.
within_category,stock,Health Care Real Estate,SBRA,Sabra Health Care REIT,3,2,2,0,0.0955686065136,0.0894039735099,-0.00616463300367,2026-09-14,2026-09-21,Sabra Health Care REIT moved from rank #2 to #2 within Health Care Real Estate at 3 months; return +9.6% to +8.9%.
within_category,stock,Health Care Real Estate,VTR,"Ventas, Inc",12,2,2,0,0.290549261437,0.291374944138,0.000825682701239,2026-09-14,2026-09-21,"Ventas, Inc moved from rank #2 to #2 within Health Care Real Estate at 12 months; return +29.1% to +29.1%."
within_category,stock,Health Care Real Estate,VTR,"Ventas, Inc",24,2,2,0,0.383184752536,0.394402444909,0.0112176923731,2026-09-14,2026-09-21,"Ventas, Inc moved from rank #2 to #2 within Health Care Real Estate at 24 months; return +38.3% to +39.4%."
within_category,stock,Health Care Real Estate,VTR,"Ventas, Inc",3,3,3,0,0.0637115839243,0.0623774509804,-0.00133413294391,2026-09-14,2026-09-21,"Ventas, Inc moved from rank #3 to #3 within Health Care Real Estate at 3 months; return +6.4% to +6.2%."
within_category,stock,Health Care Real Estate,WELL,Welltower,12,1,1,0,0.39312954532,0.385495490042,-0.00763405527823,2026-09-14,2026-09-21,Welltower moved from rank #1 to #1 within Health Care Real Estate at 12 months; return +39.3% to +38.5%.
within_category,stock,Health Care Real Estate,WELL,Welltower,24,1,1,0,0.815953757225,0.827013650515,0.0110598932899,2026-09-14,2026-09-21,Welltower moved from rank #1 to #1 within Health Care Real Estate at 24 months; return +81.6% to +82.7%.
within_category,stock,Health Care Real Estate,WELL,Welltower,3,1,1,0,0.0998459599496,0.107524800387,0.00767884043753,2026-09-14,2026-09-21,Welltower moved from rank #1 to #1 within Health Care Real Estate at 3 months; return +10.0% to +10.8%.
within_category,stock,Health IT and Data,CCSI,Consensus Cloud Solutions,12,2,2,0,0.329833454019,0.205730065585,-0.124103388434,2026-09-14,2026-09-21,Consensus Cloud Solutions moved from rank #2 to #2 within Health IT and Data at 12 months; return +33.0% to +20.6%.
within_category,stock,Health IT and Data,CCSI,Consensus Cloud Solutions,24,1,1,0,0.630270750111,0.538766519824,-0.0915042302872,2026-09-14,2026-09-21,Consensus Cloud Solutions moved from rank #1 to #1 within Health IT and Data at 24 months; return +63.0% to +53.9%.
within_category,stock,Health IT and Data,CCSI,Consensus Cloud Solutions,3,8,9,-1,0.0551565642057,0.0231400117165,-0.0320165524892,2026-09-14,2026-09-21,Consensus Cloud Solutions moved from rank #8 to #9 within Health IT and Data at 3 months; return +5.5% to +2.3%.
within_category,stock,Health IT and Data,DH,Definitive Healthcare,12,12,12,0,-0.746987951807,-0.771971496437,-0.0249835446301,2026-09-14,2026-09-21,Definitive Healthcare moved from rank #12 to #12 within Health IT and Data at 12 months; return -74.7% to -77.2%.
within_category,stock,Health IT and Data,DH,Definitive Healthcare,24,11,11,0,-0.763513513514,-0.786666666667,-0.0231531531527,2026-09-14,2026-09-21,Definitive Healthcare moved from rank #11 to #11 within Health IT and Data at 24 months; return -76.4% to -78.7%.
within_category,stock,Health IT and Data,DH,Definitive Healthcare,3,5,5,0,0.250744490768,0.263157894737,0.0124134039688,2026-09-14,2026-09-21,Definitive Healthcare moved from rank #5 to #5 within Health IT and Data at 3 months; return +25.1% to +26.3%.
within_category,stock,Health IT and Data,DOCS,Doximity,12,11,11,0,-0.639870477263,-0.641444658061,-0.00157418079797,2026-09-14,2026-09-21,Doximity moved from rank #11 to #11 within Health IT and Data at 12 months; return -64.0% to -64.1%.
within_category,stock,Health IT and Data,DOCS,Doximity,24,8,8,0,-0.349440488301,-0.361301369863,-0.011860881562,2026-09-14,2026-09-21,Doximity moved from rank #8 to #8 within Health IT and Data at 24 months; return -34.9% to -36.1%.
within_category,stock,Health IT and Data,DOCS,Doximity,3,3,4,-1,0.276447105788,0.2761485826,-0.000298523187805,2026-09-14,2026-09-21,Doximity moved from rank #3 to #4 within Health IT and Data at 3 months; return +27.6% to +27.6%.
within_category,stock,Health IT and Data,HCAT,Health Catalyst,12,8,8,0,-0.456869009585,-0.38062283737,0.0762461722148,2026-09-14,2026-09-21,Health Catalyst moved from rank #8 to #8 within Health IT and Data at 12 months; return -45.7% to -38.1%.
within_category,stock,Health IT and Data,HCAT,Health Catalyst,24,12,12,0,-0.798578199052,-0.794016110472,0.00456208858019,2026-09-14,2026-09-21,Health Catalyst moved from rank #12 to #12 within Health IT and Data at 24 months; return -79.9% to -79.4%.
within_category,stock,Health IT and Data,HCAT,Health Catalyst,3,10,8,2,-0.0810810810811,0.0287356321839,0.109816713265,2026-09-14,2026-09-21,Health Catalyst moved from rank #10 to #8 within Health IT and Data at 3 months; return -8.1% to +2.9%.
within_category,stock,Health IT and Data,IQV,Iqvia,12,1,1,0,0.398194637325,0.42303172738,0.0248370900546,2026-09-14,2026-09-21,Iqvia moved from rank #1 to #1 within Health IT and Data at 12 months; return +39.8% to +42.3%.
within_category,stock,Health IT and Data,IQV,Iqvia,24,4,4,0,0.0966485127775,0.100363456137,0.00371494335995,2026-09-14,2026-09-21,Iqvia moved from rank #4 to #4 within Health IT and Data at 24 months; return +9.7% to +10.0%.
within_category,stock,Health IT and Data,IQV,Iqvia,3,2,2,0,0.442576876447,0.588007391071,0.145430514624,2026-09-14,2026-09-21,Iqvia moved from rank #2 to #2 within Health IT and Data at 3 months; return +44.3% to +58.8%.
within_category,stock,Health IT and Data,MDRX,Veradigm,12,4,4,0,0.0322580645161,0.0300429184549,-0.00221514606116,2026-09-14,2026-09-21,Veradigm moved from rank #4 to #4 within Health IT and Data at 12 months; return +3.2% to +3.0%.
within_category,stock,Health IT and Data,MDRX,Veradigm,24,9,9,0,-0.510204081633,-0.507692307692,0.00251177394069,2026-09-14,2026-09-21,Veradigm moved from rank #9 to #9 within Health IT and Data at 24 months; return -51.0% to -50.8%.
within_category,stock,Health IT and Data,MDRX,Veradigm,3,9,10,-1,0,0,0,2026-09-14,2026-09-21,Veradigm moved from rank #9 to #10 within Health IT and Data at 3 months; return +0.0% to +0.0%.
within_category,stock,Health IT and Data,OMCL,Omnicell,12,5,5,0,0.0301602262017,0.0283982131461,-0.00176201305556,2026-09-14,2026-09-21,Omnicell moved from rank #5 to #5 within Health IT and Data at 12 months; return +3.0% to +2.8%.
within_category,stock,Health IT and Data,OMCL,Omnicell,24,7,7,0,-0.240268767377,-0.277678171224,-0.0374094038467,2026-09-14,2026-09-21,Omnicell moved from rank #7 to #7 within Health IT and Data at 24 months; return -24.0% to -27.8%.
within_category,stock,Health IT and Data,OMCL,Omnicell,3,11,11,0,-0.133227597145,-0.174647887324,-0.0414202901789,2026-09-14,2026-09-21,Omnicell moved from rank #11 to #11 within Health IT and Data at 3 months; return -13.3% to -17.5%.
within_category,stock,Health IT and Data,ORCL,Oracle-Cerner,12,9,9,0,-0.48565952495,-0.521771528543,-0.0361120035927,2026-09-14,2026-09-21,Oracle-Cerner moved from rank #9 to #9 within Health IT and Data at 12 months; return -48.6% to -52.2%.
within_category,stock,Health IT and Data,ORCL,Oracle-Cerner,24,5,6,-1,-0.0725174350429,-0.121369047619,-0.0488516125761,2026-09-14,2026-09-21,Oracle-Cerner moved from rank #5 to #6 within Health IT and Data at 24 months; return -7.3% to -12.1%.
within_category,stock,Health IT and Data,ORCL,Oracle-Cerner,3,12,12,0,-0.18383750611,-0.199034130989,-0.0151966248792,2026-09-14,2026-09-21,Oracle-Cerner moved from rank #12 to #12 within Health IT and Data at 3 months; return -18.4% to -19.9%.
within_category,stock,Health IT and Data,PHR,Phreesia,12,10,10,0,-0.573790822654,-0.579388353582,-0.0055975309279,2026-09-14,2026-09-21,Phreesia moved from rank #10 to #10 within Health IT and Data at 12 months; return -57.4% to -57.9%.
within_category,stock,Health IT and Data,PHR,Phreesia,24,10,10,0,-0.582422033212,-0.574395930479,0.00802610273298,2026-09-14,2026-09-21,Phreesia moved from rank #10 to #10 within Health IT and Data at 24 months; return -58.2% to -57.4%.
within_category,stock,Health IT and Data,PHR,Phreesia,3,6,7,-1,0.137969094923,0.0703624733475,-0.0676066215755,2026-09-14,2026-09-21,Phreesia moved from rank #6 to #7 within Health IT and Data at 3 months; return +13.8% to +7.0%.
within_category,stock,Health IT and Data,SOLV,Solventum,12,3,3,0,0.191579234228,0.205100379816,0.0135211455875,2026-09-14,2026-09-21,Solventum moved from rank #3 to #3 within Health IT and Data at 12 months; return +19.2% to +20.5%.
within_category,stock,Health IT and Data,SOLV,Solventum,24,2,2,0,0.249285714286,0.27005003574,0.0207643214538,2026-09-14,2026-09-21,Solventum moved from rank #2 to #2 within Health IT and Data at 24 months; return +24.9% to +27.0%.
within_category,stock,Health IT and Data,SOLV,Solventum,3,7,6,1,0.108786610879,0.17778072385,0.0689941129709,2026-09-14,2026-09-21,Solventum moved from rank #7 to #6 within Health IT and Data at 3 months; return +10.9% to +17.8%.
within_category,stock,Health IT and Data,VEEV,Veeva Systems,12,6,6,0,-0.0507542596679,-0.0632852154505,-0.0125309557826,2026-09-14,2026-09-21,Veeva Systems moved from rank #6 to #6 within Health IT and Data at 12 months; return -5.1% to -6.3%.
within_category,stock,Health IT and Data,VEEV,Veeva Systems,24,3,3,0,0.203945859142,0.210954951601,0.00700909245889,2026-09-14,2026-09-21,Veeva Systems moved from rank #3 to #3 within Health IT and Data at 24 months; return +20.4% to +21.1%.
within_category,stock,Health IT and Data,VEEV,Veeva Systems,3,1,1,0,0.64472859471,0.697390737117,0.0526621424068,2026-09-14,2026-09-21,Veeva Systems moved from rank #1 to #1 within Health IT and Data at 3 months; return +64.5% to +69.7%.
within_category,stock,Health IT and Data,WAY,Waystar,12,7,7,0,-0.371788008565,-0.321164021164,0.050623987401,2026-09-14,2026-09-21,Waystar moved from rank #7 to #7 within Health IT and Data at 12 months; return -37.2% to -32.1%.
within_category,stock,Health IT and Data,WAY,Waystar,24,6,5,1,-0.125232948192,-0.0611050128064,0.0641279353856,2026-09-14,2026-09-21,Waystar moved from rank #6 to #5 within Health IT and Data at 24 months; return -12.5% to -6.1%.
within_category,stock,Health IT and Data,WAY,Waystar,3,4,3,1,0.251733333333,0.389279913373,0.13754658004,2026-09-14,2026-09-21,Waystar moved from rank #4 to #3 within Health IT and Data at 3 months; return +25.2% to +38.9%.
within_category,stock,Health System Providers,ARDT,Ardent Health Partners,12,5,5,0,-0.160550458716,-0.182527301092,-0.021976842376,2026-09-14,2026-09-21,Ardent Health Partners moved from rank #5 to #5 within Health System Providers at 12 months; return -16.1% to -18.3%.
within_category,stock,Health System Providers,ARDT,Ardent Health Partners,24,4,4,0,-0.395041322314,-0.426695842451,-0.0316545201368,2026-09-14,2026-09-21,Ardent Health Partners moved from rank #4 to #4 within Health System Providers at 24 months; return -39.5% to -42.7%.
within_category,stock,Health System Providers,ARDT,Ardent Health Partners,3,3,3,0,0.174331550802,0.17620650954,0.00187495873784,2026-09-14,2026-09-21,Ardent Health Partners moved from rank #3 to #3 within Health System Providers at 3 months; return +17.4% to +17.6%.
within_category,stock,Health System Providers,CYH,Community Health Systems,12,3,3,0,-0.00680272108844,-0.0559210526316,-0.0491183315431,2026-09-14,2026-09-21,Community Health Systems moved from rank #3 to #3 within Health System Providers at 12 months; return -0.7% to -5.6%.
within_category,stock,Health System Providers,CYH,Community Health Systems,24,5,5,0,-0.48951048951,-0.513559322034,-0.0240488325239,2026-09-14,2026-09-21,Community Health Systems moved from rank #5 to #5 within Health System Providers at 24 months; return -49.0% to -51.4%.
within_category,stock,Health System Providers,CYH,Community Health Systems,3,5,5,0,-0.0641025641026,-0.0496688741722,0.0144336899304,2026-09-14,2026-09-21,Community Health Systems moved from rank #5 to #5 within Health System Providers at 3 months; return -6.4% to -5.0%.
within_category,stock,Health System Providers,HCA,HCA Healthcare,12,2,2,0,0.053834571619,0.0631618195377,0.00932724791866,2026-09-14,2026-09-21,HCA Healthcare moved from rank #2 to #2 within Health System Providers at 12 months; return +5.4% to +6.3%.
within_category,stock,Health System Providers,HCA,HCA Healthcare,24,2,2,0,0.0817371034762,0.0569613996936,-0.0247757037826,2026-09-14,2026-09-21,HCA Healthcare moved from rank #2 to #2 within Health System Providers at 24 months; return +8.2% to +5.7%.
within_category,stock,Health System Providers,HCA,HCA Healthcare,3,4,4,0,0.102691254714,0.140043180425,0.0373519257109,2026-09-14,2026-09-21,HCA Healthcare moved from rank #4 to #4 within Health System Providers at 3 months; return +10.3% to +14.0%.
within_category,stock,Health System Providers,THC,Tenet Health,12,1,1,0,0.367544860492,0.377879457242,0.01033459675,2026-09-14,2026-09-21,Tenet Health moved from rank #1 to #1 within Health System Providers at 12 months; return +36.8% to +37.8%.
within_category,stock,Health System Providers,THC,Tenet Health,24,1,1,0,0.623606920756,0.586279970937,-0.0373269498187,2026-09-14,2026-09-21,Tenet Health moved from rank #1 to #1 within Health System Providers at 24 months; return +62.4% to +58.6%.
within_category,stock,Health System Providers,THC,Tenet Health,3,1,1,0,0.509733195924,0.518166541114,0.00843334518975,2026-09-14,2026-09-21,Tenet Health moved from rank #1 to #1 within Health System Providers at 3 months; return +51.0% to +51.8%.
within_category,stock,Health System Providers,UHS,Universal Health Services,12,4,4,0,-0.08809722512,-0.0633481764207,0.0247490486993,2026-09-14,2026-09-21,Universal Health Services moved from rank #4 to #4 within Health System Providers at 12 months; return -8.8% to -6.3%.
within_category,stock,Health System Providers,UHS,Universal Health Services,24,3,3,0,-0.248237014104,-0.257667422906,-0.00943040880164,2026-09-14,2026-09-21,Universal Health Services moved from rank #3 to #3 within Health System Providers at 24 months; return -24.8% to -25.8%.
within_category,stock,Health System Providers,UHS,Universal Health Services,3,2,2,0,0.1940308701,0.251611532195,0.0575806620952,2026-09-14,2026-09-21,Universal Health Services moved from rank #2 to #2 within Health System Providers at 3 months; return +19.4% to +25.2%.
within_category,stock,Inpatient Non-Acute Providers,ACHC,Acadia Healthcare,12,2,2,0,0.305108145421,0.279584462511,-0.0255236829097,2026-09-14,2026-09-21,Acadia Healthcare moved from rank #2 to #2 within Inpatient Non-Acute Providers at 12 months; return +30.5% to +28.0%.
within_category,stock,Inpatient Non-Acute Providers,ACHC,Acadia Healthcare,24,4,4,0,-0.637479227918,-0.629188481675,0.00829074624261,2026-09-14,2026-09-21,Acadia Healthcare moved from rank #4 to #4 within Inpatient Non-Acute Providers at 24 months; return -63.7% to -62.9%.
within_category,stock,Inpatient Non-Acute Providers,ACHC,Acadia Healthcare,3,4,3,1,0.152845528455,0.139123441898,-0.0137220865571,2026-09-14,2026-09-21,Acadia Healthcare moved from rank #4 to #3 within Inpatient Non-Acute Providers at 3 months; return +15.3% to +13.9%.
within_category,stock,Inpatient Non-Acute Providers,EHC,Encompass Health,12,4,4,0,-0.0344307814359,-0.0186200225697,0.0158107588662,2026-09-14,2026-09-21,Encompass Health moved from rank #4 to #4 within Inpatient Non-Acute Providers at 12 months; return -3.4% to -1.9%.
within_category,stock,Inpatient Non-Acute Providers,EHC,Encompass Health,24,1,1,0,0.305201072386,0.314085267134,0.00888419474838,2026-09-14,2026-09-21,Encompass Health moved from rank #1 to #1 within Inpatient Non-Acute Providers at 24 months; return +30.5% to +31.4%.
within_category,stock,Inpatient Non-Acute Providers,EHC,Encompass Health,3,2,1,1,0.199467823002,0.241966744874,0.042498921872,2026-09-14,2026-09-21,Encompass Health moved from rank #2 to #1 within Inpatient Non-Acute Providers at 3 months; return +19.9% to +24.2%.
within_category,stock,Inpatient Non-Acute Providers,ENSG,The Ensign Group,12,3,3,0,0.0356568843384,0.0585549942175,0.0228981098791,2026-09-14,2026-09-21,The Ensign Group moved from rank #3 to #3 within Inpatient Non-Acute Providers at 12 months; return +3.6% to +5.9%.
within_category,stock,Inpatient Non-Acute Providers,ENSG,The Ensign Group,24,2,2,0,0.139134420219,0.152790666843,0.0136562466244,2026-09-14,2026-09-21,The Ensign Group moved from rank #2 to #2 within Inpatient Non-Acute Providers at 24 months; return +13.9% to +15.3%.
within_category,stock,Inpatient Non-Acute Providers,ENSG,The Ensign Group,3,3,4,-1,0.164758653009,0.131858119102,-0.0329005339071,2026-09-14,2026-09-21,The Ensign Group moved from rank #3 to #4 within Inpatient Non-Acute Providers at 3 months; return +16.5% to +13.2%.
within_category,stock,Inpatient Non-Acute Providers,PACS,PACS Group,12,1,1,0,3.59076923077,2.51879699248,-1.07197223829,2026-09-14,2026-09-21,PACS Group moved from rank #1 to #1 within Inpatient Non-Acute Providers at 12 months; return +359.1% to +251.9%.
within_category,stock,Inpatient Non-Acute Providers,PACS,PACS Group,24,3,3,0,0.0992141453831,0.0331125827815,-0.0661015626016,2026-09-14,2026-09-21,PACS Group moved from rank #3 to #3 within Inpatient Non-Acute Providers at 24 months; return +9.9% to +3.3%.
within_category,stock,Inpatient Non-Acute Providers,PACS,PACS Group,3,1,2,-1,0.233737596472,0.151134189669,-0.0826034068027,2026-09-14,2026-09-21,PACS Group moved from rank #1 to #2 within Inpatient Non-Acute Providers at 3 months; return +23.4% to +15.1%.
within_category,stock,Outpatient and Home Providers,ADUS,Addus HomeCare,12,7,8,-1,0.0618481908044,0.0462019660411,-0.0156462247633,2026-09-14,2026-09-21,Addus HomeCare moved from rank #7 to #8 within Outpatient and Home Providers at 12 months; return +6.2% to +4.6%.
within_category,stock,Outpatient and Home Providers,ADUS,Addus HomeCare,24,8,8,0,-0.100207484823,-0.102499233364,-0.002291748541,2026-09-14,2026-09-21,Addus HomeCare moved from rank #8 to #8 within Outpatient and Home Providers at 24 months; return -10.0% to -10.2%.
within_category,stock,Outpatient and Home Providers,ADUS,Addus HomeCare,3,3,4,-1,0.255253001715,0.242385652128,-0.0128673495872,2026-09-14,2026-09-21,Addus HomeCare moved from rank #3 to #4 within Outpatient and Home Providers at 3 months; return +25.5% to +24.2%.
within_category,stock,Outpatient and Home Providers,AVAH,Aveanna Healthcare,12,3,3,0,0.668246445498,0.687654320988,0.0194078754897,2026-09-14,2026-09-21,Aveanna Healthcare moved from rank #3 to #3 within Outpatient and Home Providers at 12 months; return +66.8% to +68.8%.
within_category,stock,Outpatient and Home Providers,AVAH,Aveanna Healthcare,24,2,2,0,1.61224489796,1.47644927536,-0.135795622598,2026-09-14,2026-09-21,Aveanna Healthcare moved from rank #2 to #2 within Outpatient and Home Providers at 24 months; return +161.2% to +147.6%.
within_category,stock,Outpatient and Home Providers,AVAH,Aveanna Healthcare,3,1,1,0,0.985895627645,0.754813863928,-0.231081763717,2026-09-14,2026-09-21,Aveanna Healthcare moved from rank #1 to #1 within Outpatient and Home Providers at 3 months; return +98.6% to +75.5%.
within_category,stock,Outpatient and Home Providers,BTSG,BrightSpring Health Services,12,2,2,0,1.22041587902,1.07909190773,-0.141323971294,2026-09-14,2026-09-21,BrightSpring Health Services moved from rank #2 to #2 within Outpatient and Home Providers at 12 months; return +122.0% to +107.9%.
within_category,stock,Outpatient and Home Providers,BTSG,BrightSpring Health Services,24,1,1,0,3.240433213,2.85471826205,-0.38571495095,2026-09-14,2026-09-21,BrightSpring Health Services moved from rank #1 to #1 within Outpatient and Home Providers at 24 months; return +324.0% to +285.5%.
within_category,stock,Outpatient and Home Providers,BTSG,BrightSpring Health Services,3,10,11,-1,-0.0711687490115,-0.142943396226,-0.0717746472149,2026-09-14,2026-09-21,BrightSpring Health Services moved from rank #10 to #11 within Outpatient and Home Providers at 3 months; return -7.1% to -14.3%.
within_category,stock,Outpatient and Home Providers,CHE,Chemed (Vitas),12,6,6,0,0.155846774194,0.11456053068,-0.0412862435141,2026-09-14,2026-09-21,Chemed (Vitas) moved from rank #6 to #6 within Outpatient and Home Providers at 12 months; return +15.6% to +11.5%.
within_category,stock,Outpatient and Home Providers,CHE,Chemed (Vitas),24,9,9,0,-0.102286171619,-0.134006803422,-0.0317206318033,2026-09-14,2026-09-21,Chemed (Vitas) moved from rank #9 to #9 within Outpatient and Home Providers at 24 months; return -10.2% to -13.4%.
within_category,stock,Outpatient and Home Providers,CHE,Chemed (Vitas),3,4,6,-2,0.230521571153,0.155385426456,-0.0751361446969,2026-09-14,2026-09-21,Chemed (Vitas) moved from rank #4 to #6 within Outpatient and Home Providers at 3 months; return +23.1% to +15.5%.
within_category,stock,Outpatient and Home Providers,DVA,Davita,12,5,5,0,0.36329503642,0.412569145667,0.0492741092469,2026-09-14,2026-09-21,Davita moved from rank #5 to #5 within Outpatient and Home Providers at 12 months; return +36.3% to +41.3%.
within_category,stock,Outpatient and Home Providers,DVA,Davita,24,5,4,1,0.109990217657,0.121097560976,0.0111073433186,2026-09-14,2026-09-21,Davita moved from rank #5 to #4 within Outpatient and Home Providers at 24 months; return +11.0% to +12.1%.
within_category,stock,Outpatient and Home Providers,DVA,Davita,3,11,10,1,-0.129924278731,-0.115675051705,0.0142492270259,2026-09-14,2026-09-21,Davita moved from rank #11 to #10 within Outpatient and Home Providers at 3 months; return -13.0% to -11.6%.
within_category,stock,Outpatient and Home Providers,FMS,Fresenius,12,9,9,0,-0.104925911093,-0.122529644269,-0.0176037331758,2026-09-14,2026-09-21,Fresenius moved from rank #9 to #9 within Outpatient and Home Providers at 12 months; return -10.5% to -12.3%.
within_category,stock,Outpatient and Home Providers,FMS,Fresenius,24,6,6,0,0.0597439544808,0.0962962962963,0.0365523418155,2026-09-14,2026-09-21,Fresenius moved from rank #6 to #6 within Outpatient and Home Providers at 24 months; return +6.0% to +9.6%.
within_category,stock,Outpatient and Home Providers,FMS,Fresenius,3,8,8,0,-0.0291051259774,-0.0589232725731,-0.0298181465957,2026-09-14,2026-09-21,Fresenius moved from rank #8 to #8 within Outpatient and Home Providers at 3 months; return -2.9% to -5.9%.
within_category,stock,Outpatient and Home Providers,LFST,Lifestance Health,12,1,1,0,1.47992351816,1.4034416826,-0.0764818355596,2026-09-14,2026-09-21,Lifestance Health moved from rank #1 to #1 within Outpatient and Home Providers at 12 months; return +148.0% to +140.3%.
within_category,stock,Outpatient and Home Providers,LFST,Lifestance Health,24,3,3,0,0.868876080692,0.845814977974,-0.0230611027184,2026-09-14,2026-09-21,Lifestance Health moved from rank #3 to #3 within Outpatient and Home Providers at 24 months; return +86.9% to +84.6%.
within_category,stock,Outpatient and Home Providers,LFST,Lifestance Health,3,2,2,0,0.525882352941,0.399777282851,-0.12610507009,2026-09-14,2026-09-21,Lifestance Health moved from rank #2 to #2 within Outpatient and Home Providers at 3 months; return +52.6% to +40.0%.
within_category,stock,Outpatient and Home Providers,OPCH,Option Care Health,12,10,10,0,-0.175561797753,-0.141646061462,0.0339157362906,2026-09-14,2026-09-21,Option Care Health moved from rank #10 to #10 within Outpatient and Home Providers at 12 months; return -17.6% to -14.2%.
within_category,stock,Outpatient and Home Providers,OPCH,Option Care Health,24,10,10,0,-0.266020631447,-0.238244514107,0.0277761173404,2026-09-14,2026-09-21,Option Care Health moved from rank #10 to #10 within Outpatient and Home Providers at 24 months; return -26.6% to -23.8%.
within_category,stock,Outpatient and Home Providers,OPCH,Option Care Health,3,7,7,0,0.131021194605,0.105047748977,-0.0259734456282,2026-09-14,2026-09-21,Option Care Health moved from rank #7 to #7 within Outpatient and Home Providers at 3 months; return +13.1% to +10.5%.
within_category,stock,Outpatient and Home Providers,PNTG,Pennant Group,12,4,4,0,0.532447224394,0.642620232172,0.110173007778,2026-09-14,2026-09-21,Pennant Group moved from rank #4 to #4 within Outpatient and Home Providers at 12 months; return +53.2% to +64.3%.
within_category,stock,Outpatient and Home Providers,PNTG,Pennant Group,24,4,5,-1,0.135573580533,0.110426008969,-0.0251475715644,2026-09-14,2026-09-21,Pennant Group moved from rank #4 to #5 within Outpatient and Home Providers at 24 months; return +13.6% to +11.0%.
within_category,stock,Outpatient and Home Providers,PNTG,Pennant Group,3,6,5,1,0.193302891933,0.18480861244,-0.00849427949281,2026-09-14,2026-09-21,Pennant Group moved from rank #6 to #5 within Outpatient and Home Providers at 3 months; return +19.3% to +18.5%.
within_category,stock,Outpatient and Home Providers,SGRY,Surgery Partners,12,11,11,0,-0.34247828075,-0.387141535615,-0.0446632548652,2026-09-14,2026-09-21,Surgery Partners moved from rank #11 to #11 within Outpatient and Home Providers at 12 months; return -34.2% to -38.7%.
within_category,stock,Outpatient and Home Providers,SGRY,Surgery Partners,24,11,11,0,-0.536129032258,-0.593183911575,-0.0570548793171,2026-09-14,2026-09-21,Surgery Partners moved from rank #11 to #11 within Outpatient and Home Providers at 24 months; return -53.6% to -59.3%.
within_category,stock,Outpatient and Home Providers,SGRY,Surgery Partners,3,9,9,0,-0.0607446113651,-0.0893470790378,-0.0286024676727,2026-09-14,2026-09-21,Surgery Partners moved from rank #9 to #9 within Outpatient and Home Providers at 3 months; return -6.1% to -8.9%.
within_category,stock,Outpatient and Home Providers,USPH,US Physical Therapy,12,8,7,1,-0.019309829326,0.0508409785933,0.0701508079193,2026-09-14,2026-09-21,US Physical Therapy moved from rank #8 to #7 within Outpatient and Home Providers at 12 months; return -1.9% to +5.1%.
within_category,stock,Outpatient and Home Providers,USPH,US Physical Therapy,24,7,7,0,-0.0693935453363,-0.00972622478386,0.0596673205524,2026-09-14,2026-09-21,US Physical Therapy moved from rank #7 to #7 within Outpatient and Home Providers at 24 months; return -6.9% to -1.0%.
within_category,stock,Outpatient and Home Providers,USPH,US Physical Therapy,3,5,3,2,0.200732153752,0.302432090967,0.101699937215,2026-09-14,2026-09-21,US Physical Therapy moved from rank #5 to #3 within Outpatient and Home Providers at 3 months; return +20.1% to +30.2%.
within_category,stock,Payers,ALHC,Alignment Health,12,10,10,0,-0.213840399002,-0.495163240629,-0.281322841627,2026-09-14,2026-09-21,Alignment Health moved from rank #10 to #10 within Payers at 12 months; return -21.4% to -49.5%.
within_category,stock,Payers,ALHC,Alignment Health,24,5,8,-3,0.0605550883095,-0.26946631671,-0.33002140502,2026-09-14,2026-09-21,Alignment Health moved from rank #5 to #8 within Payers at 24 months; return +6.1% to -26.9%.
within_category,stock,Payers,ALHC,Alignment Health,3,10,10,0,-0.361518987342,-0.61802378774,-0.256504800398,2026-09-14,2026-09-21,Alignment Health moved from rank #10 to #10 within Payers at 3 months; return -36.2% to -61.8%.
within_category,stock,Payers,CI,Cigna,12,9,9,0,-0.0726648170168,-0.0519355283097,0.0207292887071,2026-09-14,2026-09-21,Cigna moved from rank #9 to #9 within Payers at 12 months; return -7.3% to -5.2%.
within_category,stock,Payers,CI,Cigna,24,7,6,1,-0.230203992104,-0.227045543887,0.00315844821676,2026-09-14,2026-09-21,Cigna moved from rank #7 to #6 within Payers at 24 months; return -23.0% to -22.7%.
within_category,stock,Payers,CI,Cigna,3,7,6,1,-0.0578523489933,-0.0142872488989,0.0435651000944,2026-09-14,2026-09-21,Cigna moved from rank #7 to #6 within Payers at 3 months; return -5.8% to -1.4%.
within_category,stock,Payers,CLOV,Clover Health,12,3,4,-1,0.575163398693,0.471947194719,-0.103216203974,2026-09-14,2026-09-21,Clover Health moved from rank #3 to #4 within Payers at 12 months; return +57.5% to +47.2%.
within_category,stock,Payers,CLOV,Clover Health,24,2,2,0,0.612040133779,0.53264604811,-0.079394085669,2026-09-14,2026-09-21,Clover Health moved from rank #2 to #2 within Payers at 24 months; return +61.2% to +53.3%.
within_category,stock,Payers,CLOV,Clover Health,3,5,9,-4,0.0190274841438,-0.108,-0.127027484144,2026-09-14,2026-09-21,Clover Health moved from rank #5 to #9 within Payers at 3 months; return +1.9% to -10.8%.
within_category,stock,Payers,CNC,Centene,12,1,1,0,0.996993385448,1.04941768964,0.0524243041963,2026-09-14,2026-09-21,Centene moved from rank #1 to #1 within Payers at 12 months; return +99.7% to +104.9%.
within_category,stock,Payers,CNC,Centene,24,6,5,1,-0.118513603185,-0.138870519773,-0.0203569165875,2026-09-14,2026-09-21,Centene moved from rank #6 to #5 within Payers at 24 months; return -11.9% to -13.9%.
within_category,stock,Payers,CNC,Centene,3,6,3,3,0.0188679245283,0.0670272041953,0.048159279667,2026-09-14,2026-09-21,Centene moved from rank #6 to #3 within Payers at 3 months; return +1.9% to +6.7%.
within_category,stock,Payers,CVS,CVS Health,12,6,6,0,0.262469991998,0.18579818473,-0.0766718072676,2026-09-14,2026-09-21,CVS Health moved from rank #6 to #6 within Payers at 12 months; return +26.2% to +18.6%.
within_category,stock,Payers,CVS,CVS Health,24,1,1,0,0.632631942049,0.54477482177,-0.0878571202789,2026-09-14,2026-09-21,CVS Health moved from rank #1 to #1 within Payers at 24 months; return +63.3% to +54.5%.
within_category,stock,Payers,CVS,CVS Health,3,8,8,0,-0.07159670459,-0.0964198535395,-0.0248231489495,2026-09-14,2026-09-21,CVS Health moved from rank #8 to #8 within Payers at 3 months; return -7.2% to -9.6%.
within_category,stock,Payers,ELV,Elevance,12,5,5,0,0.343084423916,0.30996780466,-0.0331166192556,2026-09-14,2026-09-21,Elevance moved from rank #5 to #5 within Payers at 12 months; return +34.3% to +31.0%.
within_category,stock,Payers,ELV,Elevance,24,8,7,1,-0.23985186261,-0.238784129219,0.00106773339131,2026-09-14,2026-09-21,Elevance moved from rank #8 to #7 within Payers at 24 months; return -24.0% to -23.9%.
within_category,stock,Payers,ELV,Elevance,3,3,4,-1,0.0362560942411,0.0577863577864,0.0215302635453,2026-09-14,2026-09-21,Elevance moved from rank #3 to #4 within Payers at 3 months; return +3.6% to +5.8%.
within_category,stock,Payers,HUM,Humana,12,4,3,1,0.482419331501,0.528615530753,0.0461961992518,2026-09-14,2026-09-21,Humana moved from rank #4 to #3 within Payers at 12 months; return +48.2% to +52.9%.
within_category,stock,Payers,HUM,Humana,24,4,4,0,0.274412240328,0.244225379337,-0.030186860991,2026-09-14,2026-09-21,Humana moved from rank #4 to #4 within Payers at 24 months; return +27.4% to +24.4%.
within_category,stock,Payers,HUM,Humana,3,2,2,0,0.0806392067929,0.0708997643144,-0.00973944247847,2026-09-14,2026-09-21,Humana moved from rank #2 to #2 within Payers at 3 months; return +8.1% to +7.1%.
within_category,stock,Payers,MOH,Molina Healthcare,12,7,7,0,0.129091110128,0.146454265159,0.0173631550313,2026-09-14,2026-09-21,Molina Healthcare moved from rank #7 to #7 within Payers at 12 months; return +12.9% to +14.6%.
within_category,stock,Payers,MOH,Molina Healthcare,24,10,10,0,-0.429843662758,-0.428632405668,0.00121125708957,2026-09-14,2026-09-21,Molina Healthcare moved from rank #10 to #10 within Payers at 24 months; return -43.0% to -42.9%.
within_category,stock,Payers,MOH,Molina Healthcare,3,4,5,-1,0.0197223886559,0.0277422326867,0.0080198440308,2026-09-14,2026-09-21,Molina Healthcare moved from rank #4 to #5 within Payers at 3 months; return +2.0% to +2.8%.
within_category,stock,Payers,OSCR,Oscar Health,12,2,2,0,0.695292291774,0.693726937269,-0.00156535450463,2026-09-14,2026-09-21,Oscar Health moved from rank #2 to #2 within Payers at 12 months; return +69.5% to +69.4%.
within_category,stock,Payers,OSCR,Oscar Health,24,3,3,0,0.516427579824,0.401221107719,-0.115206472105,2026-09-14,2026-09-21,Oscar Health moved from rank #3 to #3 within Payers at 24 months; return +51.6% to +40.1%.
within_category,stock,Payers,OSCR,Oscar Health,3,1,1,0,0.159589525832,0.131338028169,-0.028251497663,2026-09-14,2026-09-21,Oscar Health moved from rank #1 to #1 within Payers at 3 months; return +16.0% to +13.1%.
within_category,stock,Payers,UNH,UnitedHealth,12,8,8,0,0.075402116252,0.11942736642,0.0440252501681,2026-09-14,2026-09-21,UnitedHealth moved from rank #8 to #8 within Payers at 12 months; return +7.5% to +11.9%.
within_category,stock,Payers,UNH,UnitedHealth,24,9,9,0,-0.362144972405,-0.34452173913,0.0176232332746,2026-09-14,2026-09-21,UnitedHealth moved from rank #9 to #9 within Payers at 24 months; return -36.2% to -34.5%.
within_category,stock,Payers,UNH,UnitedHealth,3,9,7,2,-0.072040536571,-0.0600059856345,0.0120345509365,2026-09-14,2026-09-21,UnitedHealth moved from rank #9 to #7 within Payers at 3 months; return -7.2% to -6.0%.
within_category,stock,Pharma Distribution,AHCO,Accendra Health,12,5,5,0,-0.347685683531,-0.357705286839,-0.0100196033081,2026-09-14,2026-09-21,Accendra Health moved from rank #5 to #5 within Pharma Distribution at 12 months; return -34.8% to -35.8%.
within_category,stock,Pharma Distribution,AHCO,Accendra Health,24,5,5,0,-0.444291609354,-0.492444444444,-0.0481528350904,2026-09-14,2026-09-21,Accendra Health moved from rank #5 to #5 within Pharma Distribution at 24 months; return -44.4% to -49.2%.
within_category,stock,Pharma Distribution,AHCO,Accendra Health,3,5,5,0,-0.403543307087,-0.40829015544,-0.00474684835341,2026-09-14,2026-09-21,Accendra Health moved from rank #5 to #5 within Pharma Distribution at 3 months; return -40.4% to -40.8%.
within_category,stock,Pharma Distribution,CAH,Cardinal Health,12,1,1,0,0.540790856542,0.506550802139,-0.034240054403,2026-09-14,2026-09-21,Cardinal Health moved from rank #1 to #1 within Pharma Distribution at 12 months; return +54.1% to +50.7%.
within_category,stock,Pharma Distribution,CAH,Cardinal Health,24,1,1,0,1.07272245295,1.01520028612,-0.057522166827,2026-09-14,2026-09-21,Cardinal Health moved from rank #1 to #1 within Pharma Distribution at 24 months; return +107.3% to +101.5%.
within_category,stock,Pharma Distribution,CAH,Cardinal Health,3,4,4,0,0.0478892115256,0.0162781259864,-0.0316110855392,2026-09-14,2026-09-21,Cardinal Health moved from rank #4 to #4 within Pharma Distribution at 3 months; return +4.8% to +1.6%.
within_category,stock,Pharma Distribution,COR,Cencora,12,4,4,0,0.0629710432368,0.0646851941245,0.00171415088774,2026-09-14,2026-09-21,Cencora moved from rank #4 to #4 within Pharma Distribution at 12 months; return +6.3% to +6.5%.
within_category,stock,Pharma Distribution,COR,Cencora,24,3,3,0,0.340545272636,0.353645171189,0.0130998985533,2026-09-14,2026-09-21,Cencora moved from rank #3 to #3 within Pharma Distribution at 24 months; return +34.1% to +35.4%.
within_category,stock,Pharma Distribution,COR,Cencora,3,1,2,-1,0.141655128342,0.135930544826,-0.00572458351619,2026-09-14,2026-09-21,Cencora moved from rank #1 to #2 within Pharma Distribution at 3 months; return +14.2% to +13.6%.
within_category,stock,Pharma Distribution,HSIC,Henry Schein,12,2,3,-1,0.280394145776,0.250221043324,-0.0301731024515,2026-09-14,2026-09-21,Henry Schein moved from rank #2 to #3 within Pharma Distribution at 12 months; return +28.0% to +25.0%.
within_category,stock,Pharma Distribution,HSIC,Henry Schein,24,4,4,0,0.255470304064,0.192410400562,-0.0630599035018,2026-09-14,2026-09-21,Henry Schein moved from rank #4 to #4 within Pharma Distribution at 24 months; return +25.5% to +19.2%.
within_category,stock,Pharma Distribution,HSIC,Henry Schein,3,3,3,0,0.0875076923077,0.0615615615616,-0.0259461307461,2026-09-14,2026-09-21,Henry Schein moved from rank #3 to #3 within Pharma Distribution at 3 months; return +8.8% to +6.2%.
within_category,stock,Pharma Distribution,MCK,McKesson,12,3,2,1,0.239085209862,0.252523950681,0.0134387408189,2026-09-14,2026-09-21,McKesson moved from rank #3 to #2 within Pharma Distribution at 12 months; return +23.9% to +25.3%.
within_category,stock,Pharma Distribution,MCK,McKesson,24,2,2,0,0.699099863148,0.721751968504,0.0226521053559,2026-09-14,2026-09-21,McKesson moved from rank #2 to #2 within Pharma Distribution at 24 months; return +69.9% to +72.2%.
within_category,stock,Pharma Distribution,MCK,McKesson,3,2,1,1,0.124303296984,0.16522121418,0.0409179171961,2026-09-14,2026-09-21,McKesson moved from rank #2 to #1 within Pharma Distribution at 3 months; return +12.4% to +16.5%.
within_category,stock,Precision Diagnostics,BLLN,BillionToOne,12,,,,,,,2026-09-14,2026-09-21,BillionToOne moved from rank unavailable within Precision Diagnostics at 12 months; return unavailable.
within_category,stock,Precision Diagnostics,BLLN,BillionToOne,24,,,,,,,2026-09-14,2026-09-21,BillionToOne moved from rank unavailable within Precision Diagnostics at 24 months; return unavailable.
within_category,stock,Precision Diagnostics,BLLN,BillionToOne,3,11,10,1,-0.0232397151899,0.00732287208749,0.0305625872774,2026-09-14,2026-09-21,BillionToOne moved from rank #11 to #10 within Precision Diagnostics at 3 months; return -2.3% to +0.7%.
within_category,stock,Precision Diagnostics,CERT,Certara,12,10,10,0,-0.330673758865,-0.266550522648,0.0641232362169,2026-09-14,2026-09-21,Certara moved from rank #10 to #10 within Precision Diagnostics at 12 months; return -33.1% to -26.7%.
within_category,stock,Precision Diagnostics,CERT,Certara,24,10,9,1,-0.310502283105,-0.22752293578,0.0829793473252,2026-09-14,2026-09-21,Certara moved from rank #10 to #9 within Precision Diagnostics at 24 months; return -31.1% to -22.8%.
within_category,stock,Precision Diagnostics,CERT,Certara,3,4,5,-1,0.451923076923,0.519855595668,0.0679325187449,2026-09-14,2026-09-21,Certara moved from rank #4 to #5 within Precision Diagnostics at 3 months; return +45.2% to +52.0%.
within_category,stock,Precision Diagnostics,DGX,Quest Diagnostics,12,6,6,0,0.284894210267,0.342320261438,0.0574260511709,2026-09-14,2026-09-21,Quest Diagnostics moved from rank #6 to #6 within Precision Diagnostics at 12 months; return +28.5% to +34.2%.
within_category,stock,Precision Diagnostics,DGX,Quest Diagnostics,24,5,5,0,0.522347454333,0.610889600627,0.0885421462945,2026-09-14,2026-09-21,Quest Diagnostics moved from rank #5 to #5 within Precision Diagnostics at 24 months; return +52.2% to +61.1%.
within_category,stock,Precision Diagnostics,DGX,Quest Diagnostics,3,9,8,1,0.157391903871,0.263846153846,0.106454249975,2026-09-14,2026-09-21,Quest Diagnostics moved from rank #9 to #8 within Precision Diagnostics at 3 months; return +15.7% to +26.4%.
within_category,stock,Precision Diagnostics,GH,Guardant Health,12,2,2,0,1.8669277712,2.03262890955,0.165701138352,2026-09-14,2026-09-21,Guardant Health moved from rank #2 to #2 within Precision Diagnostics at 12 months; return +186.7% to +203.3%.
within_category,stock,Precision Diagnostics,GH,Guardant Health,24,1,1,0,4.87458006719,6.14946193703,1.27488186984,2026-09-14,2026-09-21,Guardant Health moved from rank #1 to #1 within Precision Diagnostics at 24 months; return +487.5% to +614.9%.
within_category,stock,Precision Diagnostics,GH,Guardant Health,3,7,7,0,0.19571493694,0.361208074063,0.165493137123,2026-09-14,2026-09-21,Guardant Health moved from rank #7 to #7 within Precision Diagnostics at 3 months; return +19.6% to +36.1%.
within_category,stock,Precision Diagnostics,ILMN,Illumina,12,4,4,0,1.17041631623,1.33206812652,0.161651810291,2026-09-14,2026-09-21,Illumina moved from rank #4 to #4 within Precision Diagnostics at 12 months; return +117.0% to +133.2%.
within_category,stock,Precision Diagnostics,ILMN,Illumina,24,4,4,0,0.598157609537,0.82637195122,0.228214341683,2026-09-14,2026-09-21,Illumina moved from rank #4 to #4 within Precision Diagnostics at 24 months; return +59.8% to +82.6%.
within_category,stock,Precision Diagnostics,ILMN,Illumina,3,5,6,-1,0.282537118718,0.479775211511,0.197238092793,2026-09-14,2026-09-21,Illumina moved from rank #5 to #6 within Precision Diagnostics at 3 months; return +28.3% to +48.0%.
within_category,stock,Precision Diagnostics,LH,Labcorp Holdings,12,7,7,0,0.120849073574,0.156670393479,0.0358213199053,2026-09-14,2026-09-21,Labcorp Holdings moved from rank #7 to #7 within Precision Diagnostics at 12 months; return +12.1% to +15.7%.
within_category,stock,Precision Diagnostics,LH,Labcorp Holdings,24,6,6,0,0.408854519966,0.443209432094,0.0343549121283,2026-09-14,2026-09-21,Labcorp Holdings moved from rank #6 to #6 within Precision Diagnostics at 24 months; return +40.9% to +44.3%.
within_category,stock,Precision Diagnostics,LH,Labcorp Holdings,3,8,9,-1,0.170498948001,0.253654913611,0.0831559656101,2026-09-14,2026-09-21,Labcorp Holdings moved from rank #8 to #9 within Precision Diagnostics at 3 months; return +17.0% to +25.4%.
within_category,stock,Precision Diagnostics,NEO,NeoGenomics,12,3,3,0,1.17587939698,1.33685446009,0.160975063114,2026-09-14,2026-09-21,NeoGenomics moved from rank #3 to #3 within Precision Diagnostics at 12 months; return +117.6% to +133.7%.
within_category,stock,Precision Diagnostics,NEO,NeoGenomics,24,8,8,0,0.0560975609756,0.222972972973,0.166875411997,2026-09-14,2026-09-21,NeoGenomics moved from rank #8 to #8 within Precision Diagnostics at 24 months; return +5.6% to +22.3%.
within_category,stock,Precision Diagnostics,NEO,NeoGenomics,3,2,2,0,0.5533632287,0.788858939802,0.235495711102,2026-09-14,2026-09-21,NeoGenomics moved from rank #2 to #2 within Precision Diagnostics at 3 months; return +55.3% to +78.9%.
within_category,stock,Precision Diagnostics,NTRA,Natera,12,5,5,0,0.951990979764,1.03958919993,0.0875982201697,2026-09-14,2026-09-21,Natera moved from rank #5 to #5 within Precision Diagnostics at 12 months; return +95.2% to +104.0%.
within_category,stock,Precision Diagnostics,NTRA,Natera,24,3,3,0,1.60003161805,1.8908279856,0.29079636755,2026-09-14,2026-09-21,Natera moved from rank #3 to #3 within Precision Diagnostics at 24 months; return +160.0% to +189.1%.
within_category,stock,Precision Diagnostics,NTRA,Natera,3,3,3,0,0.55104446645,0.596257724385,0.0452132579353,2026-09-14,2026-09-21,Natera moved from rank #3 to #3 within Precision Diagnostics at 3 months; return +55.1% to +59.6%.
within_category,stock,Precision Diagnostics,PACB,PacBio,12,8,8,0,0.111111111111,0.0787401574803,-0.0323709536307,2026-09-14,2026-09-21,PacBio moved from rank #8 to #8 within Precision Diagnostics at 12 months; return +11.1% to +7.9%.
within_category,stock,Precision Diagnostics,PACB,PacBio,24,9,10,-1,-0.281767955801,-0.249315068493,0.0324528873078,2026-09-14,2026-09-21,PacBio moved from rank #9 to #10 within Precision Diagnostics at 24 months; return -28.2% to -24.9%.
within_category,stock,Precision Diagnostics,PACB,PacBio,3,10,11,-1,-0.00763358778626,-0.0214285714286,-0.0137949836423,2026-09-14,2026-09-21,PacBio moved from rank #10 to #11 within Precision Diagnostics at 3 months; return -0.8% to -2.1%.
within_category,stock,Precision Diagnostics,QDEL,QuidelOrtho,12,11,11,0,-0.587679383969,-0.630993745657,-0.0433143616877,2026-09-14,2026-09-21,QuidelOrtho moved from rank #11 to #11 within Precision Diagnostics at 12 months; return -58.8% to -63.1%.
within_category,stock,Precision Diagnostics,QDEL,QuidelOrtho,24,11,11,0,-0.740928084451,-0.766079295154,-0.0251512107032,2026-09-14,2026-09-21,QuidelOrtho moved from rank #11 to #11 within Precision Diagnostics at 24 months; return -74.1% to -76.6%.
within_category,stock,Precision Diagnostics,QDEL,QuidelOrtho,3,12,12,0,-0.166312809625,-0.223116313094,-0.0568035034694,2026-09-14,2026-09-21,QuidelOrtho moved from rank #12 to #12 within Precision Diagnostics at 3 months; return -16.6% to -22.3%.
within_category,stock,Precision Diagnostics,TEM,Tempus AI,12,9,9,0,-0.316855753647,-0.11786038078,0.198995372867,2026-09-14,2026-09-21,Tempus AI moved from rank #9 to #9 within Precision Diagnostics at 12 months; return -31.7% to -11.8%.
within_category,stock,Precision Diagnostics,TEM,Tempus AI,24,7,7,0,0.195018226002,0.430093698328,0.235075472326,2026-09-14,2026-09-21,Tempus AI moved from rank #7 to #7 within Precision Diagnostics at 24 months; return +19.5% to +43.0%.
within_category,stock,Precision Diagnostics,TEM,Tempus AI,3,6,4,2,0.23400250941,0.531077891424,0.297075382014,2026-09-14,2026-09-21,Tempus AI moved from rank #6 to #4 within Precision Diagnostics at 3 months; return +23.4% to +53.1%.
within_category,stock,Precision Diagnostics,TXG,10x Genomics,12,1,1,0,4.42642405063,4.87423312883,0.447809078204,2026-09-14,2026-09-21,10x Genomics moved from rank #1 to #1 within Precision Diagnostics at 12 months; return +442.6% to +487.4%.
within_category,stock,Precision Diagnostics,TXG,10x Genomics,24,2,2,0,2.06616003576,2.37742504409,0.311265008332,2026-09-14,2026-09-21,10x Genomics moved from rank #2 to #2 within Precision Diagnostics at 24 months; return +206.6% to +237.7%.
within_category,stock,Precision Diagnostics,TXG,10x Genomics,3,1,1,0,1.37829403606,1.20399942454,-0.174294611517,2026-09-14,2026-09-21,10x Genomics moved from rank #1 to #1 within Precision Diagnostics at 3 months; return +137.8% to +120.4%.
within_category,stock,Value-Based Care,AGL,Agilon Health,12,1,1,0,2.35588785047,2.07448275862,-0.281405091849,2026-09-14,2026-09-21,Agilon Health moved from rank #1 to #1 within Value-Based Care at 12 months; return +235.6% to +207.4%.
within_category,stock,Value-Based Care,AGL,Agilon Health,24,2,2,0,0.017223796034,0.0131818181818,-0.00404197785218,2026-09-14,2026-09-21,Agilon Health moved from rank #2 to #2 within Value-Based Care at 24 months; return +1.7% to +1.3%.
within_category,stock,Value-Based Care,AGL,Agilon Health,3,4,4,0,-0.204941989195,-0.216520210896,-0.0115782217013,2026-09-14,2026-09-21,Agilon Health moved from rank #4 to #4 within Value-Based Care at 3 months; return -20.5% to -21.7%.
within_category,stock,Value-Based Care,ASTH,Astrana Health,12,2,2,0,0.273214884345,0.237306445805,-0.0359084385402,2026-09-14,2026-09-21,Astrana Health moved from rank #2 to #2 within Value-Based Care at 12 months; return +27.3% to +23.7%.
within_category,stock,Value-Based Care,ASTH,Astrana Health,24,3,3,0,-0.302735450707,-0.397192982456,-0.0944575317491,2026-09-14,2026-09-21,Astrana Health moved from rank #3 to #3 within Value-Based Care at 24 months; return -30.3% to -39.7%.
within_category,stock,Value-Based Care,ASTH,Astrana Health,3,1,1,0,-0.0165717244951,-0.12279805974,-0.106226335244,2026-09-14,2026-09-21,Astrana Health moved from rank #1 to #1 within Value-Based Care at 3 months; return -1.7% to -12.3%.
within_category,stock,Value-Based Care,EVH,Evolent Health,12,5,5,0,-0.535476718404,-0.559665871122,-0.0241891527177,2026-09-14,2026-09-21,Evolent Health moved from rank #5 to #5 within Value-Based Care at 12 months; return -53.5% to -56.0%.
within_category,stock,Value-Based Care,EVH,Evolent Health,24,5,5,0,-0.860843573564,-0.881121134021,-0.0202775604566,2026-09-14,2026-09-21,Evolent Health moved from rank #5 to #5 within Value-Based Care at 24 months; return -86.1% to -88.1%.
within_category,stock,Value-Based Care,EVH,Evolent Health,3,2,3,-1,-0.127083333333,-0.178173719376,-0.0510903860434,2026-09-14,2026-09-21,Evolent Health moved from rank #2 to #3 within Value-Based Care at 3 months; return -12.7% to -17.8%.
within_category,stock,Value-Based Care,PIII,P3 Health,12,3,3,0,-0.0197674418605,-0.0691747572816,-0.0494073154211,2026-09-14,2026-09-21,P3 Health moved from rank #3 to #3 within Value-Based Care at 12 months; return -2.0% to -6.9%.
within_category,stock,Value-Based Care,PIII,P3 Health,24,4,4,0,-0.658150851582,-0.643255813953,0.0148950376285,2026-09-14,2026-09-21,P3 Health moved from rank #4 to #4 within Value-Based Care at 24 months; return -65.8% to -64.3%.
within_category,stock,Value-Based Care,PIII,P3 Health,3,5,5,0,-0.310711365495,-0.286511627907,0.024199737588,2026-09-14,2026-09-21,P3 Health moved from rank #5 to #5 within Value-Based Care at 3 months; return -31.1% to -28.7%.
within_category,stock,Value-Based Care,PRVA,Privia Health Group,12,4,4,0,-0.103992979377,-0.112650871703,-0.00865789232617,2026-09-14,2026-09-21,Privia Health Group moved from rank #4 to #4 within Value-Based Care at 12 months; return -10.4% to -11.3%.
within_category,stock,Value-Based Care,PRVA,Privia Health Group,24,1,1,0,0.0775725593668,0.0586666666667,-0.0189058927001,2026-09-14,2026-09-21,Privia Health Group moved from rank #1 to #1 within Value-Based Care at 24 months; return +7.8% to +5.9%.
within_category,stock,Value-Based Care,PRVA,Privia Health Group,3,3,2,1,-0.128467776355,-0.161385720321,-0.0329179439661,2026-09-14,2026-09-21,Privia Health Group moved from rank #3 to #2 within Value-Based Care at 3 months; return -12.8% to -16.1%.
overall_stock,stock,,ACHC,Acadia Healthcare,3,31,33,-2,0.152845528455,0.139123441898,-0.0137220865571,2026-09-14,2026-09-21,Acadia Healthcare moved from rank #31 to #33 across the watchlist at 3 months; return +15.3% to +13.9%.
overall_stock,stock,,ACHC,Acadia Healthcare,12,26,27,-1,0.305108145421,0.279584462511,-0.0255236829097,2026-09-14,2026-09-21,Acadia Healthcare moved from rank #26 to #27 across the watchlist at 12 months; return +30.5% to +28.0%.
overall_stock,stock,,ACHC,Acadia Healthcare,24,74,74,0,-0.637479227918,-0.629188481675,0.00829074624261,2026-09-14,2026-09-21,Acadia Healthcare moved from rank #74 to #74 across the watchlist at 24 months; return -63.7% to -62.9%.
overall_stock,stock,,ADUS,Addus HomeCare,3,14,22,-8,0.255253001715,0.242385652128,-0.0128673495872,2026-09-14,2026-09-21,Addus HomeCare moved from rank #14 to #22 across the watchlist at 3 months; return +25.5% to +24.2%.
overall_stock,stock,,ADUS,Addus HomeCare,12,45,48,-3,0.0618481908044,0.0462019660411,-0.0156462247633,2026-09-14,2026-09-21,Addus HomeCare moved from rank #45 to #48 across the watchlist at 12 months; return +6.2% to +4.6%.
overall_stock,stock,,ADUS,Addus HomeCare,24,48,48,0,-0.100207484823,-0.102499233364,-0.002291748541,2026-09-14,2026-09-21,Addus HomeCare moved from rank #48 to #48 across the watchlist at 24 months; return -10.0% to -10.2%.
overall_stock,stock,,AGL,Agilon Health,3,77,75,2,-0.204941989195,-0.216520210896,-0.0115782217013,2026-09-14,2026-09-21,Agilon Health moved from rank #77 to #75 across the watchlist at 3 months; return -20.5% to -21.7%.
overall_stock,stock,,AGL,Agilon Health,12,3,3,0,2.35588785047,2.07448275862,-0.281405091849,2026-09-14,2026-09-21,Agilon Health moved from rank #3 to #3 across the watchlist at 12 months; return +235.6% to +207.4%.
overall_stock,stock,,AGL,Agilon Health,24,45,44,1,0.017223796034,0.0131818181818,-0.00404197785218,2026-09-14,2026-09-21,Agilon Health moved from rank #45 to #44 across the watchlist at 24 months; return +1.7% to +1.3%.
overall_stock,stock,,AHCO,Accendra Health,3,82,81,1,-0.403543307087,-0.40829015544,-0.00474684835341,2026-09-14,2026-09-21,Accendra Health moved from rank #82 to #81 across the watchlist at 3 months; return -40.4% to -40.8%.
overall_stock,stock,,AHCO,Accendra Health,12,70,69,1,-0.347685683531,-0.357705286839,-0.0100196033081,2026-09-14,2026-09-21,Accendra Health moved from rank #70 to #69 across the watchlist at 12 months; return -34.8% to -35.8%.
overall_stock,stock,,AHCO,Accendra Health,24,68,68,0,-0.444291609354,-0.492444444444,-0.0481528350904,2026-09-14,2026-09-21,Accendra Health moved from rank #68 to #68 across the watchlist at 24 months; return -44.4% to -49.2%.
overall_stock,stock,,ALHC,Alignment Health,3,81,82,-1,-0.361518987342,-0.61802378774,-0.256504800398,2026-09-14,2026-09-21,Alignment Health moved from rank #81 to #82 across the watchlist at 3 months; return -36.2% to -61.8%.
overall_stock,stock,,ALHC,Alignment Health,12,66,73,-7,-0.213840399002,-0.495163240629,-0.281322841627,2026-09-14,2026-09-21,Alignment Health moved from rank #66 to #73 across the watchlist at 12 months; return -21.4% to -49.5%.
overall_stock,stock,,ALHC,Alignment Health,24,42,59,-17,0.0605550883095,-0.26946631671,-0.33002140502,2026-09-14,2026-09-21,Alignment Health moved from rank #42 to #59 across the watchlist at 24 months; return +6.1% to -26.9%.
overall_stock,stock,,AMWL,Amwell,3,10,5,5,0.427003293085,0.631079478055,0.20407618497,2026-09-14,2026-09-21,Amwell moved from rank #10 to #5 across the watchlist at 3 months; return +42.7% to +63.1%.
overall_stock,stock,,AMWL,Amwell,12,11,8,3,0.957831325301,1.14174454829,0.183913222986,2026-09-14,2026-09-21,Amwell moved from rank #11 to #8 across the watchlist at 12 months; return +95.8% to +114.2%.
overall_stock,stock,,AMWL,Amwell,24,21,24,-3,0.391862955032,0.375,-0.016862955032,2026-09-14,2026-09-21,Amwell moved from rank #21 to #24 across the watchlist at 24 months; return +39.2% to +37.5%.
overall_stock,stock,,ARDT,Ardent Health Partners,3,26,27,-1,0.174331550802,0.17620650954,0.00187495873784,2026-09-14,2026-09-21,Ardent Health Partners moved from rank #26 to #27 across the watchlist at 3 months; return +17.4% to +17.6%.
overall_stock,stock,,ARDT,Ardent Health Partners,12,62,65,-3,-0.160550458716,-0.182527301092,-0.021976842376,2026-09-14,2026-09-21,Ardent Health Partners moved from rank #62 to #65 across the watchlist at 12 months; return -16.1% to -18.3%.
overall_stock,stock,,ARDT,Ardent Health Partners,24,65,66,-1,-0.395041322314,-0.426695842451,-0.0316545201368,2026-09-14,2026-09-21,Ardent Health Partners moved from rank #65 to #66 across the watchlist at 24 months; return -39.5% to -42.7%.
overall_stock,stock,,ASTH,Astrana Health,3,58,68,-10,-0.0165717244951,-0.12279805974,-0.106226335244,2026-09-14,2026-09-21,Astrana Health moved from rank #58 to #68 across the watchlist at 3 months; return -1.7% to -12.3%.
overall_stock,stock,,ASTH,Astrana Health,12,30,31,-1,0.273214884345,0.237306445805,-0.0359084385402,2026-09-14,2026-09-21,Astrana Health moved from rank #30 to #31 across the watchlist at 12 months; return +27.3% to +23.7%.
overall_stock,stock,,ASTH,Astrana Health,24,61,65,-4,-0.302735450707,-0.397192982456,-0.0944575317491,2026-09-14,2026-09-21,Astrana Health moved from rank #61 to #65 across the watchlist at 24 months; return -30.3% to -39.7%.
overall_stock,stock,,AVAH,Aveanna Healthcare,3,2,3,-1,0.985895627645,0.754813863928,-0.231081763717,2026-09-14,2026-09-21,Aveanna Healthcare moved from rank #2 to #3 across the watchlist at 3 months; return +98.6% to +75.5%.
overall_stock,stock,,AVAH,Aveanna Healthcare,12,14,15,-1,0.668246445498,0.687654320988,0.0194078754897,2026-09-14,2026-09-21,Aveanna Healthcare moved from rank #14 to #15 across the watchlist at 12 months; return +66.8% to +68.8%.
overall_stock,stock,,AVAH,Aveanna Healthcare,24,5,5,0,1.61224489796,1.47644927536,-0.135795622598,2026-09-14,2026-09-21,Aveanna Healthcare moved from rank #5 to #5 across the watchlist at 24 months; return +161.2% to +147.6%.
overall_stock,stock,,BLLN,BillionToOne,3,60,56,4,-0.0232397151899,0.00732287208749,0.0305625872774,2026-09-14,2026-09-21,BillionToOne moved from rank #60 to #56 across the watchlist at 3 months; return -2.3% to +0.7%.
overall_stock,stock,,BLLN,BillionToOne,12,,,,,,,2026-09-14,2026-09-21,BillionToOne moved from rank unavailable across the watchlist at 12 months; return unavailable.
overall_stock,stock,,BLLN,BillionToOne,24,,,,,,,2026-09-14,2026-09-21,BillionToOne moved from rank unavailable across the watchlist at 24 months; return unavailable.
overall_stock,stock,,BTSG,BrightSpring Health Services,3,66,69,-3,-0.0711687490115,-0.142943396226,-0.0717746472149,2026-09-14,2026-09-21,BrightSpring Health Services moved from rank #66 to #69 across the watchlist at 3 months; return -7.1% to -14.3%.
overall_stock,stock,,BTSG,BrightSpring Health Services,12,6,9,-3,1.22041587902,1.07909190773,-0.141323971294,2026-09-14,2026-09-21,BrightSpring Health Services moved from rank #6 to #9 across the watchlist at 12 months; return +122.0% to +107.9%.
overall_stock,stock,,BTSG,BrightSpring Health Services,24,2,2,0,3.240433213,2.85471826205,-0.38571495095,2026-09-14,2026-09-21,BrightSpring Health Services moved from rank #2 to #2 across the watchlist at 24 months; return +324.0% to +285.5%.
overall_stock,stock,,CAH,Cardinal Health,3,47,53,-6,0.0478892115256,0.0162781259864,-0.0316110855392,2026-09-14,2026-09-21,Cardinal Health moved from rank #47 to #53 across the watchlist at 3 months; return +4.8% to +1.6%.
overall_stock,stock,,CAH,Cardinal Health,12,17,18,-1,0.540790856542,0.506550802139,-0.034240054403,2026-09-14,2026-09-21,Cardinal Health moved from rank #17 to #18 across the watchlist at 12 months; return +54.1% to +50.7%.
overall_stock,stock,,CAH,Cardinal Health,24,7,7,0,1.07272245295,1.01520028612,-0.057522166827,2026-09-14,2026-09-21,Cardinal Health moved from rank #7 to #7 across the watchlist at 24 months; return +107.3% to +101.5%.
overall_stock,stock,,CCSI,Consensus Cloud Solutions,3,45,52,-7,0.0551565642057,0.0231400117165,-0.0320165524892,2026-09-14,2026-09-21,Consensus Cloud Solutions moved from rank #45 to #52 across the watchlist at 3 months; return +5.5% to +2.3%.
overall_stock,stock,,CCSI,Consensus Cloud Solutions,12,25,32,-7,0.329833454019,0.205730065585,-0.124103388434,2026-09-14,2026-09-21,Consensus Cloud Solutions moved from rank #25 to #32 across the watchlist at 12 months; return +33.0% to +20.6%.
overall_stock,stock,,CCSI,Consensus Cloud Solutions,24,13,18,-5,0.630270750111,0.538766519824,-0.0915042302872,2026-09-14,2026-09-21,Consensus Cloud Solutions moved from rank #13 to #18 across the watchlist at 24 months; return +63.0% to +53.9%.
overall_stock,stock,,CERT,Certara,3,8,9,-1,0.451923076923,0.519855595668,0.0679325187449,2026-09-14,2026-09-21,Certara moved from rank #8 to #9 across the watchlist at 3 months; return +45.2% to +52.0%.
overall_stock,stock,,CERT,Certara,12,68,67,1,-0.330673758865,-0.266550522648,0.0641232362169,2026-09-14,2026-09-21,Certara moved from rank #68 to #67 across the watchlist at 12 months; return -33.1% to -26.7%.
overall_stock,stock,,CERT,Certara,24,62,54,8,-0.310502283105,-0.22752293578,0.0829793473252,2026-09-14,2026-09-21,Certara moved from rank #62 to #54 across the watchlist at 24 months; return -31.1% to -22.8%.
overall_stock,stock,,CHE,Chemed (Vitas),3,20,30,-10,0.230521571153,0.155385426456,-0.0751361446969,2026-09-14,2026-09-21,Chemed (Vitas) moved from rank #20 to #30 across the watchlist at 3 months; return +23.1% to +15.5%.
overall_stock,stock,,CHE,Chemed (Vitas),12,35,39,-4,0.155846774194,0.11456053068,-0.0412862435141,2026-09-14,2026-09-21,Chemed (Vitas) moved from rank #35 to #39 across the watchlist at 12 months; return +15.6% to +11.5%.
overall_stock,stock,,CHE,Chemed (Vitas),24,50,50,0,-0.102286171619,-0.134006803422,-0.0317206318033,2026-09-14,2026-09-21,Chemed (Vitas) moved from rank #50 to #50 across the watchlist at 24 months; return -10.2% to -13.4%.
overall_stock,stock,,CI,Cigna,3,63,58,5,-0.0578523489933,-0.0142872488989,0.0435651000944,2026-09-14,2026-09-21,Cigna moved from rank #63 to #58 across the watchlist at 3 months; return -5.8% to -1.4%.
overall_stock,stock,,CI,Cigna,12,56,53,3,-0.0726648170168,-0.0519355283097,0.0207292887071,2026-09-14,2026-09-21,Cigna moved from rank #56 to #53 across the watchlist at 12 months; return -7.3% to -5.2%.
overall_stock,stock,,CI,Cigna,24,54,53,1,-0.230203992104,-0.227045543887,0.00315844821676,2026-09-14,2026-09-21,Cigna moved from rank #54 to #53 across the watchlist at 24 months; return -23.0% to -22.7%.
overall_stock,stock,,CLOV,Clover Health,3,53,66,-13,0.0190274841438,-0.108,-0.127027484144,2026-09-14,2026-09-21,Clover Health moved from rank #53 to #66 across the watchlist at 3 months; return +1.9% to -10.8%.
overall_stock,stock,,CLOV,Clover Health,12,16,19,-3,0.575163398693,0.471947194719,-0.103216203974,2026-09-14,2026-09-21,Clover Health moved from rank #16 to #19 across the watchlist at 12 months; return +57.5% to +47.2%.
overall_stock,stock,,CLOV,Clover Health,24,15,19,-4,0.612040133779,0.53264604811,-0.079394085669,2026-09-14,2026-09-21,Clover Health moved from rank #15 to #19 across the watchlist at 24 months; return +61.2% to +53.3%.
overall_stock,stock,,CNC,Centene,3,54,43,11,0.0188679245283,0.0670272041953,0.048159279667,2026-09-14,2026-09-21,Centene moved from rank #54 to #43 across the watchlist at 3 months; return +1.9% to +6.7%.
overall_stock,stock,,CNC,Centene,12,10,11,-1,0.996993385448,1.04941768964,0.0524243041963,2026-09-14,2026-09-21,Centene moved from rank #10 to #11 across the watchlist at 12 months; return +99.7% to +104.9%.
overall_stock,stock,,CNC,Centene,24,51,51,0,-0.118513603185,-0.138870519773,-0.0203569165875,2026-09-14,2026-09-21,Centene moved from rank #51 to #51 across the watchlist at 24 months; return -11.9% to -13.9%.
overall_stock,stock,,CON,Concentra Group,3,17,24,-7,0.242445787416,0.241946778711,-0.000499008704515,2026-09-14,2026-09-21,Concentra Group moved from rank #17 to #24 across the watchlist at 3 months; return +24.2% to +24.2%.
overall_stock,stock,,CON,Concentra Group,12,15,13,2,0.577878103837,0.716844143272,0.138966039435,2026-09-14,2026-09-21,Concentra Group moved from rank #15 to #13 across the watchlist at 12 months; return +57.8% to +71.7%.
overall_stock,stock,,CON,Concentra Group,24,19,16,3,0.511678200692,0.551618547682,0.0399403469895,2026-09-14,2026-09-21,Concentra Group moved from rank #19 to #16 across the watchlist at 24 months; return +51.2% to +55.2%.
overall_stock,stock,,COR,Cencora,3,33,34,-1,0.141655128342,0.135930544826,-0.00572458351619,2026-09-14,2026-09-21,Cencora moved from rank #33 to #34 across the watchlist at 3 months; return +14.2% to +13.6%.
overall_stock,stock,,COR,Cencora,12,44,43,1,0.0629710432368,0.0646851941245,0.00171415088774,2026-09-14,2026-09-21,Cencora moved from rank #44 to #43 across the watchlist at 12 months; return +6.3% to +6.5%.
overall_stock,stock,,COR,Cencora,24,23,25,-2,0.340545272636,0.353645171189,0.0130998985533,2026-09-14,2026-09-21,Cencora moved from rank #23 to #25 across the watchlist at 24 months; return +34.1% to +35.4%.
overall_stock,stock,,CTRE,CareTrust REIT,3,46,54,-8,0.0480325644505,0.0129519697787,-0.0350805946718,2026-09-14,2026-09-21,CareTrust REIT moved from rank #46 to #54 across the watchlist at 3 months; return +4.8% to +1.3%.
overall_stock,stock,,CTRE,CareTrust REIT,12,36,41,-5,0.129239766082,0.0931857891672,-0.0360539769148,2026-09-14,2026-09-21,CareTrust REIT moved from rank #36 to #41 across the watchlist at 12 months; return +12.9% to +9.3%.
overall_stock,stock,,CTRE,CareTrust REIT,24,28,29,-1,0.2425997426,0.238126649077,-0.00447309352348,2026-09-14,2026-09-21,CareTrust REIT moved from rank #28 to #29 across the watchlist at 24 months; return +24.3% to +23.8%.
overall_stock,stock,,CVS,CVS Health,3,67,65,2,-0.07159670459,-0.0964198535395,-0.0248231489495,2026-09-14,2026-09-21,CVS Health moved from rank #67 to #65 across the watchlist at 3 months; return -7.2% to -9.6%.
overall_stock,stock,,CVS,CVS Health,12,31,34,-3,0.262469991998,0.18579818473,-0.0766718072676,2026-09-14,2026-09-21,CVS Health moved from rank #31 to #34 across the watchlist at 12 months; return +26.2% to +18.6%.
overall_stock,stock,,CVS,CVS Health,24,12,17,-5,0.632631942049,0.54477482177,-0.0878571202789,2026-09-14,2026-09-21,CVS Health moved from rank #12 to #17 across the watchlist at 24 months; return +63.3% to +54.5%.
overall_stock,stock,,CYH,Community Health Systems,3,65,61,4,-0.0641025641026,-0.0496688741722,0.0144336899304,2026-09-14,2026-09-21,Community Health Systems moved from rank #65 to #61 across the watchlist at 3 months; return -6.4% to -5.0%.
overall_stock,stock,,CYH,Community Health Systems,12,51,54,-3,-0.00680272108844,-0.0559210526316,-0.0491183315431,2026-09-14,2026-09-21,Community Health Systems moved from rank #51 to #54 across the watchlist at 12 months; return -0.7% to -5.6%.
overall_stock,stock,,CYH,Community Health Systems,24,69,71,-2,-0.48951048951,-0.513559322034,-0.0240488325239,2026-09-14,2026-09-21,Community Health Systems moved from rank #69 to #71 across the watchlist at 24 months; return -49.0% to -51.4%.
overall_stock,stock,,DGX,Quest Diagnostics,3,30,18,12,0.157391903871,0.263846153846,0.106454249975,2026-09-14,2026-09-21,Quest Diagnostics moved from rank #30 to #18 across the watchlist at 3 months; return +15.7% to +26.4%.
overall_stock,stock,,DGX,Quest Diagnostics,12,28,24,4,0.284894210267,0.342320261438,0.0574260511709,2026-09-14,2026-09-21,Quest Diagnostics moved from rank #28 to #24 across the watchlist at 12 months; return +28.5% to +34.2%.
overall_stock,stock,,DGX,Quest Diagnostics,24,17,14,3,0.522347454333,0.610889600627,0.0885421462945,2026-09-14,2026-09-21,Quest Diagnostics moved from rank #17 to #14 across the watchlist at 24 months; return +52.2% to +61.1%.
overall_stock,stock,,DH,Definitive Healthcare,3,16,19,-3,0.250744490768,0.263157894737,0.0124134039688,2026-09-14,2026-09-21,Definitive Healthcare moved from rank #16 to #19 across the watchlist at 3 months; return +25.1% to +26.3%.
overall_stock,stock,,DH,Definitive Healthcare,12,80,80,0,-0.746987951807,-0.771971496437,-0.0249835446301,2026-09-14,2026-09-21,Definitive Healthcare moved from rank #80 to #80 across the watchlist at 12 months; return -74.7% to -77.2%.
overall_stock,stock,,DH,Definitive Healthcare,24,77,77,0,-0.763513513514,-0.786666666667,-0.0231531531527,2026-09-14,2026-09-21,Definitive Healthcare moved from rank #77 to #77 across the watchlist at 24 months; return -76.4% to -78.7%.
overall_stock,stock,,DOC,Healthpeak properties,3,59,49,10,-0.0188496858386,0.0393660531697,0.0582157390083,2026-09-14,2026-09-21,Healthpeak properties moved from rank #59 to #49 across the watchlist at 3 months; return -1.9% to +3.9%.
overall_stock,stock,,DOC,Healthpeak properties,12,38,40,-2,0.122787610619,0.100703844071,-0.0220837665475,2026-09-14,2026-09-21,Healthpeak properties moved from rank #38 to #40 across the watchlist at 12 months; return +12.3% to +10.1%.
overall_stock,stock,,DOC,Healthpeak properties,24,49,47,2,-0.100974313552,-0.0763289413903,0.0246453721617,2026-09-14,2026-09-21,Healthpeak properties moved from rank #49 to #47 across the watchlist at 24 months; return -10.1% to -7.6%.
overall_stock,stock,,DOCS,Doximity,3,13,16,-3,0.276447105788,0.2761485826,-0.000298523187805,2026-09-14,2026-09-21,Doximity moved from rank #13 to #16 across the watchlist at 3 months; return +27.6% to +27.6%.
overall_stock,stock,,DOCS,Doximity,12,79,79,0,-0.639870477263,-0.641444658061,-0.00157418079797,2026-09-14,2026-09-21,Doximity moved from rank #79 to #79 across the watchlist at 12 months; return -64.0% to -64.1%.
overall_stock,stock,,DOCS,Doximity,24,63,64,-1,-0.349440488301,-0.361301369863,-0.011860881562,2026-09-14,2026-09-21,Doximity moved from rank #63 to #64 across the watchlist at 24 months; return -34.9% to -36.1%.
overall_stock,stock,,DVA,Davita,3,72,67,5,-0.129924278731,-0.115675051705,0.0142492270259,2026-09-14,2026-09-21,Davita moved from rank #72 to #67 across the watchlist at 3 months; return -13.0% to -11.6%.
overall_stock,stock,,DVA,Davita,12,23,21,2,0.36329503642,0.412569145667,0.0492741092469,2026-09-14,2026-09-21,Davita moved from rank #23 to #21 across the watchlist at 12 months; return +36.3% to +41.3%.
overall_stock,stock,,DVA,Davita,24,36,36,0,0.109990217657,0.121097560976,0.0111073433186,2026-09-14,2026-09-21,Davita moved from rank #36 to #36 across the watchlist at 24 months; return +11.0% to +12.1%.
overall_stock,stock,,EHC,Encompass Health,3,22,23,-1,0.199467823002,0.241966744874,0.042498921872,2026-09-14,2026-09-21,Encompass Health moved from rank #22 to #23 across the watchlist at 3 months; return +19.9% to +24.2%.
overall_stock,stock,,EHC,Encompass Health,12,54,52,2,-0.0344307814359,-0.0186200225697,0.0158107588662,2026-09-14,2026-09-21,Encompass Health moved from rank #54 to #52 across the watchlist at 12 months; return -3.4% to -1.9%.
overall_stock,stock,,EHC,Encompass Health,24,24,26,-2,0.305201072386,0.314085267134,0.00888419474838,2026-09-14,2026-09-21,Encompass Health moved from rank #24 to #26 across the watchlist at 24 months; return +30.5% to +31.4%.
overall_stock,stock,,ELV,Elevance,3,48,46,2,0.0362560942411,0.0577863577864,0.0215302635453,2026-09-14,2026-09-21,Elevance moved from rank #48 to #46 across the watchlist at 3 months; return +3.6% to +5.8%.
overall_stock,stock,,ELV,Elevance,12,24,25,-1,0.343084423916,0.30996780466,-0.0331166192556,2026-09-14,2026-09-21,Elevance moved from rank #24 to #25 across the watchlist at 12 months; return +34.3% to +31.0%.
overall_stock,stock,,ELV,Elevance,24,56,56,0,-0.23985186261,-0.238784129219,0.00106773339131,2026-09-14,2026-09-21,Elevance moved from rank #56 to #56 across the watchlist at 24 months; return -24.0% to -23.9%.
overall_stock,stock,,ENSG,The Ensign Group,3,28,35,-7,0.164758653009,0.131858119102,-0.0329005339071,2026-09-14,2026-09-21,The Ensign Group moved from rank #28 to #35 across the watchlist at 3 months; return +16.5% to +13.2%.
overall_stock,stock,,ENSG,The Ensign Group,12,48,45,3,0.0356568843384,0.0585549942175,0.0228981098791,2026-09-14,2026-09-21,The Ensign Group moved from rank #48 to #45 across the watchlist at 12 months; return +3.6% to +5.9%.
overall_stock,stock,,ENSG,The Ensign Group,24,33,35,-2,0.139134420219,0.152790666843,0.0136562466244,2026-09-14,2026-09-21,The Ensign Group moved from rank #33 to #35 across the watchlist at 24 months; return +13.9% to +15.3%.
overall_stock,stock,,EVH,Evolent Health,3,70,72,-2,-0.127083333333,-0.178173719376,-0.0510903860434,2026-09-14,2026-09-21,Evolent Health moved from rank #70 to #72 across the watchlist at 3 months; return -12.7% to -17.8%.
overall_stock,stock,,EVH,Evolent Health,12,76,76,0,-0.535476718404,-0.559665871122,-0.0241891527177,2026-09-14,2026-09-21,Evolent Health moved from rank #76 to #76 across the watchlist at 12 months; return -53.5% to -56.0%.
overall_stock,stock,,EVH,Evolent Health,24,79,79,0,-0.860843573564,-0.881121134021,-0.0202775604566,2026-09-14,2026-09-21,Evolent Health moved from rank #79 to #79 across the watchlist at 24 months; return -86.1% to -88.1%.
overall_stock,stock,,FMS,Fresenius,3,62,62,0,-0.0291051259774,-0.0589232725731,-0.0298181465957,2026-09-14,2026-09-21,Fresenius moved from rank #62 to #62 across the watchlist at 3 months; return -2.9% to -5.9%.
overall_stock,stock,,FMS,Fresenius,12,61,61,0,-0.104925911093,-0.122529644269,-0.0176037331758,2026-09-14,2026-09-21,Fresenius moved from rank #61 to #61 across the watchlist at 12 months; return -10.5% to -12.3%.
overall_stock,stock,,FMS,Fresenius,24,43,39,4,0.0597439544808,0.0962962962963,0.0365523418155,2026-09-14,2026-09-21,Fresenius moved from rank #43 to #39 across the watchlist at 24 months; return +6.0% to +9.6%.
overall_stock,stock,,GDRX,GoodRx,3,12,17,-5,0.279245283019,0.270676691729,-0.00856859128968,2026-09-14,2026-09-21,GoodRx moved from rank #12 to #17 across the watchlist at 3 months; return +27.9% to +27.1%.
overall_stock,stock,,GDRX,GoodRx,12,64,64,0,-0.190930787589,-0.181598062954,0.009332724635,2026-09-14,2026-09-21,GoodRx moved from rank #64 to #64 across the watchlist at 12 months; return -19.1% to -18.2%.
overall_stock,stock,,GDRX,GoodRx,24,72,70,2,-0.562580645161,-0.510853835022,0.0517268101393,2026-09-14,2026-09-21,GoodRx moved from rank #72 to #70 across the watchlist at 24 months; return -56.3% to -51.1%.
overall_stock,stock,,GH,Guardant Health,3,23,14,9,0.19571493694,0.361208074063,0.165493137123,2026-09-14,2026-09-21,Guardant Health moved from rank #23 to #14 across the watchlist at 3 months; return +19.6% to +36.1%.
overall_stock,stock,,GH,Guardant Health,12,4,4,0,1.8669277712,2.03262890955,0.165701138352,2026-09-14,2026-09-21,Guardant Health moved from rank #4 to #4 across the watchlist at 12 months; return +186.7% to +203.3%.
overall_stock,stock,,GH,Guardant Health,24,1,1,0,4.87458006719,6.14946193703,1.27488186984,2026-09-14,2026-09-21,Guardant Health moved from rank #1 to #1 across the watchlist at 24 months; return +487.5% to +614.9%.
overall_stock,stock,,HCA,HCA Healthcare,3,38,32,6,0.102691254714,0.140043180425,0.0373519257109,2026-09-14,2026-09-21,HCA Healthcare moved from rank #38 to #32 across the watchlist at 3 months; return +10.3% to +14.0%.
overall_stock,stock,,HCA,HCA Healthcare,12,46,44,2,0.053834571619,0.0631618195377,0.00932724791866,2026-09-14,2026-09-21,HCA Healthcare moved from rank #46 to #44 across the watchlist at 12 months; return +5.4% to +6.3%.
overall_stock,stock,,HCA,HCA Healthcare,24,40,42,-2,0.0817371034762,0.0569613996936,-0.0247757037826,2026-09-14,2026-09-21,HCA Healthcare moved from rank #40 to #42 across the watchlist at 24 months; return +8.2% to +5.7%.
overall_stock,stock,,HCAT,Health Catalyst,3,69,50,19,-0.0810810810811,0.0287356321839,0.109816713265,2026-09-14,2026-09-21,Health Catalyst moved from rank #69 to #50 across the watchlist at 3 months; return -8.1% to +2.9%.
overall_stock,stock,,HCAT,Health Catalyst,12,72,70,2,-0.456869009585,-0.38062283737,0.0762461722148,2026-09-14,2026-09-21,Health Catalyst moved from rank #72 to #70 across the watchlist at 12 months; return -45.7% to -38.1%.
overall_stock,stock,,HCAT,Health Catalyst,24,78,78,0,-0.798578199052,-0.794016110472,0.00456208858019,2026-09-14,2026-09-21,Health Catalyst moved from rank #78 to #78 across the watchlist at 24 months; return -79.9% to -79.4%.
overall_stock,stock,,HIMS,Hims & Hers,3,51,74,-23,0.0257270693512,-0.210882435861,-0.236609505212,2026-09-14,2026-09-21,Hims & Hers moved from rank #51 to #74 across the watchlist at 3 months; return +2.6% to -21.1%.
overall_stock,stock,,HIMS,Hims & Hers,12,75,74,1,-0.504324324324,-0.515911449325,-0.0115871250015,2026-09-14,2026-09-21,Hims & Hers moved from rank #75 to #74 across the watchlist at 12 months; return -50.4% to -51.6%.
overall_stock,stock,,HIMS,Hims & Hers,24,11,12,-1,0.660229330115,0.71717791411,0.0569485839954,2026-09-14,2026-09-21,Hims & Hers moved from rank #11 to #12 across the watchlist at 24 months; return +66.0% to +71.7%.
overall_stock,stock,,HQY,HealthEquity,3,41,37,4,0.0896536110482,0.116535617885,0.026882006837,2026-09-14,2026-09-21,HealthEquity moved from rank #41 to #37 across the watchlist at 3 months; return +9.0% to +11.7%.
overall_stock,stock,,HQY,HealthEquity,12,47,51,-4,0.040761163369,0.0149349263921,-0.0258262369769,2026-09-14,2026-09-21,HealthEquity moved from rank #47 to #51 across the watchlist at 12 months; return +4.1% to +1.5%.
overall_stock,stock,,HQY,HealthEquity,24,29,32,-3,0.230474242618,0.196278134037,-0.0341961085805,2026-09-14,2026-09-21,HealthEquity moved from rank #29 to #32 across the watchlist at 24 months; return +23.0% to +19.6%.
overall_stock,stock,,HSIC,Henry Schein,3,42,45,-3,0.0875076923077,0.0615615615616,-0.0259461307461,2026-09-14,2026-09-21,Henry Schein moved from rank #42 to #45 across the watchlist at 3 months; return +8.8% to +6.2%.
overall_stock,stock,,HSIC,Henry Schein,12,29,30,-1,0.280394145776,0.250221043324,-0.0301731024515,2026-09-14,2026-09-21,Henry Schein moved from rank #29 to #30 across the watchlist at 12 months; return +28.0% to +25.0%.
overall_stock,stock,,HSIC,Henry Schein,24,26,33,-7,0.255470304064,0.192410400562,-0.0630599035018,2026-09-14,2026-09-21,Henry Schein moved from rank #26 to #33 across the watchlist at 24 months; return +25.5% to +19.2%.
overall_stock,stock,,HUM,Humana,3,43,41,2,0.0806392067929,0.0708997643144,-0.00973944247847,2026-09-14,2026-09-21,Humana moved from rank #43 to #41 across the watchlist at 3 months; return +8.1% to +7.1%.
overall_stock,stock,,HUM,Humana,12,19,17,2,0.482419331501,0.528615530753,0.0461961992518,2026-09-14,2026-09-21,Humana moved from rank #19 to #17 across the watchlist at 12 months; return +48.2% to +52.9%.
overall_stock,stock,,HUM,Humana,24,25,28,-3,0.274412240328,0.244225379337,-0.030186860991,2026-09-14,2026-09-21,Humana moved from rank #25 to #28 across the watchlist at 24 months; return +27.4% to +24.4%.
overall_stock,stock,,ILMN,Illumina,3,11,11,0,0.282537118718,0.479775211511,0.197238092793,2026-09-14,2026-09-21,Illumina moved from rank #11 to #11 across the watchlist at 3 months; return +28.3% to +48.0%.
overall_stock,stock,,ILMN,Illumina,12,8,7,1,1.17041631623,1.33206812652,0.161651810291,2026-09-14,2026-09-21,Illumina moved from rank #8 to #7 across the watchlist at 12 months; return +117.0% to +133.2%.
overall_stock,stock,,ILMN,Illumina,24,16,10,6,0.598157609537,0.82637195122,0.228214341683,2026-09-14,2026-09-21,Illumina moved from rank #16 to #10 across the watchlist at 24 months; return +59.8% to +82.6%.
overall_stock,stock,,IQV,Iqvia,3,9,7,2,0.442576876447,0.588007391071,0.145430514624,2026-09-14,2026-09-21,Iqvia moved from rank #9 to #7 across the watchlist at 3 months; return +44.3% to +58.8%.
overall_stock,stock,,IQV,Iqvia,12,20,20,0,0.398194637325,0.42303172738,0.0248370900546,2026-09-14,2026-09-21,Iqvia moved from rank #20 to #20 across the watchlist at 12 months; return +39.8% to +42.3%.
overall_stock,stock,,IQV,Iqvia,24,39,38,1,0.0966485127775,0.100363456137,0.00371494335995,2026-09-14,2026-09-21,Iqvia moved from rank #39 to #38 across the watchlist at 24 months; return +9.7% to +10.0%.
overall_stock,stock,,LFMD,LifeMD,3,80,80,0,-0.351063829787,-0.322105263158,0.0289585666291,2026-09-14,2026-09-21,LifeMD moved from rank #80 to #80 across the watchlist at 3 months; return -35.1% to -32.2%.
overall_stock,stock,,LFMD,LifeMD,12,73,72,1,-0.474137931034,-0.493710691824,-0.0195727607899,2026-09-14,2026-09-21,LifeMD moved from rank #73 to #72 across the watchlist at 12 months; return -47.4% to -49.4%.
overall_stock,stock,,LFMD,LifeMD,24,66,62,4,-0.421252371917,-0.344195519348,0.0770568525687,2026-09-14,2026-09-21,LifeMD moved from rank #66 to #62 across the watchlist at 24 months; return -42.1% to -34.4%.
overall_stock,stock,,LFST,Lifestance Health,3,6,12,-6,0.525882352941,0.399777282851,-0.12610507009,2026-09-14,2026-09-21,Lifestance Health moved from rank #6 to #12 across the watchlist at 3 months; return +52.6% to +40.0%.
overall_stock,stock,,LFST,Lifestance Health,12,5,5,0,1.47992351816,1.4034416826,-0.0764818355596,2026-09-14,2026-09-21,Lifestance Health moved from rank #5 to #5 across the watchlist at 12 months; return +148.0% to +140.3%.
overall_stock,stock,,LFST,Lifestance Health,24,8,8,0,0.868876080692,0.845814977974,-0.0230611027184,2026-09-14,2026-09-21,Lifestance Health moved from rank #8 to #8 across the watchlist at 24 months; return +86.9% to +84.6%.
overall_stock,stock,,LH,Labcorp Holdings,3,27,20,7,0.170498948001,0.253654913611,0.0831559656101,2026-09-14,2026-09-21,Labcorp Holdings moved from rank #27 to #20 across the watchlist at 3 months; return +17.0% to +25.4%.
overall_stock,stock,,LH,Labcorp Holdings,12,39,35,4,0.120849073574,0.156670393479,0.0358213199053,2026-09-14,2026-09-21,Labcorp Holdings moved from rank #39 to #35 across the watchlist at 12 months; return +12.1% to +15.7%.
overall_stock,stock,,LH,Labcorp Holdings,24,20,20,0,0.408854519966,0.443209432094,0.0343549121283,2026-09-14,2026-09-21,Labcorp Holdings moved from rank #20 to #20 across the watchlist at 24 months; return +40.9% to +44.3%.
overall_stock,stock,,MCK,McKesson,3,36,28,8,0.124303296984,0.16522121418,0.0409179171961,2026-09-14,2026-09-21,McKesson moved from rank #36 to #28 across the watchlist at 3 months; return +12.4% to +16.5%.
overall_stock,stock,,MCK,McKesson,12,32,29,3,0.239085209862,0.252523950681,0.0134387408189,2026-09-14,2026-09-21,McKesson moved from rank #32 to #29 across the watchlist at 12 months; return +23.9% to +25.3%.
overall_stock,stock,,MCK,McKesson,24,10,11,-1,0.699099863148,0.721751968504,0.0226521053559,2026-09-14,2026-09-21,McKesson moved from rank #10 to #11 across the watchlist at 24 months; return +69.9% to +72.2%.
overall_stock,stock,,MDRX,Veradigm,3,56,57,-1,0,0,0,2026-09-14,2026-09-21,Veradigm moved from rank #56 to #57 across the watchlist at 3 months; return +0.0% to +0.0%.
overall_stock,stock,,MDRX,Veradigm,12,49,49,0,0.0322580645161,0.0300429184549,-0.00221514606116,2026-09-14,2026-09-21,Veradigm moved from rank #49 to #49 across the watchlist at 12 months; return +3.2% to +3.0%.
overall_stock,stock,,MDRX,Veradigm,24,70,69,1,-0.510204081633,-0.507692307692,0.00251177394069,2026-09-14,2026-09-21,Veradigm moved from rank #70 to #69 across the watchlist at 24 months; return -51.0% to -50.8%.
overall_stock,stock,,MOH,Molina Healthcare,3,52,51,1,0.0197223886559,0.0277422326867,0.0080198440308,2026-09-14,2026-09-21,Molina Healthcare moved from rank #52 to #51 across the watchlist at 3 months; return +2.0% to +2.8%.
overall_stock,stock,,MOH,Molina Healthcare,12,37,36,1,0.129091110128,0.146454265159,0.0173631550313,2026-09-14,2026-09-21,Molina Healthcare moved from rank #37 to #36 across the watchlist at 12 months; return +12.9% to +14.6%.
overall_stock,stock,,MOH,Molina Healthcare,24,67,67,0,-0.429843662758,-0.428632405668,0.00121125708957,2026-09-14,2026-09-21,Molina Healthcare moved from rank #67 to #67 across the watchlist at 24 months; return -43.0% to -42.9%.
overall_stock,stock,,MPT,Medical Properties Trust,3,78,78,0,-0.266129032258,-0.24944812362,0.0166809086377,2026-09-14,2026-09-21,Medical Properties Trust moved from rank #78 to #78 across the watchlist at 3 months; return -26.6% to -24.9%.
overall_stock,stock,,MPT,Medical Properties Trust,12,,,,,,,2026-09-14,2026-09-21,Medical Properties Trust moved from rank unavailable across the watchlist at 12 months; return unavailable.
overall_stock,stock,,MPT,Medical Properties Trust,24,,,,,,,2026-09-14,2026-09-21,Medical Properties Trust moved from rank unavailable across the watchlist at 24 months; return unavailable.
overall_stock,stock,,NEO,NeoGenomics,3,4,2,2,0.5533632287,0.788858939802,0.235495711102,2026-09-14,2026-09-21,NeoGenomics moved from rank #4 to #2 across the watchlist at 3 months; return +55.3% to +78.9%.
overall_stock,stock,,NEO,NeoGenomics,12,7,6,1,1.17587939698,1.33685446009,0.160975063114,2026-09-14,2026-09-21,NeoGenomics moved from rank #7 to #6 across the watchlist at 12 months; return +117.6% to +133.7%.
overall_stock,stock,,NEO,NeoGenomics,24,44,30,14,0.0560975609756,0.222972972973,0.166875411997,2026-09-14,2026-09-21,NeoGenomics moved from rank #44 to #30 across the watchlist at 24 months; return +5.6% to +22.3%.
overall_stock,stock,,NHI,National Health Investors,3,61,60,1,-0.0246879334258,-0.0426433210957,-0.0179553876699,2026-09-14,2026-09-21,National Health Investors moved from rank #61 to #60 across the watchlist at 3 months; return -2.5% to -4.3%.
overall_stock,stock,,NHI,National Health Investors,12,58,62,-4,-0.101800996296,-0.136415743217,-0.0346147469214,2026-09-14,2026-09-21,National Health Investors moved from rank #58 to #62 across the watchlist at 12 months; return -10.2% to -13.6%.
overall_stock,stock,,NHI,National Health Investors,24,53,52,1,-0.173192239859,-0.185096153846,-0.0119039139872,2026-09-14,2026-09-21,National Health Investors moved from rank #53 to #52 across the watchlist at 24 months; return -17.3% to -18.5%.
overall_stock,stock,,NTRA,Natera,3,5,6,-1,0.55104446645,0.596257724385,0.0452132579353,2026-09-14,2026-09-21,Natera moved from rank #5 to #6 across the watchlist at 3 months; return +55.1% to +59.6%.
overall_stock,stock,,NTRA,Natera,12,12,12,0,0.951990979764,1.03958919993,0.0875982201697,2026-09-14,2026-09-21,Natera moved from rank #12 to #12 across the watchlist at 12 months; return +95.2% to +104.0%.
overall_stock,stock,,NTRA,Natera,24,6,4,2,1.60003161805,1.8908279856,0.29079636755,2026-09-14,2026-09-21,Natera moved from rank #6 to #4 across the watchlist at 24 months; return +160.0% to +189.1%.
overall_stock,stock,,OHI,Omega Healthcare Investors,3,50,47,3,0.0266550142014,0.0478329216259,0.0211779074245,2026-09-14,2026-09-21,Omega Healthcare Investors moved from rank #50 to #47 across the watchlist at 3 months; return +2.7% to +4.8%.
overall_stock,stock,,OHI,Omega Healthcare Investors,12,41,37,4,0.106167608286,0.123525162533,0.0173575542471,2026-09-14,2026-09-21,Omega Healthcare Investors moved from rank #41 to #37 across the watchlist at 12 months; return +10.6% to +12.4%.
overall_stock,stock,,OHI,Omega Healthcare Investors,24,32,34,-2,0.156819300837,0.154664686959,-0.00215461387833,2026-09-14,2026-09-21,Omega Healthcare Investors moved from rank #32 to #34 across the watchlist at 24 months; return +15.7% to +15.5%.
overall_stock,stock,,OMCL,Omnicell,3,73,71,2,-0.133227597145,-0.174647887324,-0.0414202901789,2026-09-14,2026-09-21,Omnicell moved from rank #73 to #71 across the watchlist at 3 months; return -13.3% to -17.5%.
overall_stock,stock,,OMCL,Omnicell,12,50,50,0,0.0301602262017,0.0283982131461,-0.00176201305556,2026-09-14,2026-09-21,Omnicell moved from rank #50 to #50 across the watchlist at 12 months; return +3.0% to +2.8%.
overall_stock,stock,,OMCL,Omnicell,24,57,60,-3,-0.240268767377,-0.277678171224,-0.0374094038467,2026-09-14,2026-09-21,Omnicell moved from rank #57 to #60 across the watchlist at 24 months; return -24.0% to -27.8%.
overall_stock,stock,,OMDA,Omada Health,3,32,29,3,0.147024504084,0.158163265306,0.0111387612221,2026-09-14,2026-09-21,Omada Health moved from rank #32 to #29 across the watchlist at 3 months; return +14.7% to +15.8%.
overall_stock,stock,,OMDA,Omada Health,12,60,58,2,-0.104735883424,-0.100792253521,0.00394362990287,2026-09-14,2026-09-21,Omada Health moved from rank #60 to #58 across the watchlist at 12 months; return -10.5% to -10.1%.
overall_stock,stock,,OMDA,Omada Health,24,,,,,,,2026-09-14,2026-09-21,Omada Health moved from rank unavailable across the watchlist at 24 months; return unavailable.
overall_stock,stock,,OPCH,Option Care Health,3,35,39,-4,0.131021194605,0.105047748977,-0.0259734456282,2026-09-14,2026-09-21,Option Care Health moved from rank #35 to #39 across the watchlist at 3 months; return +13.1% to +10.5%.
overall_stock,stock,,OPCH,Option Care Health,12,63,63,0,-0.175561797753,-0.141646061462,0.0339157362906,2026-09-14,2026-09-21,Option Care Health moved from rank #63 to #63 across the watchlist at 12 months; return -17.6% to -14.2%.
overall_stock,stock,,OPCH,Option Care Health,24,59,55,4,-0.266020631447,-0.238244514107,0.0277761173404,2026-09-14,2026-09-21,Option Care Health moved from rank #59 to #55 across the watchlist at 24 months; return -26.6% to -23.8%.
overall_stock,stock,,ORCL,Oracle-Cerner,3,76,73,3,-0.18383750611,-0.199034130989,-0.0151966248792,2026-09-14,2026-09-21,Oracle-Cerner moved from rank #76 to #73 across the watchlist at 3 months; return -18.4% to -19.9%.
overall_stock,stock,,ORCL,Oracle-Cerner,12,74,75,-1,-0.48565952495,-0.521771528543,-0.0361120035927,2026-09-14,2026-09-21,Oracle-Cerner moved from rank #74 to #75 across the watchlist at 12 months; return -48.6% to -52.2%.
overall_stock,stock,,ORCL,Oracle-Cerner,24,47,49,-2,-0.0725174350429,-0.121369047619,-0.0488516125761,2026-09-14,2026-09-21,Oracle-Cerner moved from rank #47 to #49 across the watchlist at 24 months; return -7.3% to -12.1%.
overall_stock,stock,,OSCR,Oscar Health,3,29,36,-7,0.159589525832,0.131338028169,-0.028251497663,2026-09-14,2026-09-21,Oscar Health moved from rank #29 to #36 across the watchlist at 3 months; return +16.0% to +13.1%.
overall_stock,stock,,OSCR,Oscar Health,12,13,14,-1,0.695292291774,0.693726937269,-0.00156535450463,2026-09-14,2026-09-21,Oscar Health moved from rank #13 to #14 across the watchlist at 12 months; return +69.5% to +69.4%.
overall_stock,stock,,OSCR,Oscar Health,24,18,22,-4,0.516427579824,0.401221107719,-0.115206472105,2026-09-14,2026-09-21,Oscar Health moved from rank #18 to #22 across the watchlist at 24 months; return +51.6% to +40.1%.
overall_stock,stock,,PACB,PacBio,3,57,59,-2,-0.00763358778626,-0.0214285714286,-0.0137949836423,2026-09-14,2026-09-21,PacBio moved from rank #57 to #59 across the watchlist at 3 months; return -0.8% to -2.1%.
overall_stock,stock,,PACB,PacBio,12,40,42,-2,0.111111111111,0.0787401574803,-0.0323709536307,2026-09-14,2026-09-21,PacBio moved from rank #40 to #42 across the watchlist at 12 months; return +11.1% to +7.9%.
overall_stock,stock,,PACB,PacBio,24,60,57,3,-0.281767955801,-0.249315068493,0.0324528873078,2026-09-14,2026-09-21,PacBio moved from rank #60 to #57 across the watchlist at 24 months; return -28.2% to -24.9%.
overall_stock,stock,,PACS,PACS Group,3,19,31,-12,0.233737596472,0.151134189669,-0.0826034068027,2026-09-14,2026-09-21,PACS Group moved from rank #19 to #31 across the watchlist at 3 months; return +23.4% to +15.1%.
overall_stock,stock,,PACS,PACS Group,12,2,2,0,3.59076923077,2.51879699248,-1.07197223829,2026-09-14,2026-09-21,PACS Group moved from rank #2 to #2 across the watchlist at 12 months; return +359.1% to +251.9%.
overall_stock,stock,,PACS,PACS Group,24,38,43,-5,0.0992141453831,0.0331125827815,-0.0661015626016,2026-09-14,2026-09-21,PACS Group moved from rank #38 to #43 across the watchlist at 24 months; return +9.9% to +3.3%.
overall_stock,stock,,PGNY,Progyny,3,49,48,1,0.0270371761172,0.0402607361963,0.0132235600791,2026-09-14,2026-09-21,Progyny moved from rank #49 to #48 across the watchlist at 3 months; return +2.7% to +4.0%.
overall_stock,stock,,PGNY,Progyny,12,33,28,5,0.215015548645,0.254856614246,0.0398410656011,2026-09-14,2026-09-21,Progyny moved from rank #33 to #28 across the watchlist at 12 months; return +21.5% to +25.5%.
overall_stock,stock,,PGNY,Progyny,24,35,13,22,0.132505175983,0.632370637786,0.499865461803,2026-09-14,2026-09-21,Progyny moved from rank #35 to #13 across the watchlist at 24 months; return +13.3% to +63.2%.
overall_stock,stock,,PHR,Phreesia,3,34,42,-8,0.137969094923,0.0703624733475,-0.0676066215755,2026-09-14,2026-09-21,Phreesia moved from rank #34 to #42 across the watchlist at 3 months; return +13.8% to +7.0%.
overall_stock,stock,,PHR,Phreesia,12,77,77,0,-0.573790822654,-0.579388353582,-0.0055975309279,2026-09-14,2026-09-21,Phreesia moved from rank #77 to #77 across the watchlist at 12 months; return -57.4% to -57.9%.
overall_stock,stock,,PHR,Phreesia,24,73,72,1,-0.582422033212,-0.574395930479,0.00802610273298,2026-09-14,2026-09-21,Phreesia moved from rank #73 to #72 across the watchlist at 24 months; return -58.2% to -57.4%.
overall_stock,stock,,PIII,P3 Health,3,79,79,0,-0.310711365495,-0.286511627907,0.024199737588,2026-09-14,2026-09-21,P3 Health moved from rank #79 to #79 across the watchlist at 3 months; return -31.1% to -28.7%.
overall_stock,stock,,PIII,P3 Health,12,53,57,-4,-0.0197674418605,-0.0691747572816,-0.0494073154211,2026-09-14,2026-09-21,P3 Health moved from rank #53 to #57 across the watchlist at 12 months; return -2.0% to -6.9%.
overall_stock,stock,,PIII,P3 Health,24,75,75,0,-0.658150851582,-0.643255813953,0.0148950376285,2026-09-14,2026-09-21,P3 Health moved from rank #75 to #75 across the watchlist at 24 months; return -65.8% to -64.3%.
overall_stock,stock,,PNTG,Pennant Group,3,25,25,0,0.193302891933,0.18480861244,-0.00849427949281,2026-09-14,2026-09-21,Pennant Group moved from rank #25 to #25 across the watchlist at 3 months; return +19.3% to +18.5%.
overall_stock,stock,,PNTG,Pennant Group,12,18,16,2,0.532447224394,0.642620232172,0.110173007778,2026-09-14,2026-09-21,Pennant Group moved from rank #18 to #16 across the watchlist at 12 months; return +53.2% to +64.3%.
overall_stock,stock,,PNTG,Pennant Group,24,34,37,-3,0.135573580533,0.110426008969,-0.0251475715644,2026-09-14,2026-09-21,Pennant Group moved from rank #34 to #37 across the watchlist at 24 months; return +13.6% to +11.0%.
overall_stock,stock,,PRVA,Privia Health Group,3,71,70,1,-0.128467776355,-0.161385720321,-0.0329179439661,2026-09-14,2026-09-21,Privia Health Group moved from rank #71 to #70 across the watchlist at 3 months; return -12.8% to -16.1%.
overall_stock,stock,,PRVA,Privia Health Group,12,59,59,0,-0.103992979377,-0.112650871703,-0.00865789232617,2026-09-14,2026-09-21,Privia Health Group moved from rank #59 to #59 across the watchlist at 12 months; return -10.4% to -11.3%.
overall_stock,stock,,PRVA,Privia Health Group,24,41,41,0,0.0775725593668,0.0586666666667,-0.0189058927001,2026-09-14,2026-09-21,Privia Health Group moved from rank #41 to #41 across the watchlist at 24 months; return +7.8% to +5.9%.
overall_stock,stock,,QDEL,QuidelOrtho,3,75,77,-2,-0.166312809625,-0.223116313094,-0.0568035034694,2026-09-14,2026-09-21,QuidelOrtho moved from rank #75 to #77 across the watchlist at 3 months; return -16.6% to -22.3%.
overall_stock,stock,,QDEL,QuidelOrtho,12,78,78,0,-0.587679383969,-0.630993745657,-0.0433143616877,2026-09-14,2026-09-21,QuidelOrtho moved from rank #78 to #78 across the watchlist at 12 months; return -58.8% to -63.1%.
overall_stock,stock,,QDEL,QuidelOrtho,24,76,76,0,-0.740928084451,-0.766079295154,-0.0251512107032,2026-09-14,2026-09-21,QuidelOrtho moved from rank #76 to #76 across the watchlist at 24 months; return -74.1% to -76.6%.
overall_stock,stock,,SBRA,Sabra Health Care REIT,3,40,40,0,0.0955686065136,0.0894039735099,-0.00616463300367,2026-09-14,2026-09-21,Sabra Health Care REIT moved from rank #40 to #40 across the watchlist at 3 months; return +9.6% to +8.9%.
overall_stock,stock,,SBRA,Sabra Health Care REIT,12,42,46,-4,0.0771653543307,0.0550507749866,-0.0221145793441,2026-09-14,2026-09-21,Sabra Health Care REIT moved from rank #42 to #46 across the watchlist at 12 months; return +7.7% to +5.5%.
overall_stock,stock,,SBRA,Sabra Health Care REIT,24,37,40,-3,0.103819257665,0.0590128755365,-0.0448063821285,2026-09-14,2026-09-21,Sabra Health Care REIT moved from rank #37 to #40 across the watchlist at 24 months; return +10.4% to +5.9%.
overall_stock,stock,,SGRY,Surgery Partners,3,64,64,0,-0.0607446113651,-0.0893470790378,-0.0286024676727,2026-09-14,2026-09-21,Surgery Partners moved from rank #64 to #64 across the watchlist at 3 months; return -6.1% to -8.9%.
overall_stock,stock,,SGRY,Surgery Partners,12,69,71,-2,-0.34247828075,-0.387141535615,-0.0446632548652,2026-09-14,2026-09-21,Surgery Partners moved from rank #69 to #71 across the watchlist at 12 months; return -34.2% to -38.7%.
overall_stock,stock,,SGRY,Surgery Partners,24,71,73,-2,-0.536129032258,-0.593183911575,-0.0570548793171,2026-09-14,2026-09-21,Surgery Partners moved from rank #71 to #73 across the watchlist at 24 months; return -53.6% to -59.3%.
overall_stock,stock,,SOLV,Solventum,3,37,26,11,0.108786610879,0.17778072385,0.0689941129709,2026-09-14,2026-09-21,Solventum moved from rank #37 to #26 across the watchlist at 3 months; return +10.9% to +17.8%.
overall_stock,stock,,SOLV,Solventum,12,34,33,1,0.191579234228,0.205100379816,0.0135211455875,2026-09-14,2026-09-21,Solventum moved from rank #34 to #33 across the watchlist at 12 months; return +19.2% to +20.5%.
overall_stock,stock,,SOLV,Solventum,24,27,27,0,0.249285714286,0.27005003574,0.0207643214538,2026-09-14,2026-09-21,Solventum moved from rank #27 to #27 across the watchlist at 24 months; return +24.9% to +27.0%.
overall_stock,stock,,TALK,Talkspace,3,55,55,0,0.00767754318618,0.00767754318618,4.1373154902e-16,2026-09-14,2026-09-21,Talkspace moved from rank #55 to #55 across the watchlist at 3 months; return +0.8% to +0.8%.
overall_stock,stock,,TALK,Talkspace,12,9,10,-1,1.05078125,1.05078125,0,2026-09-14,2026-09-21,Talkspace moved from rank #9 to #10 across the watchlist at 12 months; return +105.1% to +105.1%.
overall_stock,stock,,TALK,Talkspace,24,4,6,-2,1.67857142857,1.39726027397,-0.281311154597,2026-09-14,2026-09-21,Talkspace moved from rank #4 to #6 across the watchlist at 24 months; return +167.9% to +139.7%.
overall_stock,stock,,TDOC,Teladoc,3,74,76,-2,-0.160762942779,-0.219330855019,-0.0585679122396,2026-09-14,2026-09-21,Teladoc moved from rank #74 to #76 across the watchlist at 3 months; return -16.1% to -21.9%.
overall_stock,stock,,TDOC,Teladoc,12,65,66,-1,-0.197916666667,-0.207547169811,-0.00963050314432,2026-09-14,2026-09-21,Teladoc moved from rank #65 to #66 across the watchlist at 12 months; return -19.8% to -20.8%.
overall_stock,stock,,TDOC,Teladoc,24,55,61,-6,-0.238566131026,-0.28,-0.041433868974,2026-09-14,2026-09-21,Teladoc moved from rank #55 to #61 across the watchlist at 24 months; return -23.9% to -28.0%.
overall_stock,stock,,TEM,Tempus AI,3,18,8,10,0.23400250941,0.531077891424,0.297075382014,2026-09-14,2026-09-21,Tempus AI moved from rank #18 to #8 across the watchlist at 3 months; return +23.4% to +53.1%.
overall_stock,stock,,TEM,Tempus AI,12,67,60,7,-0.316855753647,-0.11786038078,0.198995372867,2026-09-14,2026-09-21,Tempus AI moved from rank #67 to #60 across the watchlist at 12 months; return -31.7% to -11.8%.
overall_stock,stock,,TEM,Tempus AI,24,31,21,10,0.195018226002,0.430093698328,0.235075472326,2026-09-14,2026-09-21,Tempus AI moved from rank #31 to #21 across the watchlist at 24 months; return +19.5% to +43.0%.
overall_stock,stock,,THC,Tenet Health,3,7,10,-3,0.509733195924,0.518166541114,0.00843334518975,2026-09-14,2026-09-21,Tenet Health moved from rank #7 to #10 across the watchlist at 3 months; return +51.0% to +51.8%.
overall_stock,stock,,THC,Tenet Health,12,22,23,-1,0.367544860492,0.377879457242,0.01033459675,2026-09-14,2026-09-21,Tenet Health moved from rank #22 to #23 across the watchlist at 12 months; return +36.8% to +37.8%.
overall_stock,stock,,THC,Tenet Health,24,14,15,-1,0.623606920756,0.586279970937,-0.0373269498187,2026-09-14,2026-09-21,Tenet Health moved from rank #14 to #15 across the watchlist at 24 months; return +62.4% to +58.6%.
overall_stock,stock,,TXG,10x Genomics,3,1,1,0,1.37829403606,1.20399942454,-0.174294611517,2026-09-14,2026-09-21,10x Genomics moved from rank #1 to #1 across the watchlist at 3 months; return +137.8% to +120.4%.
overall_stock,stock,,TXG,10x Genomics,12,1,1,0,4.42642405063,4.87423312883,0.447809078204,2026-09-14,2026-09-21,10x Genomics moved from rank #1 to #1 across the watchlist at 12 months; return +442.6% to +487.4%.
overall_stock,stock,,TXG,10x Genomics,24,3,3,0,2.06616003576,2.37742504409,0.311265008332,2026-09-14,2026-09-21,10x Genomics moved from rank #3 to #3 across the watchlist at 24 months; return +206.6% to +237.7%.
overall_stock,stock,,UHS,Universal Health Services,3,24,21,3,0.1940308701,0.251611532195,0.0575806620952,2026-09-14,2026-09-21,Universal Health Services moved from rank #24 to #21 across the watchlist at 3 months; return +19.4% to +25.2%.
overall_stock,stock,,UHS,Universal Health Services,12,57,56,1,-0.08809722512,-0.0633481764207,0.0247490486993,2026-09-14,2026-09-21,Universal Health Services moved from rank #57 to #56 across the watchlist at 12 months; return -8.8% to -6.3%.
overall_stock,stock,,UHS,Universal Health Services,24,58,58,0,-0.248237014104,-0.257667422906,-0.00943040880164,2026-09-14,2026-09-21,Universal Health Services moved from rank #58 to #58 across the watchlist at 24 months; return -24.8% to -25.8%.
overall_stock,stock,,UNH,UnitedHealth,3,68,63,5,-0.072040536571,-0.0600059856345,0.0120345509365,2026-09-14,2026-09-21,UnitedHealth moved from rank #68 to #63 across the watchlist at 3 months; return -7.2% to -6.0%.
overall_stock,stock,,UNH,UnitedHealth,12,43,38,5,0.075402116252,0.11942736642,0.0440252501681,2026-09-14,2026-09-21,UnitedHealth moved from rank #43 to #38 across the watchlist at 12 months; return +7.5% to +11.9%.
overall_stock,stock,,UNH,UnitedHealth,24,64,63,1,-0.362144972405,-0.34452173913,0.0176232332746,2026-09-14,2026-09-21,UnitedHealth moved from rank #64 to #63 across the watchlist at 24 months; return -36.2% to -34.5%.
overall_stock,stock,,USPH,US Physical Therapy,3,21,15,6,0.200732153752,0.302432090967,0.101699937215,2026-09-14,2026-09-21,US Physical Therapy moved from rank #21 to #15 across the watchlist at 3 months; return +20.1% to +30.2%.
overall_stock,stock,,USPH,US Physical Therapy,12,52,47,5,-0.019309829326,0.0508409785933,0.0701508079193,2026-09-14,2026-09-21,US Physical Therapy moved from rank #52 to #47 across the watchlist at 12 months; return -1.9% to +5.1%.
overall_stock,stock,,USPH,US Physical Therapy,24,46,45,1,-0.0693935453363,-0.00972622478386,0.0596673205524,2026-09-14,2026-09-21,US Physical Therapy moved from rank #46 to #45 across the watchlist at 24 months; return -6.9% to -1.0%.
overall_stock,stock,,VEEV,Veeva Systems,3,3,4,-1,0.64472859471,0.697390737117,0.0526621424068,2026-09-14,2026-09-21,Veeva Systems moved from rank #3 to #4 across the watchlist at 3 months; return +64.5% to +69.7%.
overall_stock,stock,,VEEV,Veeva Systems,12,55,55,0,-0.0507542596679,-0.0632852154505,-0.0125309557826,2026-09-14,2026-09-21,Veeva Systems moved from rank #55 to #55 across the watchlist at 12 months; return -5.1% to -6.3%.
overall_stock,stock,,VEEV,Veeva Systems,24,30,31,-1,0.203945859142,0.210954951601,0.00700909245889,2026-09-14,2026-09-21,Veeva Systems moved from rank #30 to #31 across the watchlist at 24 months; return +20.4% to +21.1%.
overall_stock,stock,,VTR,"Ventas, Inc",3,44,44,0,0.0637115839243,0.0623774509804,-0.00133413294391,2026-09-14,2026-09-21,"Ventas, Inc moved from rank #44 to #44 across the watchlist at 3 months; return +6.4% to +6.2%."
overall_stock,stock,,VTR,"Ventas, Inc",12,27,26,1,0.290549261437,0.291374944138,0.000825682701239,2026-09-14,2026-09-21,"Ventas, Inc moved from rank #27 to #26 across the watchlist at 12 months; return +29.1% to +29.1%."
overall_stock,stock,,VTR,"Ventas, Inc",24,22,23,-1,0.383184752536,0.394402444909,0.0112176923731,2026-09-14,2026-09-21,"Ventas, Inc moved from rank #22 to #23 across the watchlist at 24 months; return +38.3% to +39.4%."
overall_stock,stock,,WAY,Waystar,3,15,13,2,0.251733333333,0.389279913373,0.13754658004,2026-09-14,2026-09-21,Waystar moved from rank #15 to #13 across the watchlist at 3 months; return +25.2% to +38.9%.
overall_stock,stock,,WAY,Waystar,12,71,68,3,-0.371788008565,-0.321164021164,0.050623987401,2026-09-14,2026-09-21,Waystar moved from rank #71 to #68 across the watchlist at 12 months; return -37.2% to -32.1%.
overall_stock,stock,,WAY,Waystar,24,52,46,6,-0.125232948192,-0.0611050128064,0.0641279353856,2026-09-14,2026-09-21,Waystar moved from rank #52 to #46 across the watchlist at 24 months; return -12.5% to -6.1%.
overall_stock,stock,,WELL,Welltower,3,39,38,1,0.0998459599496,0.107524800387,0.00767884043753,2026-09-14,2026-09-21,Welltower moved from rank #39 to #38 across the watchlist at 3 months; return +10.0% to +10.8%.
overall_stock,stock,,WELL,Welltower,12,21,22,-1,0.39312954532,0.385495490042,-0.00763405527823,2026-09-14,2026-09-21,Welltower moved from rank #21 to #22 across the watchlist at 12 months; return +39.3% to +38.5%.
overall_stock,stock,,WELL,Welltower,24,9,9,0,0.815953757225,0.827013650515,0.0110598932899,2026-09-14,2026-09-21,Welltower moved from rank #9 to #9 across the watchlist at 24 months; return +81.6% to +82.7%.
