change_type,entity_type,category,ticker,name,horizon_months,previous_rank,current_rank,rank_delta,previous_return,current_return,return_delta,previous_report_date,current_report_date,detail
category_performance,category,"Digital Health, Specialty, Benefits",,"Digital Health, Specialty, Benefits",12,9,9,0,0.0295542839355,-0.0199148892908,-0.0494691732263,2026-09-21,2026-09-28,"Digital Health, Specialty, Benefits moved from rank #9 to #9 among subcategories at 12 months; return +3.0% to -2.0%."
category_performance,category,"Digital Health, Specialty, Benefits",,"Digital Health, Specialty, Benefits",24,5,5,0,0.415643761791,0.363957485279,-0.0516862765122,2026-09-21,2026-09-28,"Digital Health, Specialty, Benefits moved from rank #5 to #5 among subcategories at 24 months; return +41.6% to +36.4%."
category_performance,category,"Digital Health, Specialty, Benefits",,"Digital Health, Specialty, Benefits",3,6,7,-1,0.0378561640963,-0.0252392712348,-0.0630954353311,2026-09-21,2026-09-28,"Digital Health, Specialty, Benefits moved from rank #6 to #7 among subcategories at 3 months; return +3.8% to -2.5%."
category_performance,category,Health Care Real Estate,,Health Care Real Estate,12,5,5,0,0.312405151297,0.262479688931,-0.0499254623658,2026-09-21,2026-09-28,Health Care Real Estate moved from rank #5 to #5 among subcategories at 12 months; return +31.2% to +26.2%.
category_performance,category,Health Care Real Estate,,Health Care Real Estate,24,4,4,0,0.606948650357,0.592512246243,-0.0144364041144,2026-09-21,2026-09-28,Health Care Real Estate moved from rank #4 to #4 among subcategories at 24 months; return +60.7% to +59.3%.
category_performance,category,Health Care Real Estate,,Health Care Real Estate,3,5,6,-1,0.0825661017952,-0.00603169422581,-0.088597796021,2026-09-21,2026-09-28,Health Care Real Estate moved from rank #5 to #6 among subcategories at 3 months; return +8.3% to -0.6%.
category_performance,category,Health IT and Data,,Health IT and Data,12,10,10,0,-0.38719869357,-0.372509806304,0.014688887266,2026-09-21,2026-09-28,Health IT and Data moved from rank #10 to #10 among subcategories at 12 months; return -38.7% to -37.3%.
category_performance,category,Health IT and Data,,Health IT and Data,24,8,8,0,-0.0705018669784,-0.109290517743,-0.0387886507644,2026-09-21,2026-09-28,Health IT and Data moved from rank #8 to #8 among subcategories at 24 months; return -7.1% to -10.9%.
category_performance,category,Health IT and Data,,Health IT and Data,3,9,5,4,-0.0505525855827,0.0250157894658,0.0755683750485,2026-09-21,2026-09-28,Health IT and Data moved from rank #9 to #5 among subcategories at 3 months; return -5.1% to +2.5%.
category_performance,category,Health System Providers,,Health System Providers,12,8,8,0,0.102700903329,0.0653824057544,-0.0373184975746,2026-09-21,2026-09-28,Health System Providers moved from rank #8 to #8 among subcategories at 12 months; return +10.3% to +6.5%.
category_performance,category,Health System Providers,,Health System Providers,24,7,6,1,0.112599166194,0.133387111112,0.0207879449175,2026-09-21,2026-09-28,Health System Providers moved from rank #7 to #6 among subcategories at 24 months; return +11.3% to +13.3%.
category_performance,category,Health System Providers,,Health System Providers,3,2,2,0,0.214074368108,0.165712169589,-0.0483621985192,2026-09-21,2026-09-28,Health System Providers moved from rank #2 to #2 among subcategories at 3 months; return +21.4% to +16.6%.
category_performance,category,Inpatient Non-Acute Providers,,Inpatient Non-Acute Providers,12,2,3,-1,0.620710867404,0.461541333727,-0.159169533677,2026-09-21,2026-09-28,Inpatient Non-Acute Providers moved from rank #2 to #3 among subcategories at 12 months; return +62.1% to +46.2%.
category_performance,category,Inpatient Non-Acute Providers,,Inpatient Non-Acute Providers,24,6,7,-1,0.113009724004,0.132842873715,0.0198331497112,2026-09-21,2026-09-28,Inpatient Non-Acute Providers moved from rank #6 to #7 among subcategories at 24 months; return +11.3% to +13.3%.
category_performance,category,Inpatient Non-Acute Providers,,Inpatient Non-Acute Providers,3,3,3,0,0.17554535279,0.100017054137,-0.0755282986528,2026-09-21,2026-09-28,Inpatient Non-Acute Providers moved from rank #3 to #3 among subcategories at 3 months; return +17.6% to +10.0%.
category_performance,category,Outpatient and Home Providers,,Outpatient and Home Providers,12,4,4,0,0.395870047639,0.357935087995,-0.0379349596438,2026-09-21,2026-09-28,Outpatient and Home Providers moved from rank #4 to #4 among subcategories at 12 months; return +39.6% to +35.8%.
category_performance,category,Outpatient and Home Providers,,Outpatient and Home Providers,24,3,3,0,0.648266023224,0.608382020865,-0.0398840023587,2026-09-21,2026-09-28,Outpatient and Home Providers moved from rank #3 to #3 among subcategories at 24 months; return +64.8% to +60.8%.
category_performance,category,Outpatient and Home Providers,,Outpatient and Home Providers,3,7,8,-1,0.0178754759244,-0.034543130313,-0.0524186062374,2026-09-21,2026-09-28,Outpatient and Home Providers moved from rank #7 to #8 among subcategories at 3 months; return +1.8% to -3.5%.
category_performance,category,Payers,,Payers,12,7,7,0,0.201124930851,0.167691551083,-0.0334333797681,2026-09-21,2026-09-28,Payers moved from rank #7 to #7 among subcategories at 12 months; return +20.1% to +16.8%.
category_performance,category,Payers,,Payers,24,9,10,-1,-0.1135252133,-0.134709819297,-0.0211846059972,2026-09-21,2026-09-28,Payers moved from rank #9 to #10 among subcategories at 24 months; return -11.4% to -13.5%.
category_performance,category,Payers,,Payers,3,8,9,-1,-0.0359105156575,-0.0938778181691,-0.0579673025116,2026-09-21,2026-09-28,Payers moved from rank #8 to #9 among subcategories at 3 months; return -3.6% to -9.4%.
category_performance,category,Pharma Distribution,,Pharma Distribution,12,6,6,0,0.262053859879,0.179720141337,-0.0823337185423,2026-09-21,2026-09-28,Pharma Distribution moved from rank #6 to #6 among subcategories at 12 months; return +26.2% to +18.0%.
category_performance,category,Pharma Distribution,,Pharma Distribution,24,2,2,0,0.666193168995,0.689484485136,0.023291316141,2026-09-21,2026-09-28,Pharma Distribution moved from rank #2 to #2 among subcategories at 24 months; return +66.6% to +68.9%.
category_performance,category,Pharma Distribution,,Pharma Distribution,3,4,4,0,0.113696437771,0.0590809970609,-0.0546154407101,2026-09-21,2026-09-28,Pharma Distribution moved from rank #4 to #4 among subcategories at 3 months; return +11.4% to +5.9%.
category_performance,category,Precision Diagnostics,,Precision Diagnostics,12,1,1,0,1.04003415539,1.30894406147,0.268909906082,2026-09-21,2026-09-28,Precision Diagnostics moved from rank #1 to #1 among subcategories at 12 months; return +104.0% to +130.9%.
category_performance,category,Precision Diagnostics,,Precision Diagnostics,24,1,1,0,1.70259924017,1.92752911328,0.224929873113,2026-09-21,2026-09-28,Precision Diagnostics moved from rank #1 to #1 among subcategories at 24 months; return +170.3% to +192.8%.
category_performance,category,Precision Diagnostics,,Precision Diagnostics,3,1,1,0,0.433141165066,0.377380902222,-0.0557602628439,2026-09-21,2026-09-28,Precision Diagnostics moved from rank #1 to #1 among subcategories at 3 months; return +43.3% to +37.7%.
category_performance,category,Value-Based Care,,Value-Based Care,12,3,2,1,0.581591220797,0.516896413125,-0.064694807672,2026-09-21,2026-09-28,Value-Based Care moved from rank #3 to #2 among subcategories at 12 months; return +58.2% to +51.7%.
category_performance,category,Value-Based Care,,Value-Based Care,24,10,9,1,-0.114626104091,-0.134556483374,-0.0199303792832,2026-09-21,2026-09-28,Value-Based Care moved from rank #10 to #9 among subcategories at 24 months; return -11.5% to -13.5%.
category_performance,category,Value-Based Care,,Value-Based Care,3,10,10,0,-0.16919385253,-0.251118577606,-0.0819247250758,2026-09-21,2026-09-28,Value-Based Care moved from rank #10 to #10 among subcategories at 3 months; return -16.9% to -25.1%.
within_category,stock,"Digital Health, Specialty, Benefits",AMWL,Amwell,12,1,1,0,1.14174454829,1.16612903226,0.0243844839681,2026-09-21,2026-09-28,"Amwell moved from rank #1 to #1 within Digital Health, Specialty, Benefits at 12 months; return +114.2% to +116.6%."
within_category,stock,"Digital Health, Specialty, Benefits",AMWL,Amwell,24,5,5,0,0.375,0.413684210526,0.0386842105263,2026-09-21,2026-09-28,"Amwell moved from rank #5 to #5 within Digital Health, Specialty, Benefits at 24 months; return +37.5% to +41.4%."
within_category,stock,"Digital Health, Specialty, Benefits",AMWL,Amwell,3,1,1,0,0.631079478055,0.461371055495,-0.16970842256,2026-09-21,2026-09-28,"Amwell moved from rank #1 to #1 within Digital Health, Specialty, Benefits at 3 months; return +63.1% to +46.1%."
within_category,stock,"Digital Health, Specialty, Benefits",CON,Concentra Group,12,3,3,0,0.716844143272,0.681556195965,-0.0352879473066,2026-09-21,2026-09-28,"Concentra Group moved from rank #3 to #3 within Digital Health, Specialty, Benefits at 12 months; return +71.7% to +68.2%."
within_category,stock,"Digital Health, Specialty, Benefits",CON,Concentra Group,24,4,3,1,0.551618547682,0.561552185549,0.00993363786662,2026-09-21,2026-09-28,"Concentra Group moved from rank #4 to #3 within Digital Health, Specialty, Benefits at 24 months; return +55.2% to +56.2%."
within_category,stock,"Digital Health, Specialty, Benefits",CON,Concentra Group,3,3,3,0,0.241946778711,0.160039761431,-0.0819070172796,2026-09-21,2026-09-28,"Concentra Group moved from rank #3 to #3 within Digital Health, Specialty, Benefits at 3 months; return +24.2% to +16.0%."
within_category,stock,"Digital Health, Specialty, Benefits",GDRX,GoodRx,12,7,7,0,-0.181598062954,-0.170792079208,0.0108059837461,2026-09-21,2026-09-28,"GoodRx moved from rank #7 to #7 within Digital Health, Specialty, Benefits at 12 months; return -18.2% to -17.1%."
within_category,stock,"Digital Health, Specialty, Benefits",GDRX,GoodRx,24,9,9,0,-0.510853835022,-0.510948905109,-9.50700874891e-05,2026-09-21,2026-09-28,"GoodRx moved from rank #9 to #9 within Digital Health, Specialty, Benefits at 24 months; return -51.1% to -51.1%."
within_category,stock,"Digital Health, Specialty, Benefits",GDRX,GoodRx,3,2,2,0,0.270676691729,0.196428571429,-0.0742481203004,2026-09-21,2026-09-28,"GoodRx moved from rank #2 to #2 within Digital Health, Specialty, Benefits at 3 months; return +27.1% to +19.6%."
within_category,stock,"Digital Health, Specialty, Benefits",HIMS,Hims & Hers,12,10,9,1,-0.515911449325,-0.496232876712,0.0196785726127,2026-09-21,2026-09-28,"Hims & Hers moved from rank #10 to #9 within Digital Health, Specialty, Benefits at 12 months; return -51.6% to -49.6%."
within_category,stock,"Digital Health, Specialty, Benefits",HIMS,Hims & Hers,24,2,2,0,0.71717791411,0.655599324705,-0.0615785894054,2026-09-21,2026-09-28,"Hims & Hers moved from rank #2 to #2 within Digital Health, Specialty, Benefits at 24 months; return +71.7% to +65.6%."
within_category,stock,"Digital Health, Specialty, Benefits",HIMS,Hims & Hers,3,8,8,0,-0.210882435861,-0.133176193282,0.0777062425787,2026-09-21,2026-09-28,"Hims & Hers moved from rank #8 to #8 within Digital Health, Specialty, Benefits at 3 months; return -21.1% to -13.3%."
within_category,stock,"Digital Health, Specialty, Benefits",HQY,HealthEquity,12,5,5,0,0.0149349263921,-0.0857764425567,-0.100711368949,2026-09-21,2026-09-28,"HealthEquity moved from rank #5 to #5 within Digital Health, Specialty, Benefits at 12 months; return +1.5% to -8.6%."
within_category,stock,"Digital Health, Specialty, Benefits",HQY,HealthEquity,24,6,6,0,0.196278134037,0.104091079695,-0.0921870543423,2026-09-21,2026-09-28,"HealthEquity moved from rank #6 to #6 within Digital Health, Specialty, Benefits at 24 months; return +19.6% to +10.4%."
within_category,stock,"Digital Health, Specialty, Benefits",HQY,HealthEquity,3,5,5,0,0.116535617885,-0.00237395432964,-0.118909572215,2026-09-21,2026-09-28,"HealthEquity moved from rank #5 to #5 within Digital Health, Specialty, Benefits at 3 months; return +11.7% to -0.2%."
within_category,stock,"Digital Health, Specialty, Benefits",LFMD,LifeMD,12,9,10,-1,-0.493710691824,-0.538102643857,-0.0443919520329,2026-09-21,2026-09-28,"LifeMD moved from rank #9 to #10 within Digital Health, Specialty, Benefits at 12 months; return -49.4% to -53.8%."
within_category,stock,"Digital Health, Specialty, Benefits",LFMD,LifeMD,24,8,8,0,-0.344195519348,-0.429942418426,-0.0857468990781,2026-09-21,2026-09-28,"LifeMD moved from rank #8 to #8 within Digital Health, Specialty, Benefits at 24 months; return -34.4% to -43.0%."
within_category,stock,"Digital Health, Specialty, Benefits",LFMD,LifeMD,3,10,10,0,-0.322105263158,-0.280871670702,0.0412335924558,2026-09-21,2026-09-28,"LifeMD moved from rank #10 to #10 within Digital Health, Specialty, Benefits at 3 months; return -32.2% to -28.1%."
within_category,stock,"Digital Health, Specialty, Benefits",OMDA,Omada Health,12,6,6,0,-0.100792253521,-0.136962247586,-0.0361699940646,2026-09-21,2026-09-28,"Omada Health moved from rank #6 to #6 within Digital Health, Specialty, Benefits at 12 months; return -10.1% to -13.7%."
within_category,stock,"Digital Health, Specialty, Benefits",OMDA,Omada Health,24,,,,,,,2026-09-21,2026-09-28,"Omada Health moved from rank unavailable within Digital Health, Specialty, Benefits at 24 months; return unavailable."
within_category,stock,"Digital Health, Specialty, Benefits",OMDA,Omada Health,3,4,6,-2,0.158163265306,-0.0588798468167,-0.217043112123,2026-09-21,2026-09-28,"Omada Health moved from rank #4 to #6 within Digital Health, Specialty, Benefits at 3 months; return +15.8% to -5.9%."
within_category,stock,"Digital Health, Specialty, Benefits",PGNY,Progyny,12,4,4,0,0.254856614246,0.185461323392,-0.0693952908536,2026-09-21,2026-09-28,"Progyny moved from rank #4 to #4 within Digital Health, Specialty, Benefits at 12 months; return +25.5% to +18.5%."
within_category,stock,"Digital Health, Specialty, Benefits",PGNY,Progyny,24,3,4,-1,0.632370637786,0.514285714286,-0.1180849235,2026-09-21,2026-09-28,"Progyny moved from rank #3 to #4 within Digital Health, Specialty, Benefits at 24 months; return +63.2% to +51.4%."
within_category,stock,"Digital Health, Specialty, Benefits",PGNY,Progyny,3,6,7,-1,0.0402607361963,-0.107681515258,-0.147942251454,2026-09-21,2026-09-28,"Progyny moved from rank #6 to #7 within Digital Health, Specialty, Benefits at 3 months; return +4.0% to -10.8%."
within_category,stock,"Digital Health, Specialty, Benefits",TALK,Talkspace,12,2,2,0,1.05078125,0.888489208633,-0.162292041367,2026-09-21,2026-09-28,"Talkspace moved from rank #2 to #2 within Digital Health, Specialty, Benefits at 12 months; return +105.1% to +88.8%."
within_category,stock,"Digital Health, Specialty, Benefits",TALK,Talkspace,24,1,1,0,1.39726027397,1.58620689655,0.188946622582,2026-09-21,2026-09-28,"Talkspace moved from rank #1 to #1 within Digital Health, Specialty, Benefits at 24 months; return +139.7% to +158.6%."
within_category,stock,"Digital Health, Specialty, Benefits",TALK,Talkspace,3,7,4,3,0.00767754318618,0.00574712643678,-0.0019304167494,2026-09-21,2026-09-28,"Talkspace moved from rank #7 to #4 within Digital Health, Specialty, Benefits at 3 months; return +0.8% to +0.6%."
within_category,stock,"Digital Health, Specialty, Benefits",TDOC,Teladoc,12,8,8,0,-0.207547169811,-0.253676470588,-0.0461293007772,2026-09-21,2026-09-28,"Teladoc moved from rank #8 to #8 within Digital Health, Specialty, Benefits at 12 months; return -20.8% to -25.4%."
within_category,stock,"Digital Health, Specialty, Benefits",TDOC,Teladoc,24,7,7,0,-0.28,-0.280141843972,-0.000141843971631,2026-09-21,2026-09-28,"Teladoc moved from rank #7 to #7 within Digital Health, Specialty, Benefits at 24 months; return -28.0% to -28.0%."
within_category,stock,"Digital Health, Specialty, Benefits",TDOC,Teladoc,3,9,9,0,-0.219330855019,-0.274135876043,-0.0548050210239,2026-09-21,2026-09-28,"Teladoc moved from rank #9 to #9 within Digital Health, Specialty, Benefits at 3 months; return -21.9% to -27.4%."
within_category,stock,Health Care Real Estate,CTRE,CareTrust REIT,12,5,4,1,0.0931857891672,0.075,-0.0181857891672,2026-09-21,2026-09-28,CareTrust REIT moved from rank #5 to #4 within Health Care Real Estate at 12 months; return +9.3% to +7.5%.
within_category,stock,Health Care Real Estate,CTRE,CareTrust REIT,24,3,3,0,0.238126649077,0.216189856957,-0.0219367921199,2026-09-21,2026-09-28,CareTrust REIT moved from rank #3 to #3 within Health Care Real Estate at 24 months; return +23.8% to +21.6%.
within_category,stock,Health Care Real Estate,CTRE,CareTrust REIT,3,6,6,0,0.0129519697787,-0.0837619397502,-0.0967139095289,2026-09-21,2026-09-28,CareTrust REIT moved from rank #6 to #6 within Health Care Real Estate at 3 months; return +1.3% to -8.4%.
within_category,stock,Health Care Real Estate,DOC,Healthpeak properties,12,4,5,-1,0.100703844071,0.0723336853221,-0.0283701587489,2026-09-21,2026-09-28,Healthpeak properties moved from rank #4 to #5 within Health Care Real Estate at 12 months; return +10.1% to +7.2%.
within_category,stock,Health Care Real Estate,DOC,Healthpeak properties,24,6,6,0,-0.0763289413903,-0.101327433628,-0.024998492238,2026-09-21,2026-09-28,Healthpeak properties moved from rank #6 to #6 within Health Care Real Estate at 24 months; return -7.6% to -10.1%.
within_category,stock,Health Care Real Estate,DOC,Healthpeak properties,3,5,5,0,0.0393660531697,-0.0575406032483,-0.096906656418,2026-09-21,2026-09-28,Healthpeak properties moved from rank #5 to #5 within Health Care Real Estate at 3 months; return +3.9% to -5.8%.
within_category,stock,Health Care Real Estate,MPT,Medical Properties Trust,12,,,,,,,2026-09-21,2026-09-28,Medical Properties Trust moved from rank unavailable within Health Care Real Estate at 12 months; return unavailable.
within_category,stock,Health Care Real Estate,MPT,Medical Properties Trust,24,,,,,,,2026-09-21,2026-09-28,Medical Properties Trust moved from rank unavailable within Health Care Real Estate at 24 months; return unavailable.
within_category,stock,Health Care Real Estate,MPT,Medical Properties Trust,3,8,8,0,-0.24944812362,-0.211920529801,0.0375275938187,2026-09-21,2026-09-28,Medical Properties Trust moved from rank #8 to #8 within Health Care Real Estate at 3 months; return -24.9% to -21.2%.
within_category,stock,Health Care Real Estate,NHI,National Health Investors,12,7,7,0,-0.136415743217,-0.161928616155,-0.0255128729383,2026-09-21,2026-09-28,National Health Investors moved from rank #7 to #7 within Health Care Real Estate at 12 months; return -13.6% to -16.2%.
within_category,stock,Health Care Real Estate,NHI,National Health Investors,24,7,7,0,-0.185096153846,-0.193637787685,-0.00854163383926,2026-09-21,2026-09-28,National Health Investors moved from rank #7 to #7 within Health Care Real Estate at 24 months; return -18.5% to -19.4%.
within_category,stock,Health Care Real Estate,NHI,National Health Investors,3,7,7,0,-0.0426433210957,-0.137072856222,-0.0944295351261,2026-09-21,2026-09-28,National Health Investors moved from rank #7 to #7 within Health Care Real Estate at 3 months; return -4.3% to -13.7%.
within_category,stock,Health Care Real Estate,OHI,Omega Healthcare Investors,12,3,3,0,0.123525162533,0.106118546845,-0.0174066156879,2026-09-21,2026-09-28,Omega Healthcare Investors moved from rank #3 to #3 within Health Care Real Estate at 12 months; return +12.4% to +10.6%.
within_category,stock,Health Care Real Estate,OHI,Omega Healthcare Investors,24,4,4,0,0.154664686959,0.147532853955,-0.00713183300413,2026-09-21,2026-09-28,Omega Healthcare Investors moved from rank #4 to #4 within Health Care Real Estate at 24 months; return +15.5% to +14.8%.
within_category,stock,Health Care Real Estate,OHI,Omega Healthcare Investors,3,4,4,0,0.0478329216259,-0.037037037037,-0.0848699586629,2026-09-21,2026-09-28,Omega Healthcare Investors moved from rank #4 to #4 within Health Care Real Estate at 3 months; return +4.8% to -3.7%.
within_category,stock,Health Care Real Estate,SBRA,Sabra Health Care REIT,12,6,6,0,0.0550507749866,0.0541688794477,-0.00088189553891,2026-09-21,2026-09-28,Sabra Health Care REIT moved from rank #6 to #6 within Health Care Real Estate at 12 months; return +5.5% to +5.4%.
within_category,stock,Health Care Real Estate,SBRA,Sabra Health Care REIT,24,5,5,0,0.0590128755365,0.076464208243,0.0174513327065,2026-09-21,2026-09-28,Sabra Health Care REIT moved from rank #5 to #5 within Health Care Real Estate at 24 months; return +5.9% to +7.6%.
within_category,stock,Health Care Real Estate,SBRA,Sabra Health Care REIT,3,2,2,0,0.0894039735099,0.0158648925281,-0.0735390809818,2026-09-21,2026-09-28,Sabra Health Care REIT moved from rank #2 to #2 within Health Care Real Estate at 3 months; return +8.9% to +1.6%.
within_category,stock,Health Care Real Estate,VTR,"Ventas, Inc",12,2,2,0,0.291374944138,0.254927536232,-0.0364474079061,2026-09-21,2026-09-28,"Ventas, Inc moved from rank #2 to #2 within Health Care Real Estate at 12 months; return +29.1% to +25.5%."
within_category,stock,Health Care Real Estate,VTR,"Ventas, Inc",24,2,2,0,0.394402444909,0.356359649123,-0.0380427957862,2026-09-21,2026-09-28,"Ventas, Inc moved from rank #2 to #2 within Health Care Real Estate at 24 months; return +39.4% to +35.6%."
within_category,stock,Health Care Real Estate,VTR,"Ventas, Inc",3,3,3,0,0.0623774509804,-0.0276249298147,-0.0900023807951,2026-09-21,2026-09-28,"Ventas, Inc moved from rank #3 to #3 within Health Care Real Estate at 3 months; return +6.2% to -2.8%."
within_category,stock,Health Care Real Estate,WELL,Welltower,12,1,1,0,0.385495490042,0.322870211549,-0.0626252784925,2026-09-21,2026-09-28,Welltower moved from rank #1 to #1 within Health Care Real Estate at 12 months; return +38.5% to +32.3%.
within_category,stock,Health Care Real Estate,WELL,Welltower,24,1,1,0,0.827013650515,0.818946540881,-0.0080671096345,2026-09-21,2026-09-28,Welltower moved from rank #1 to #1 within Health Care Real Estate at 24 months; return +82.7% to +81.9%.
within_category,stock,Health Care Real Estate,WELL,Welltower,3,1,1,0,0.107524800387,0.0177715215766,-0.0897532788104,2026-09-21,2026-09-28,Welltower moved from rank #1 to #1 within Health Care Real Estate at 3 months; return +10.8% to +1.8%.
within_category,stock,Health IT and Data,CCSI,Consensus Cloud Solutions,12,2,3,-1,0.205730065585,0.198366791426,-0.00736327415935,2026-09-21,2026-09-28,Consensus Cloud Solutions moved from rank #2 to #3 within Health IT and Data at 12 months; return +20.6% to +19.8%.
within_category,stock,Health IT and Data,CCSI,Consensus Cloud Solutions,24,1,1,0,0.538766519824,0.491109229467,-0.0476572903574,2026-09-21,2026-09-28,Consensus Cloud Solutions moved from rank #1 to #1 within Health IT and Data at 24 months; return +53.9% to +49.1%.
within_category,stock,Health IT and Data,CCSI,Consensus Cloud Solutions,3,9,8,1,0.0231400117165,-0.0408496732026,-0.0639896849191,2026-09-21,2026-09-28,Consensus Cloud Solutions moved from rank #9 to #8 within Health IT and Data at 3 months; return +2.3% to -4.1%.
within_category,stock,Health IT and Data,DH,Definitive Healthcare,12,12,12,0,-0.771971496437,-0.76256281407,0.00940868236665,2026-09-21,2026-09-28,Definitive Healthcare moved from rank #12 to #12 within Health IT and Data at 12 months; return -77.2% to -76.3%.
within_category,stock,Health IT and Data,DH,Definitive Healthcare,24,11,11,0,-0.786666666667,-0.785714285714,0.000952380952714,2026-09-21,2026-09-28,Definitive Healthcare moved from rank #11 to #11 within Health IT and Data at 24 months; return -78.7% to -78.6%.
within_category,stock,Health IT and Data,DH,Definitive Healthcare,3,5,2,3,0.263157894737,0.431818181818,0.168660287081,2026-09-21,2026-09-28,Definitive Healthcare moved from rank #5 to #2 within Health IT and Data at 3 months; return +26.3% to +43.2%.
within_category,stock,Health IT and Data,DOCS,Doximity,12,11,11,0,-0.641444658061,-0.645833333333,-0.00438867527233,2026-09-21,2026-09-28,Doximity moved from rank #11 to #11 within Health IT and Data at 12 months; return -64.1% to -64.6%.
within_category,stock,Health IT and Data,DOCS,Doximity,24,8,8,0,-0.361301369863,-0.385780885781,-0.0244795159179,2026-09-21,2026-09-28,Doximity moved from rank #8 to #8 within Health IT and Data at 24 months; return -36.1% to -38.6%.
within_category,stock,Health IT and Data,DOCS,Doximity,3,4,4,0,0.2761485826,0.261973180077,-0.0141754025234,2026-09-21,2026-09-28,Doximity moved from rank #4 to #4 within Health IT and Data at 3 months; return +27.6% to +26.2%.
within_category,stock,Health IT and Data,HCAT,Health Catalyst,12,8,8,0,-0.38062283737,-0.378571428571,0.00205140879857,2026-09-21,2026-09-28,Health Catalyst moved from rank #8 to #8 within Health IT and Data at 12 months; return -38.1% to -37.9%.
within_category,stock,Health IT and Data,HCAT,Health Catalyst,24,12,12,0,-0.794016110472,-0.790613718412,0.00340239206045,2026-09-21,2026-09-28,Health Catalyst moved from rank #12 to #12 within Health IT and Data at 24 months; return -79.4% to -79.1%.
within_category,stock,Health IT and Data,HCAT,Health Catalyst,3,8,11,-3,0.0287356321839,-0.0842105263158,-0.1129461585,2026-09-21,2026-09-28,Health Catalyst moved from rank #8 to #11 within Health IT and Data at 3 months; return +2.9% to -8.4%.
within_category,stock,Health IT and Data,IQV,Iqvia,12,1,1,0,0.42303172738,0.505736244152,0.0827045167724,2026-09-21,2026-09-28,Iqvia moved from rank #1 to #1 within Health IT and Data at 12 months; return +42.3% to +50.6%.
within_category,stock,Health IT and Data,IQV,Iqvia,24,4,4,0,0.100363456137,0.151539673751,0.051176217614,2026-09-21,2026-09-28,Iqvia moved from rank #4 to #4 within Health IT and Data at 24 months; return +10.0% to +15.2%.
within_category,stock,Health IT and Data,IQV,Iqvia,3,2,3,-1,0.588007391071,0.414512922465,-0.173494468606,2026-09-21,2026-09-28,Iqvia moved from rank #2 to #3 within Health IT and Data at 3 months; return +58.8% to +41.5%.
within_category,stock,Health IT and Data,MDRX,Veradigm,12,4,5,-1,0.0300429184549,0.0322580645161,0.00221514606123,2026-09-21,2026-09-28,Veradigm moved from rank #4 to #5 within Health IT and Data at 12 months; return +3.0% to +3.2%.
within_category,stock,Health IT and Data,MDRX,Veradigm,24,9,9,0,-0.507692307692,-0.494736842105,0.0129554655867,2026-09-21,2026-09-28,Veradigm moved from rank #9 to #9 within Health IT and Data at 24 months; return -50.8% to -49.5%.
within_category,stock,Health IT and Data,MDRX,Veradigm,3,10,9,1,0,-0.0588235294118,-0.0588235294118,2026-09-21,2026-09-28,Veradigm moved from rank #10 to #9 within Health IT and Data at 3 months; return +0.0% to -5.9%.
within_category,stock,Health IT and Data,OMCL,Omnicell,12,5,4,1,0.0283982131461,0.095703125,0.0673049118539,2026-09-21,2026-09-28,Omnicell moved from rank #5 to #4 within Health IT and Data at 12 months; return +2.8% to +9.6%.
within_category,stock,Health IT and Data,OMCL,Omnicell,24,7,7,0,-0.277678171224,-0.217573221757,0.0601049494667,2026-09-21,2026-09-28,Omnicell moved from rank #7 to #7 within Health IT and Data at 24 months; return -27.8% to -21.8%.
within_category,stock,Health IT and Data,OMCL,Omnicell,3,11,12,-1,-0.174647887324,-0.16122601545,0.0134218718742,2026-09-21,2026-09-28,Omnicell moved from rank #11 to #12 within Health IT and Data at 3 months; return -17.5% to -16.1%.
within_category,stock,Health IT and Data,ORCL,Oracle-Cerner,12,9,9,0,-0.521771528543,-0.516333874268,0.00543765427503,2026-09-21,2026-09-28,Oracle-Cerner moved from rank #9 to #9 within Health IT and Data at 12 months; return -52.2% to -51.6%.
within_category,stock,Health IT and Data,ORCL,Oracle-Cerner,24,6,6,0,-0.121369047619,-0.187507407846,-0.0661383602274,2026-09-21,2026-09-28,Oracle-Cerner moved from rank #6 to #6 within Health IT and Data at 24 months; return -12.1% to -18.8%.
within_category,stock,Health IT and Data,ORCL,Oracle-Cerner,3,12,10,2,-0.199034130989,-0.0769541506766,0.122079980312,2026-09-21,2026-09-28,Oracle-Cerner moved from rank #12 to #10 within Health IT and Data at 3 months; return -19.9% to -7.7%.
within_category,stock,Health IT and Data,PHR,Phreesia,12,10,10,0,-0.579388353582,-0.570279424217,0.00910892936523,2026-09-21,2026-09-28,Phreesia moved from rank #10 to #10 within Health IT and Data at 12 months; return -57.9% to -57.0%.
within_category,stock,Health IT and Data,PHR,Phreesia,24,10,10,0,-0.574395930479,-0.553257042254,0.0211388882255,2026-09-21,2026-09-28,Phreesia moved from rank #10 to #10 within Health IT and Data at 24 months; return -57.4% to -55.3%.
within_category,stock,Health IT and Data,PHR,Phreesia,3,7,7,0,0.0703624733475,0.00794438927507,-0.0624180840724,2026-09-21,2026-09-28,Phreesia moved from rank #7 to #7 within Health IT and Data at 3 months; return +7.0% to +0.8%.
within_category,stock,Health IT and Data,SOLV,Solventum,12,3,2,1,0.205100379816,0.254028303209,0.0489279233926,2026-09-21,2026-09-28,Solventum moved from rank #3 to #2 within Health IT and Data at 12 months; return +20.5% to +25.4%.
within_category,stock,Health IT and Data,SOLV,Solventum,24,2,3,-1,0.27005003574,0.324552316117,0.0545022803766,2026-09-21,2026-09-28,Solventum moved from rank #2 to #3 within Health IT and Data at 24 months; return +27.0% to +32.5%.
within_category,stock,Health IT and Data,SOLV,Solventum,3,6,6,0,0.17778072385,0.125361498805,-0.0524192250445,2026-09-21,2026-09-28,Solventum moved from rank #6 to #6 within Health IT and Data at 3 months; return +17.8% to +12.5%.
within_category,stock,Health IT and Data,VEEV,Veeva Systems,12,6,6,0,-0.0632852154505,-0.0330382058084,0.0302470096421,2026-09-21,2026-09-28,Veeva Systems moved from rank #6 to #6 within Health IT and Data at 12 months; return -6.3% to -3.3%.
within_category,stock,Health IT and Data,VEEV,Veeva Systems,24,3,2,1,0.210954951601,0.331183305668,0.120228354067,2026-09-21,2026-09-28,Veeva Systems moved from rank #3 to #2 within Health IT and Data at 24 months; return +21.1% to +33.1%.
within_category,stock,Health IT and Data,VEEV,Veeva Systems,3,1,1,0,0.697390737117,0.637955182073,-0.0594355550442,2026-09-21,2026-09-28,Veeva Systems moved from rank #1 to #1 within Health IT and Data at 3 months; return +69.7% to +63.8%.
within_category,stock,Health IT and Data,WAY,Waystar,12,7,7,0,-0.321164021164,-0.342385516507,-0.0212214953429,2026-09-21,2026-09-28,Waystar moved from rank #7 to #7 within Health IT and Data at 12 months; return -32.1% to -34.2%.
within_category,stock,Health IT and Data,WAY,Waystar,24,5,5,0,-0.0611050128064,-0.11087113031,-0.0497661175032,2026-09-21,2026-09-28,Waystar moved from rank #5 to #5 within Health IT and Data at 24 months; return -6.1% to -11.1%.
within_category,stock,Health IT and Data,WAY,Waystar,3,3,5,-2,0.389279913373,0.241206030151,-0.148073883222,2026-09-21,2026-09-28,Waystar moved from rank #3 to #5 within Health IT and Data at 3 months; return +38.9% to +24.1%.
within_category,stock,Health System Providers,ARDT,Ardent Health Partners,12,5,5,0,-0.182527301092,-0.205128205128,-0.0226009040362,2026-09-21,2026-09-28,Ardent Health Partners moved from rank #5 to #5 within Health System Providers at 12 months; return -18.3% to -20.5%.
within_category,stock,Health System Providers,ARDT,Ardent Health Partners,24,4,4,0,-0.426695842451,-0.424043715847,0.00265212660401,2026-09-21,2026-09-28,Ardent Health Partners moved from rank #4 to #4 within Health System Providers at 24 months; return -42.7% to -42.4%.
within_category,stock,Health System Providers,ARDT,Ardent Health Partners,3,3,4,-1,0.17620650954,0.0832476875642,-0.0929588219758,2026-09-21,2026-09-28,Ardent Health Partners moved from rank #3 to #4 within Health System Providers at 3 months; return +17.6% to +8.3%.
within_category,stock,Health System Providers,CYH,Community Health Systems,12,3,3,0,-0.0559210526316,-0.0754716981132,-0.0195506454816,2026-09-21,2026-09-28,Community Health Systems moved from rank #3 to #3 within Health System Providers at 12 months; return -5.6% to -7.5%.
within_category,stock,Health System Providers,CYH,Community Health Systems,24,5,5,0,-0.513559322034,-0.51081530782,0.0027440142137,2026-09-21,2026-09-28,Community Health Systems moved from rank #5 to #5 within Health System Providers at 24 months; return -51.4% to -51.1%.
within_category,stock,Health System Providers,CYH,Community Health Systems,3,5,5,0,-0.0496688741722,-0.103658536585,-0.0539896624132,2026-09-21,2026-09-28,Community Health Systems moved from rank #5 to #5 within Health System Providers at 3 months; return -5.0% to -10.4%.
within_category,stock,Health System Providers,HCA,HCA Healthcare,12,2,2,0,0.0631618195377,0.039443542999,-0.0237182765387,2026-09-21,2026-09-28,HCA Healthcare moved from rank #2 to #2 within Health System Providers at 12 months; return +6.3% to +3.9%.
within_category,stock,Health System Providers,HCA,HCA Healthcare,24,2,2,0,0.0569613996936,0.0801676254711,0.0232062257775,2026-09-21,2026-09-28,HCA Healthcare moved from rank #2 to #2 within Health System Providers at 24 months; return +5.7% to +8.0%.
within_category,stock,Health System Providers,HCA,HCA Healthcare,3,4,3,1,0.140043180425,0.112157883987,-0.0278852964381,2026-09-21,2026-09-28,HCA Healthcare moved from rank #4 to #3 within Health System Providers at 3 months; return +14.0% to +11.2%.
within_category,stock,Health System Providers,THC,Tenet Health,12,1,1,0,0.377879457242,0.285693069307,-0.0921863879351,2026-09-21,2026-09-28,Tenet Health moved from rank #1 to #1 within Health System Providers at 12 months; return +37.8% to +28.6%.
within_category,stock,Health System Providers,THC,Tenet Health,24,1,1,0,0.586279970937,0.59116529837,0.0048853274333,2026-09-21,2026-09-28,Tenet Health moved from rank #1 to #1 within Health System Providers at 24 months; return +58.6% to +59.1%.
within_category,stock,Health System Providers,THC,Tenet Health,3,1,1,0,0.518166541114,0.374126984127,-0.144039556987,2026-09-21,2026-09-28,Tenet Health moved from rank #1 to #1 within Health System Providers at 3 months; return +51.8% to +37.4%.
within_category,stock,Health System Providers,UHS,Universal Health Services,12,4,4,0,-0.0633481764207,-0.109484690067,-0.0461365136465,2026-09-21,2026-09-28,Universal Health Services moved from rank #4 to #4 within Health System Providers at 12 months; return -6.3% to -10.9%.
within_category,stock,Health System Providers,UHS,Universal Health Services,24,3,3,0,-0.257667422906,-0.222077244259,0.0355901786471,2026-09-21,2026-09-28,Universal Health Services moved from rank #3 to #3 within Health System Providers at 24 months; return -25.8% to -22.2%.
within_category,stock,Health System Providers,UHS,Universal Health Services,3,2,2,0,0.251611532195,0.227675200769,-0.0239363314262,2026-09-21,2026-09-28,Universal Health Services moved from rank #2 to #2 within Health System Providers at 3 months; return +25.2% to +22.8%.
within_category,stock,Inpatient Non-Acute Providers,ACHC,Acadia Healthcare,12,2,2,0,0.279584462511,0.145128414187,-0.134456048324,2026-09-21,2026-09-28,Acadia Healthcare moved from rank #2 to #2 within Inpatient Non-Acute Providers at 12 months; return +28.0% to +14.5%.
within_category,stock,Inpatient Non-Acute Providers,ACHC,Acadia Healthcare,24,4,4,0,-0.629188481675,-0.556099873578,0.0730886080973,2026-09-21,2026-09-28,Acadia Healthcare moved from rank #4 to #4 within Inpatient Non-Acute Providers at 24 months; return -62.9% to -55.6%.
within_category,stock,Inpatient Non-Acute Providers,ACHC,Acadia Healthcare,3,3,3,0,0.139123441898,0.0244347191831,-0.114688722715,2026-09-21,2026-09-28,Acadia Healthcare moved from rank #3 to #3 within Inpatient Non-Acute Providers at 3 months; return +13.9% to +2.4%.
within_category,stock,Inpatient Non-Acute Providers,EHC,Encompass Health,12,4,4,0,-0.0186200225697,-0.0254932912391,-0.00687326866945,2026-09-21,2026-09-28,Encompass Health moved from rank #4 to #4 within Inpatient Non-Acute Providers at 12 months; return -1.9% to -2.5%.
within_category,stock,Inpatient Non-Acute Providers,EHC,Encompass Health,24,1,1,0,0.314085267134,0.286011873763,-0.0280733933709,2026-09-21,2026-09-28,Encompass Health moved from rank #1 to #1 within Inpatient Non-Acute Providers at 24 months; return +31.4% to +28.6%.
within_category,stock,Inpatient Non-Acute Providers,EHC,Encompass Health,3,1,1,0,0.241966744874,0.218494029409,-0.0234727154651,2026-09-21,2026-09-28,Encompass Health moved from rank #1 to #1 within Inpatient Non-Acute Providers at 3 months; return +24.2% to +21.8%.
within_category,stock,Inpatient Non-Acute Providers,ENSG,The Ensign Group,12,3,3,0,0.0585549942175,0.0155362318841,-0.0430187623334,2026-09-21,2026-09-28,The Ensign Group moved from rank #3 to #3 within Inpatient Non-Acute Providers at 12 months; return +5.9% to +1.6%.
within_category,stock,Inpatient Non-Acute Providers,ENSG,The Ensign Group,24,2,2,0,0.152790666843,0.215599195059,0.0628085282163,2026-09-21,2026-09-28,The Ensign Group moved from rank #2 to #2 within Inpatient Non-Acute Providers at 24 months; return +15.3% to +21.6%.
within_category,stock,Inpatient Non-Acute Providers,ENSG,The Ensign Group,3,4,2,2,0.131858119102,0.074394357559,-0.057463761543,2026-09-21,2026-09-28,The Ensign Group moved from rank #4 to #2 within Inpatient Non-Acute Providers at 3 months; return +13.2% to +7.4%.
within_category,stock,Inpatient Non-Acute Providers,PACS,PACS Group,12,1,1,0,2.51879699248,1.95422031474,-0.564576677745,2026-09-21,2026-09-28,PACS Group moved from rank #1 to #1 within Inpatient Non-Acute Providers at 12 months; return +251.9% to +195.4%.
within_category,stock,Inpatient Non-Acute Providers,PACS,PACS Group,24,3,3,0,0.0331125827815,0.0439838220425,0.010871239261,2026-09-21,2026-09-28,PACS Group moved from rank #3 to #3 within Inpatient Non-Acute Providers at 24 months; return +3.3% to +4.4%.
within_category,stock,Inpatient Non-Acute Providers,PACS,PACS Group,3,2,4,-2,0.151134189669,-0.0140845070423,-0.165218696711,2026-09-21,2026-09-28,PACS Group moved from rank #2 to #4 within Inpatient Non-Acute Providers at 3 months; return +15.1% to -1.4%.
within_category,stock,Outpatient and Home Providers,ADUS,Addus HomeCare,12,8,8,0,0.0462019660411,-0.0353673086756,-0.0815692747167,2026-09-21,2026-09-28,Addus HomeCare moved from rank #8 to #8 within Outpatient and Home Providers at 12 months; return +4.6% to -3.5%.
within_category,stock,Outpatient and Home Providers,ADUS,Addus HomeCare,24,8,8,0,-0.102499233364,-0.135624284078,-0.0331250507139,2026-09-21,2026-09-28,Addus HomeCare moved from rank #8 to #8 within Outpatient and Home Providers at 24 months; return -10.2% to -13.6%.
within_category,stock,Outpatient and Home Providers,ADUS,Addus HomeCare,3,4,3,1,0.242385652128,0.167509025271,-0.0748766268572,2026-09-21,2026-09-28,Addus HomeCare moved from rank #4 to #3 within Outpatient and Home Providers at 3 months; return +24.2% to +16.8%.
within_category,stock,Outpatient and Home Providers,AVAH,Aveanna Healthcare,12,3,4,-1,0.687654320988,0.418285714286,-0.269368606702,2026-09-21,2026-09-28,Aveanna Healthcare moved from rank #3 to #4 within Outpatient and Home Providers at 12 months; return +68.8% to +41.8%.
within_category,stock,Outpatient and Home Providers,AVAH,Aveanna Healthcare,24,2,2,0,1.47644927536,1.4003868472,-0.0760624281646,2026-09-21,2026-09-28,Aveanna Healthcare moved from rank #2 to #2 within Outpatient and Home Providers at 24 months; return +147.6% to +140.0%.
within_category,stock,Outpatient and Home Providers,AVAH,Aveanna Healthcare,3,1,1,0,0.754813863928,0.433025404157,-0.321788459771,2026-09-21,2026-09-28,Aveanna Healthcare moved from rank #1 to #1 within Outpatient and Home Providers at 3 months; return +75.5% to +43.3%.
within_category,stock,Outpatient and Home Providers,BTSG,BrightSpring Health Services,12,2,2,0,1.07909190773,1.06608251187,-0.0130093958644,2026-09-21,2026-09-28,BrightSpring Health Services moved from rank #2 to #2 within Outpatient and Home Providers at 12 months; return +107.9% to +106.6%.
within_category,stock,Outpatient and Home Providers,BTSG,BrightSpring Health Services,24,1,1,0,2.85471826205,2.77518345564,-0.0795348064129,2026-09-21,2026-09-28,BrightSpring Health Services moved from rank #1 to #1 within Outpatient and Home Providers at 24 months; return +285.5% to +277.5%.
within_category,stock,Outpatient and Home Providers,BTSG,BrightSpring Health Services,3,11,11,0,-0.142943396226,-0.179617280371,-0.0366738841451,2026-09-21,2026-09-28,BrightSpring Health Services moved from rank #11 to #11 within Outpatient and Home Providers at 3 months; return -14.3% to -18.0%.
within_category,stock,Outpatient and Home Providers,CHE,Chemed (Vitas),12,6,6,0,0.11456053068,0.108019816974,-0.00654071370577,2026-09-21,2026-09-28,Chemed (Vitas) moved from rank #6 to #6 within Outpatient and Home Providers at 12 months; return +11.5% to +10.8%.
within_category,stock,Outpatient and Home Providers,CHE,Chemed (Vitas),24,9,9,0,-0.134006803422,-0.145032051282,-0.0110252478601,2026-09-21,2026-09-28,Chemed (Vitas) moved from rank #9 to #9 within Outpatient and Home Providers at 24 months; return -13.4% to -14.5%.
within_category,stock,Outpatient and Home Providers,CHE,Chemed (Vitas),3,6,6,0,0.155385426456,0.105508547747,-0.0498768787095,2026-09-21,2026-09-28,Chemed (Vitas) moved from rank #6 to #6 within Outpatient and Home Providers at 3 months; return +15.5% to +10.6%.
within_category,stock,Outpatient and Home Providers,DVA,Davita,12,5,5,0,0.412569145667,0.364449541284,-0.0481196043826,2026-09-21,2026-09-28,Davita moved from rank #5 to #5 within Outpatient and Home Providers at 12 months; return +41.3% to +36.4%.
within_category,stock,Outpatient and Home Providers,DVA,Davita,24,4,5,-1,0.121097560976,0.0943708609272,-0.0267267000488,2026-09-21,2026-09-28,Davita moved from rank #4 to #5 within Outpatient and Home Providers at 24 months; return +12.1% to +9.4%.
within_category,stock,Outpatient and Home Providers,DVA,Davita,3,10,10,0,-0.115675051705,-0.177709178032,-0.0620341263267,2026-09-21,2026-09-28,Davita moved from rank #10 to #10 within Outpatient and Home Providers at 3 months; return -11.6% to -17.8%.
within_category,stock,Outpatient and Home Providers,FMS,Fresenius,12,9,9,0,-0.122529644269,-0.112978889758,0.00955075451138,2026-09-21,2026-09-28,Fresenius moved from rank #9 to #9 within Outpatient and Home Providers at 12 months; return -12.3% to -11.3%.
within_category,stock,Outpatient and Home Providers,FMS,Fresenius,24,6,6,0,0.0962962962963,0.0647583294228,-0.0315379668735,2026-09-21,2026-09-28,Fresenius moved from rank #6 to #6 within Outpatient and Home Providers at 24 months; return +9.6% to +6.5%.
within_category,stock,Outpatient and Home Providers,FMS,Fresenius,3,8,8,0,-0.0589232725731,-0.0236660929432,0.0352571796299,2026-09-21,2026-09-28,Fresenius moved from rank #8 to #8 within Outpatient and Home Providers at 3 months; return -5.9% to -2.4%.
within_category,stock,Outpatient and Home Providers,LFST,Lifestance Health,12,1,1,0,1.4034416826,1.18450184502,-0.218939837582,2026-09-21,2026-09-28,Lifestance Health moved from rank #1 to #1 within Outpatient and Home Providers at 12 months; return +140.3% to +118.5%.
within_category,stock,Outpatient and Home Providers,LFST,Lifestance Health,24,3,3,0,0.845814977974,0.706051873199,-0.139763104775,2026-09-21,2026-09-28,Lifestance Health moved from rank #3 to #3 within Outpatient and Home Providers at 24 months; return +84.6% to +70.6%.
within_category,stock,Outpatient and Home Providers,LFST,Lifestance Health,3,2,4,-2,0.399777282851,0.151750972763,-0.248026310088,2026-09-21,2026-09-28,Lifestance Health moved from rank #2 to #4 within Outpatient and Home Providers at 3 months; return +40.0% to +15.2%.
within_category,stock,Outpatient and Home Providers,OPCH,Option Care Health,12,10,10,0,-0.141646061462,-0.154945054945,-0.0132989934831,2026-09-21,2026-09-28,Option Care Health moved from rank #10 to #10 within Outpatient and Home Providers at 12 months; return -14.2% to -15.5%.
within_category,stock,Outpatient and Home Providers,OPCH,Option Care Health,24,10,10,0,-0.238244514107,-0.265754296626,-0.0275097825194,2026-09-21,2026-09-28,Option Care Health moved from rank #10 to #10 within Outpatient and Home Providers at 24 months; return -23.8% to -26.6%.
within_category,stock,Outpatient and Home Providers,OPCH,Option Care Health,3,7,7,0,0.105047748977,0.0572868927589,-0.0477608562181,2026-09-21,2026-09-28,Option Care Health moved from rank #7 to #7 within Outpatient and Home Providers at 3 months; return +10.5% to +5.7%.
within_category,stock,Outpatient and Home Providers,PNTG,Pennant Group,12,4,3,1,0.642620232172,0.605118110236,-0.0375021219358,2026-09-21,2026-09-28,Pennant Group moved from rank #4 to #3 within Outpatient and Home Providers at 12 months; return +64.3% to +60.5%.
within_category,stock,Outpatient and Home Providers,PNTG,Pennant Group,24,5,4,1,0.110426008969,0.185519046234,0.0750930372654,2026-09-21,2026-09-28,Pennant Group moved from rank #5 to #4 within Outpatient and Home Providers at 24 months; return +11.0% to +18.6%.
within_category,stock,Outpatient and Home Providers,PNTG,Pennant Group,3,5,5,0,0.18480861244,0.135338345865,-0.0494702665753,2026-09-21,2026-09-28,Pennant Group moved from rank #5 to #5 within Outpatient and Home Providers at 3 months; return +18.5% to +13.5%.
within_category,stock,Outpatient and Home Providers,SGRY,Surgery Partners,12,11,11,0,-0.387141535615,-0.340961098398,0.0461804372168,2026-09-21,2026-09-28,Surgery Partners moved from rank #11 to #11 within Outpatient and Home Providers at 12 months; return -38.7% to -34.1%.
within_category,stock,Outpatient and Home Providers,SGRY,Surgery Partners,24,11,11,0,-0.593183911575,-0.548872180451,0.0443117311239,2026-09-21,2026-09-28,Surgery Partners moved from rank #11 to #11 within Outpatient and Home Providers at 24 months; return -59.3% to -54.9%.
within_category,stock,Outpatient and Home Providers,SGRY,Surgery Partners,3,9,9,0,-0.0893470790378,-0.0897597977244,-0.000412718686599,2026-09-21,2026-09-28,Surgery Partners moved from rank #9 to #9 within Outpatient and Home Providers at 3 months; return -8.9% to -9.0%.
within_category,stock,Outpatient and Home Providers,USPH,US Physical Therapy,12,7,7,0,0.0508409785933,0.0172661870504,-0.0335747915429,2026-09-21,2026-09-28,US Physical Therapy moved from rank #7 to #7 within Outpatient and Home Providers at 12 months; return +5.1% to +1.7%.
within_category,stock,Outpatient and Home Providers,USPH,US Physical Therapy,24,7,7,0,-0.00972622478386,0.00545152879829,0.0151777535822,2026-09-21,2026-09-28,US Physical Therapy moved from rank #7 to #7 within Outpatient and Home Providers at 24 months; return -1.0% to +0.5%.
within_category,stock,Outpatient and Home Providers,USPH,US Physical Therapy,3,3,2,1,0.302432090967,0.233498109916,-0.0689339810513,2026-09-21,2026-09-28,US Physical Therapy moved from rank #3 to #2 within Outpatient and Home Providers at 3 months; return +30.2% to +23.3%.
within_category,stock,Payers,ALHC,Alignment Health,12,10,10,0,-0.495163240629,-0.531660011409,-0.03649677078,2026-09-21,2026-09-28,Alignment Health moved from rank #10 to #10 within Payers at 12 months; return -49.5% to -53.2%.
within_category,stock,Payers,ALHC,Alignment Health,24,8,8,0,-0.26946631671,-0.284219703575,-0.0147533868645,2026-09-21,2026-09-28,Alignment Health moved from rank #8 to #8 within Payers at 24 months; return -26.9% to -28.4%.
within_category,stock,Payers,ALHC,Alignment Health,3,10,10,0,-0.61802378774,-0.645968089694,-0.0279443019538,2026-09-21,2026-09-28,Alignment Health moved from rank #10 to #10 within Payers at 3 months; return -61.8% to -64.6%.
within_category,stock,Payers,CI,Cigna,12,9,9,0,-0.0519355283097,-0.0494810776811,0.0024544506286,2026-09-21,2026-09-28,Cigna moved from rank #9 to #9 within Payers at 12 months; return -5.2% to -4.9%.
within_category,stock,Payers,CI,Cigna,24,6,6,0,-0.227045543887,-0.217687661777,0.00935788210961,2026-09-21,2026-09-28,Cigna moved from rank #6 to #6 within Payers at 24 months; return -22.7% to -21.8%.
within_category,stock,Payers,CI,Cigna,3,6,4,2,-0.0142872488989,-0.0381201598359,-0.023832910937,2026-09-21,2026-09-28,Cigna moved from rank #6 to #4 within Payers at 3 months; return -1.4% to -3.8%.
within_category,stock,Payers,CLOV,Clover Health,12,4,4,0,0.471947194719,0.403125,-0.068822194719,2026-09-21,2026-09-28,Clover Health moved from rank #4 to #4 within Payers at 12 months; return +47.2% to +40.3%.
within_category,stock,Payers,CLOV,Clover Health,24,2,1,1,0.53264604811,0.59219858156,0.0595525334503,2026-09-21,2026-09-28,Clover Health moved from rank #2 to #1 within Payers at 24 months; return +53.3% to +59.2%.
within_category,stock,Payers,CLOV,Clover Health,3,9,9,0,-0.108,-0.170055452865,-0.0620554528651,2026-09-21,2026-09-28,Clover Health moved from rank #9 to #9 within Payers at 3 months; return -10.8% to -17.0%.
within_category,stock,Payers,CNC,Centene,12,1,1,0,1.04941768964,0.773379231211,-0.276038458429,2026-09-21,2026-09-28,Centene moved from rank #1 to #1 within Payers at 12 months; return +104.9% to +77.3%.
within_category,stock,Payers,CNC,Centene,24,5,5,0,-0.138870519773,-0.171091445428,-0.0322209256547,2026-09-21,2026-09-28,Centene moved from rank #5 to #5 within Payers at 24 months; return -13.9% to -17.1%.
within_category,stock,Payers,CNC,Centene,3,3,5,-2,0.0670272041953,-0.0594857751407,-0.126512979336,2026-09-21,2026-09-28,Centene moved from rank #3 to #5 within Payers at 3 months; return +6.7% to -5.9%.
within_category,stock,Payers,CVS,CVS Health,12,6,6,0,0.18579818473,0.176323083014,-0.00947510171561,2026-09-21,2026-09-28,CVS Health moved from rank #6 to #6 within Payers at 12 months; return +18.6% to +17.6%.
within_category,stock,Payers,CVS,CVS Health,24,1,2,-1,0.54477482177,0.452101661779,-0.0926731599909,2026-09-21,2026-09-28,CVS Health moved from rank #1 to #2 within Payers at 24 months; return +54.5% to +45.2%.
within_category,stock,Payers,CVS,CVS Health,3,8,7,1,-0.0964198535395,-0.145773433007,-0.049353579468,2026-09-21,2026-09-28,CVS Health moved from rank #8 to #7 within Payers at 3 months; return -9.6% to -14.6%.
within_category,stock,Payers,ELV,Elevance,12,5,5,0,0.30996780466,0.243181318854,-0.0667864858062,2026-09-21,2026-09-28,Elevance moved from rank #5 to #5 within Payers at 12 months; return +31.0% to +24.3%.
within_category,stock,Payers,ELV,Elevance,24,7,7,0,-0.238784129219,-0.244030918981,-0.00524678976182,2026-09-21,2026-09-28,Elevance moved from rank #7 to #7 within Payers at 24 months; return -23.9% to -24.4%.
within_category,stock,Payers,ELV,Elevance,3,4,2,2,0.0577863577864,0.00230274811478,-0.0554836096716,2026-09-21,2026-09-28,Elevance moved from rank #4 to #2 within Payers at 3 months; return +5.8% to +0.2%.
within_category,stock,Payers,HUM,Humana,12,3,3,0,0.528615530753,0.560815846244,0.0322003154914,2026-09-21,2026-09-28,Humana moved from rank #3 to #3 within Payers at 12 months; return +52.9% to +56.1%.
within_category,stock,Payers,HUM,Humana,24,4,4,0,0.244225379337,0.245204493538,0.000979114201192,2026-09-21,2026-09-28,Humana moved from rank #4 to #4 within Payers at 24 months; return +24.4% to +24.5%.
within_category,stock,Payers,HUM,Humana,3,2,1,1,0.0708997643144,0.0367080033347,-0.0341917609797,2026-09-21,2026-09-28,Humana moved from rank #2 to #1 within Payers at 3 months; return +7.1% to +3.7%.
within_category,stock,Payers,MOH,Molina Healthcare,12,7,8,-1,0.146454265159,-0.00583394103552,-0.152288206195,2026-09-21,2026-09-28,Molina Healthcare moved from rank #7 to #8 within Payers at 12 months; return +14.6% to -0.6%.
within_category,stock,Payers,MOH,Molina Healthcare,24,10,10,0,-0.428632405668,-0.441701281226,-0.0130688755582,2026-09-21,2026-09-28,Molina Healthcare moved from rank #10 to #10 within Payers at 24 months; return -42.9% to -44.2%.
within_category,stock,Payers,MOH,Molina Healthcare,3,5,8,-3,0.0277422326867,-0.169234787151,-0.196977019837,2026-09-21,2026-09-28,Molina Healthcare moved from rank #5 to #8 within Payers at 3 months; return +2.8% to -16.9%.
within_category,stock,Payers,OSCR,Oscar Health,12,2,2,0,0.693726937269,0.606948968512,-0.0867779687565,2026-09-21,2026-09-28,Oscar Health moved from rank #2 to #2 within Payers at 12 months; return +69.4% to +60.7%.
within_category,stock,Payers,OSCR,Oscar Health,24,3,3,0,0.401221107719,0.41019533111,0.00897422339105,2026-09-21,2026-09-28,Oscar Health moved from rank #3 to #3 within Payers at 24 months; return +40.1% to +41.0%.
within_category,stock,Payers,OSCR,Oscar Health,3,1,3,-2,0.131338028169,-0.00637797918765,-0.137716007357,2026-09-21,2026-09-28,Oscar Health moved from rank #1 to #3 within Payers at 3 months; return +13.1% to -0.6%.
within_category,stock,Payers,UNH,UnitedHealth,12,8,7,1,0.11942736642,0.0944838409672,-0.0249435254528,2026-09-21,2026-09-28,UnitedHealth moved from rank #8 to #7 within Payers at 12 months; return +11.9% to +9.4%.
within_category,stock,Payers,UNH,UnitedHealth,24,9,9,0,-0.34452173913,-0.352771332818,-0.00824959368774,2026-09-21,2026-09-28,UnitedHealth moved from rank #9 to #9 within Payers at 24 months; return -34.5% to -35.3%.
within_category,stock,Payers,UNH,UnitedHealth,3,7,6,1,-0.0600059856345,-0.119890626095,-0.059884640461,2026-09-21,2026-09-28,UnitedHealth moved from rank #7 to #6 within Payers at 3 months; return -6.0% to -12.0%.
within_category,stock,Pharma Distribution,AHCO,Accendra Health,12,5,5,0,-0.357705286839,-0.365579302587,-0.00787401574818,2026-09-21,2026-09-28,Accendra Health moved from rank #5 to #5 within Pharma Distribution at 12 months; return -35.8% to -36.6%.
within_category,stock,Pharma Distribution,AHCO,Accendra Health,24,5,5,0,-0.492444444444,-0.493261455526,-0.000817011081607,2026-09-21,2026-09-28,Accendra Health moved from rank #5 to #5 within Pharma Distribution at 24 months; return -49.2% to -49.3%.
within_category,stock,Pharma Distribution,AHCO,Accendra Health,3,5,5,0,-0.40829015544,-0.451895043732,-0.0436048882918,2026-09-21,2026-09-28,Accendra Health moved from rank #5 to #5 within Pharma Distribution at 3 months; return -40.8% to -45.2%.
within_category,stock,Pharma Distribution,CAH,Cardinal Health,12,1,1,0,0.506550802139,0.432697937675,-0.0738528644642,2026-09-21,2026-09-28,Cardinal Health moved from rank #1 to #1 within Pharma Distribution at 12 months; return +50.7% to +43.3%.
within_category,stock,Pharma Distribution,CAH,Cardinal Health,24,1,1,0,1.01520028612,1.0058293105,-0.00937097561813,2026-09-21,2026-09-28,Cardinal Health moved from rank #1 to #1 within Pharma Distribution at 24 months; return +101.5% to +100.6%.
within_category,stock,Pharma Distribution,CAH,Cardinal Health,3,4,4,0,0.0162781259864,-0.0743947545393,-0.0906728805257,2026-09-21,2026-09-28,Cardinal Health moved from rank #4 to #4 within Pharma Distribution at 3 months; return +1.6% to -7.4%.
within_category,stock,Pharma Distribution,COR,Cencora,12,4,4,0,0.0646851941245,-0.000260586319218,-0.0649457804437,2026-09-21,2026-09-28,Cencora moved from rank #4 to #4 within Pharma Distribution at 12 months; return +6.5% to -0.0%.
within_category,stock,Pharma Distribution,COR,Cencora,24,3,3,0,0.353645171189,0.364574070781,0.0109288995917,2026-09-21,2026-09-28,Cencora moved from rank #3 to #3 within Pharma Distribution at 24 months; return +35.4% to +36.5%.
within_category,stock,Pharma Distribution,COR,Cencora,3,2,2,0,0.135930544826,0.0726592807465,-0.0632712640795,2026-09-21,2026-09-28,Cencora moved from rank #2 to #2 within Pharma Distribution at 3 months; return +13.6% to +7.3%.
within_category,stock,Pharma Distribution,HSIC,Henry Schein,12,3,2,1,0.250221043324,0.30744777475,0.0572267314262,2026-09-21,2026-09-28,Henry Schein moved from rank #3 to #2 within Pharma Distribution at 12 months; return +25.0% to +30.7%.
within_category,stock,Pharma Distribution,HSIC,Henry Schein,24,4,4,0,0.192410400562,0.179595738869,-0.0128146616928,2026-09-21,2026-09-28,Henry Schein moved from rank #4 to #4 within Pharma Distribution at 24 months; return +19.2% to +18.0%.
within_category,stock,Pharma Distribution,HSIC,Henry Schein,3,3,3,0,0.0615615615616,0.0167157151265,-0.0448458464351,2026-09-21,2026-09-28,Henry Schein moved from rank #3 to #3 within Pharma Distribution at 3 months; return +6.2% to +1.7%.
within_category,stock,Pharma Distribution,MCK,McKesson,12,2,3,-1,0.252523950681,0.139491157715,-0.113032792966,2026-09-21,2026-09-28,McKesson moved from rank #2 to #3 within Pharma Distribution at 12 months; return +25.3% to +13.9%.
within_category,stock,Pharma Distribution,MCK,McKesson,24,2,2,0,0.721751968504,0.774992319508,0.0532403510044,2026-09-21,2026-09-28,McKesson moved from rank #2 to #2 within Pharma Distribution at 24 months; return +72.2% to +77.5%.
within_category,stock,Pharma Distribution,MCK,McKesson,3,1,1,0,0.16522121418,0.135073541931,-0.0301476722487,2026-09-21,2026-09-28,McKesson moved from rank #1 to #1 within Pharma Distribution at 3 months; return +16.5% to +13.5%.
within_category,stock,Precision Diagnostics,BLLN,BillionToOne,12,,,,,,,2026-09-21,2026-09-28,BillionToOne moved from rank unavailable within Precision Diagnostics at 12 months; return unavailable.
within_category,stock,Precision Diagnostics,BLLN,BillionToOne,24,,,,,,,2026-09-21,2026-09-28,BillionToOne moved from rank unavailable within Precision Diagnostics at 24 months; return unavailable.
within_category,stock,Precision Diagnostics,BLLN,BillionToOne,3,10,10,0,0.00732287208749,0.041550308877,0.0342274367896,2026-09-21,2026-09-28,BillionToOne moved from rank #10 to #10 within Precision Diagnostics at 3 months; return +0.7% to +4.2%.
within_category,stock,Precision Diagnostics,CERT,Certara,12,10,10,0,-0.266550522648,-0.227966101695,0.0385844209531,2026-09-21,2026-09-28,Certara moved from rank #10 to #10 within Precision Diagnostics at 12 months; return -26.7% to -22.8%.
within_category,stock,Precision Diagnostics,CERT,Certara,24,9,10,-1,-0.22752293578,-0.224680851064,0.00284208471617,2026-09-21,2026-09-28,Certara moved from rank #9 to #10 within Precision Diagnostics at 24 months; return -22.8% to -22.5%.
within_category,stock,Precision Diagnostics,CERT,Certara,3,5,3,2,0.519855595668,0.559931506849,0.0400759111813,2026-09-21,2026-09-28,Certara moved from rank #5 to #3 within Precision Diagnostics at 3 months; return +52.0% to +56.0%.
within_category,stock,Precision Diagnostics,DGX,Quest Diagnostics,12,6,7,-1,0.342320261438,0.250436531033,-0.0918837304046,2026-09-21,2026-09-28,Quest Diagnostics moved from rank #6 to #7 within Precision Diagnostics at 12 months; return +34.2% to +25.0%.
within_category,stock,Precision Diagnostics,DGX,Quest Diagnostics,24,5,6,-1,0.610889600627,0.52661498708,-0.0842746135469,2026-09-21,2026-09-28,Quest Diagnostics moved from rank #5 to #6 within Precision Diagnostics at 24 months; return +61.1% to +52.7%.
within_category,stock,Precision Diagnostics,DGX,Quest Diagnostics,3,8,9,-1,0.263846153846,0.125976748618,-0.137869405228,2026-09-21,2026-09-28,Quest Diagnostics moved from rank #8 to #9 within Precision Diagnostics at 3 months; return +26.4% to +12.6%.
within_category,stock,Precision Diagnostics,GH,Guardant Health,12,2,2,0,2.03262890955,1.95269032151,-0.0799385880441,2026-09-21,2026-09-28,Guardant Health moved from rank #2 to #2 within Precision Diagnostics at 12 months; return +203.3% to +195.3%.
within_category,stock,Precision Diagnostics,GH,Guardant Health,24,1,1,0,6.14946193703,6.74694055944,0.597478622411,2026-09-21,2026-09-28,Guardant Health moved from rank #1 to #1 within Precision Diagnostics at 24 months; return +614.9% to +674.7%.
within_category,stock,Precision Diagnostics,GH,Guardant Health,3,7,7,0,0.361208074063,0.18784345262,-0.173364621443,2026-09-21,2026-09-28,Guardant Health moved from rank #7 to #7 within Precision Diagnostics at 3 months; return +36.1% to +18.8%.
within_category,stock,Precision Diagnostics,ILMN,Illumina,12,4,3,1,1.33206812652,1.94470498419,0.612636857666,2026-09-21,2026-09-28,Illumina moved from rank #4 to #3 within Precision Diagnostics at 12 months; return +133.2% to +194.5%.
within_category,stock,Precision Diagnostics,ILMN,Illumina,24,4,4,0,0.82637195122,1.07500768521,0.248635733994,2026-09-21,2026-09-28,Illumina moved from rank #4 to #4 within Precision Diagnostics at 24 months; return +82.6% to +107.5%.
within_category,stock,Precision Diagnostics,ILMN,Illumina,3,6,4,2,0.479775211511,0.529311809686,0.0495365981746,2026-09-21,2026-09-28,Illumina moved from rank #6 to #4 within Precision Diagnostics at 3 months; return +48.0% to +52.9%.
within_category,stock,Precision Diagnostics,LH,Labcorp Holdings,12,7,8,-1,0.156670393479,0.103453191262,-0.0532172022171,2026-09-21,2026-09-28,Labcorp Holdings moved from rank #7 to #8 within Precision Diagnostics at 12 months; return +15.7% to +10.3%.
within_category,stock,Precision Diagnostics,LH,Labcorp Holdings,24,6,7,-1,0.443209432094,0.394146780729,-0.0490626513646,2026-09-21,2026-09-28,Labcorp Holdings moved from rank #6 to #7 within Precision Diagnostics at 24 months; return +44.3% to +39.4%.
within_category,stock,Precision Diagnostics,LH,Labcorp Holdings,3,9,8,1,0.253654913611,0.140604855048,-0.113050058563,2026-09-21,2026-09-28,Labcorp Holdings moved from rank #9 to #8 within Precision Diagnostics at 3 months; return +25.4% to +14.1%.
within_category,stock,Precision Diagnostics,NEO,NeoGenomics,12,3,5,-2,1.33685446009,1.43757881463,0.100724354538,2026-09-21,2026-09-28,NeoGenomics moved from rank #3 to #5 within Precision Diagnostics at 12 months; return +133.7% to +143.8%.
within_category,stock,Precision Diagnostics,NEO,NeoGenomics,24,8,8,0,0.222972972973,0.333103448276,0.110130475303,2026-09-21,2026-09-28,NeoGenomics moved from rank #8 to #8 within Precision Diagnostics at 24 months; return +22.3% to +33.3%.
within_category,stock,Precision Diagnostics,NEO,NeoGenomics,3,2,6,-4,0.788858939802,0.364149611856,-0.424709327946,2026-09-21,2026-09-28,NeoGenomics moved from rank #2 to #6 within Precision Diagnostics at 3 months; return +78.9% to +36.4%.
within_category,stock,Precision Diagnostics,NTRA,Natera,12,5,4,1,1.03958919993,1.53150886666,0.491919666733,2026-09-21,2026-09-28,Natera moved from rank #5 to #4 within Precision Diagnostics at 12 months; return +104.0% to +153.2%.
within_category,stock,Precision Diagnostics,NTRA,Natera,24,3,3,0,1.8908279856,2.28157811009,0.390750124486,2026-09-21,2026-09-28,Natera moved from rank #3 to #3 within Precision Diagnostics at 24 months; return +189.1% to +228.2%.
within_category,stock,Precision Diagnostics,NTRA,Natera,3,3,2,1,0.596257724385,0.575197586957,-0.0210601374276,2026-09-21,2026-09-28,Natera moved from rank #3 to #2 within Precision Diagnostics at 3 months; return +59.6% to +57.5%.
within_category,stock,Precision Diagnostics,PACB,PacBio,12,8,6,2,0.0787401574803,0.338842975207,0.260102817726,2026-09-21,2026-09-28,PacBio moved from rank #8 to #6 within Precision Diagnostics at 12 months; return +7.9% to +33.9%.
within_category,stock,Precision Diagnostics,PACB,PacBio,24,10,9,1,-0.249315068493,-0.0742857142857,0.175029354207,2026-09-21,2026-09-28,PacBio moved from rank #10 to #9 within Precision Diagnostics at 24 months; return -24.9% to -7.4%.
within_category,stock,Precision Diagnostics,PACB,PacBio,3,11,11,0,-0.0214285714286,-0.0181818181818,0.00324675324678,2026-09-21,2026-09-28,PacBio moved from rank #11 to #11 within Precision Diagnostics at 3 months; return -2.1% to -1.8%.
within_category,stock,Precision Diagnostics,QDEL,QuidelOrtho,12,11,11,0,-0.630993745657,-0.613836921991,0.0171568236662,2026-09-21,2026-09-28,QuidelOrtho moved from rank #11 to #11 within Precision Diagnostics at 12 months; return -63.1% to -61.4%.
within_category,stock,Precision Diagnostics,QDEL,QuidelOrtho,24,11,11,0,-0.766079295154,-0.759824368825,0.00625492632853,2026-09-21,2026-09-28,QuidelOrtho moved from rank #11 to #11 within Precision Diagnostics at 24 months; return -76.6% to -76.0%.
within_category,stock,Precision Diagnostics,QDEL,QuidelOrtho,3,12,12,0,-0.223116313094,-0.206671501088,0.0164448120063,2026-09-21,2026-09-28,QuidelOrtho moved from rank #12 to #12 within Precision Diagnostics at 3 months; return -22.3% to -20.7%.
within_category,stock,Precision Diagnostics,TEM,Tempus AI,12,9,9,0,-0.11786038078,0.0832059123344,0.201066293114,2026-09-21,2026-09-28,Tempus AI moved from rank #9 to #9 within Precision Diagnostics at 12 months; return -11.8% to +8.3%.
within_category,stock,Precision Diagnostics,TEM,Tempus AI,24,7,5,2,0.430093698328,0.578937592868,0.14884389454,2026-09-21,2026-09-28,Tempus AI moved from rank #7 to #5 within Precision Diagnostics at 24 months; return +43.0% to +57.9%.
within_category,stock,Precision Diagnostics,TEM,Tempus AI,3,4,5,-1,0.531077891424,0.514250089063,-0.0168278023609,2026-09-21,2026-09-28,Tempus AI moved from rank #4 to #5 within Precision Diagnostics at 3 months; return +53.1% to +51.4%.
within_category,stock,Precision Diagnostics,TXG,10x Genomics,12,1,1,0,4.87423312883,6.31313993174,1.43890680291,2026-09-21,2026-09-28,10x Genomics moved from rank #1 to #1 within Precision Diagnostics at 12 months; return +487.4% to +631.3%.
within_category,stock,Precision Diagnostics,TXG,10x Genomics,24,2,2,0,2.37742504409,2.78076753419,0.403342490096,2026-09-21,2026-09-28,10x Genomics moved from rank #2 to #2 within Precision Diagnostics at 24 months; return +237.7% to +278.1%.
within_category,stock,Precision Diagnostics,TXG,10x Genomics,3,1,1,0,1.20399942454,1.33224489796,0.128245473419,2026-09-21,2026-09-28,10x Genomics moved from rank #1 to #1 within Precision Diagnostics at 3 months; return +120.4% to +133.2%.
within_category,stock,Value-Based Care,AGL,Agilon Health,12,1,1,0,2.07448275862,1.96256880734,-0.111913951281,2026-09-21,2026-09-28,Agilon Health moved from rank #1 to #1 within Value-Based Care at 12 months; return +207.4% to +196.3%.
within_category,stock,Value-Based Care,AGL,Agilon Health,24,2,2,0,0.0131818181818,-0.136577540107,-0.149759358289,2026-09-21,2026-09-28,Agilon Health moved from rank #2 to #2 within Value-Based Care at 24 months; return +1.3% to -13.7%.
within_category,stock,Value-Based Care,AGL,Agilon Health,3,4,3,1,-0.216520210896,-0.323018867925,-0.106498657029,2026-09-21,2026-09-28,Agilon Health moved from rank #4 to #3 within Value-Based Care at 3 months; return -21.7% to -32.3%.
within_category,stock,Value-Based Care,ASTH,Astrana Health,12,2,2,0,0.237306445805,0.225404312668,-0.0119021331365,2026-09-21,2026-09-28,Astrana Health moved from rank #2 to #2 within Value-Based Care at 12 months; return +23.7% to +22.5%.
within_category,stock,Value-Based Care,ASTH,Astrana Health,24,3,3,0,-0.397192982456,-0.356624800991,0.0405681814654,2026-09-21,2026-09-28,Astrana Health moved from rank #3 to #3 within Value-Based Care at 24 months; return -39.7% to -35.7%.
within_category,stock,Value-Based Care,ASTH,Astrana Health,3,1,1,0,-0.12279805974,-0.182880251629,-0.0600821918888,2026-09-21,2026-09-28,Astrana Health moved from rank #1 to #1 within Value-Based Care at 3 months; return -12.3% to -18.3%.
within_category,stock,Value-Based Care,EVH,Evolent Health,12,5,5,0,-0.559665871122,-0.596648044693,-0.0369821735707,2026-09-21,2026-09-28,Evolent Health moved from rank #5 to #5 within Value-Based Care at 12 months; return -56.0% to -59.7%.
within_category,stock,Value-Based Care,EVH,Evolent Health,24,5,5,0,-0.881121134021,-0.876791808874,0.00432932514728,2026-09-21,2026-09-28,Evolent Health moved from rank #5 to #5 within Value-Based Care at 24 months; return -88.1% to -87.7%.
within_category,stock,Value-Based Care,EVH,Evolent Health,3,3,4,-1,-0.178173719376,-0.344827586207,-0.166653866831,2026-09-21,2026-09-28,Evolent Health moved from rank #3 to #4 within Value-Based Care at 3 months; return -17.8% to -34.5%.
within_category,stock,Value-Based Care,PIII,P3 Health,12,3,4,-1,-0.0691747572816,-0.277663934426,-0.208489177145,2026-09-21,2026-09-28,P3 Health moved from rank #3 to #4 within Value-Based Care at 12 months; return -6.9% to -27.8%.
within_category,stock,Value-Based Care,PIII,P3 Health,24,4,4,0,-0.643255813953,-0.640306122449,0.00294969150402,2026-09-21,2026-09-28,P3 Health moved from rank #4 to #4 within Value-Based Care at 24 months; return -64.3% to -64.0%.
within_category,stock,Value-Based Care,PIII,P3 Health,3,5,5,0,-0.286511627907,-0.376657824934,-0.0901461970267,2026-09-21,2026-09-28,P3 Health moved from rank #5 to #5 within Value-Based Care at 3 months; return -28.7% to -37.7%.
within_category,stock,Value-Based Care,PRVA,Privia Health Group,12,4,3,1,-0.112650871703,-0.177378964942,-0.0647280932386,2026-09-21,2026-09-28,Privia Health Group moved from rank #4 to #3 within Value-Based Care at 12 months; return -11.3% to -17.7%.
within_category,stock,Value-Based Care,PRVA,Privia Health Group,24,1,1,0,0.0586666666667,0.0901548672566,0.0314882005899,2026-09-21,2026-09-28,Privia Health Group moved from rank #1 to #1 within Value-Based Care at 24 months; return +5.9% to +9.0%.
within_category,stock,Value-Based Care,PRVA,Privia Health Group,3,2,2,0,-0.161385720321,-0.229174814235,-0.0677890939144,2026-09-21,2026-09-28,Privia Health Group moved from rank #2 to #2 within Value-Based Care at 3 months; return -16.1% to -22.9%.
overall_stock,stock,,ACHC,Acadia Healthcare,3,33,36,-3,0.139123441898,0.0244347191831,-0.114688722715,2026-09-21,2026-09-28,Acadia Healthcare moved from rank #33 to #36 across the watchlist at 3 months; return +13.9% to +2.4%.
overall_stock,stock,,ACHC,Acadia Healthcare,12,27,34,-7,0.279584462511,0.145128414187,-0.134456048324,2026-09-21,2026-09-28,Acadia Healthcare moved from rank #27 to #34 across the watchlist at 12 months; return +28.0% to +14.5%.
overall_stock,stock,,ACHC,Acadia Healthcare,24,74,74,0,-0.629188481675,-0.556099873578,0.0730886080973,2026-09-21,2026-09-28,Acadia Healthcare moved from rank #74 to #74 across the watchlist at 24 months; return -62.9% to -55.6%.
overall_stock,stock,,ADUS,Addus HomeCare,3,22,20,2,0.242385652128,0.167509025271,-0.0748766268572,2026-09-21,2026-09-28,Addus HomeCare moved from rank #22 to #20 across the watchlist at 3 months; return +24.2% to +16.8%.
overall_stock,stock,,ADUS,Addus HomeCare,12,48,53,-5,0.0462019660411,-0.0353673086756,-0.0815692747167,2026-09-21,2026-09-28,Addus HomeCare moved from rank #48 to #53 across the watchlist at 12 months; return +4.6% to -3.5%.
overall_stock,stock,,ADUS,Addus HomeCare,24,48,48,0,-0.102499233364,-0.135624284078,-0.0331250507139,2026-09-21,2026-09-28,Addus HomeCare moved from rank #48 to #48 across the watchlist at 24 months; return -10.2% to -13.6%.
overall_stock,stock,,AGL,Agilon Health,3,75,78,-3,-0.216520210896,-0.323018867925,-0.106498657029,2026-09-21,2026-09-28,Agilon Health moved from rank #75 to #78 across the watchlist at 3 months; return -21.7% to -32.3%.
overall_stock,stock,,AGL,Agilon Health,12,3,2,1,2.07448275862,1.96256880734,-0.111913951281,2026-09-21,2026-09-28,Agilon Health moved from rank #3 to #2 across the watchlist at 12 months; return +207.4% to +196.3%.
overall_stock,stock,,AGL,Agilon Health,24,44,49,-5,0.0131818181818,-0.136577540107,-0.149759358289,2026-09-21,2026-09-28,Agilon Health moved from rank #44 to #49 across the watchlist at 24 months; return +1.3% to -13.7%.
overall_stock,stock,,AHCO,Accendra Health,3,81,81,0,-0.40829015544,-0.451895043732,-0.0436048882918,2026-09-21,2026-09-28,Accendra Health moved from rank #81 to #81 across the watchlist at 3 months; return -40.8% to -45.2%.
overall_stock,stock,,AHCO,Accendra Health,12,69,70,-1,-0.357705286839,-0.365579302587,-0.00787401574818,2026-09-21,2026-09-28,Accendra Health moved from rank #69 to #70 across the watchlist at 12 months; return -35.8% to -36.6%.
overall_stock,stock,,AHCO,Accendra Health,24,68,68,0,-0.492444444444,-0.493261455526,-0.000817011081607,2026-09-21,2026-09-28,Accendra Health moved from rank #68 to #68 across the watchlist at 24 months; return -49.2% to -49.3%.
overall_stock,stock,,ALHC,Alignment Health,3,82,82,0,-0.61802378774,-0.645968089694,-0.0279443019538,2026-09-21,2026-09-28,Alignment Health moved from rank #82 to #82 across the watchlist at 3 months; return -61.8% to -64.6%.
overall_stock,stock,,ALHC,Alignment Health,12,73,74,-1,-0.495163240629,-0.531660011409,-0.03649677078,2026-09-21,2026-09-28,Alignment Health moved from rank #73 to #74 across the watchlist at 12 months; return -49.5% to -53.2%.
overall_stock,stock,,ALHC,Alignment Health,24,59,61,-2,-0.26946631671,-0.284219703575,-0.0147533868645,2026-09-21,2026-09-28,Alignment Health moved from rank #59 to #61 across the watchlist at 24 months; return -26.9% to -28.4%.
overall_stock,stock,,AMWL,Amwell,3,5,7,-2,0.631079478055,0.461371055495,-0.16970842256,2026-09-21,2026-09-28,Amwell moved from rank #5 to #7 across the watchlist at 3 months; return +63.1% to +46.1%.
overall_stock,stock,,AMWL,Amwell,12,8,9,-1,1.14174454829,1.16612903226,0.0243844839681,2026-09-21,2026-09-28,Amwell moved from rank #8 to #9 across the watchlist at 12 months; return +114.2% to +116.6%.
overall_stock,stock,,AMWL,Amwell,24,24,21,3,0.375,0.413684210526,0.0386842105263,2026-09-21,2026-09-28,Amwell moved from rank #24 to #21 across the watchlist at 24 months; return +37.5% to +41.4%.
overall_stock,stock,,ARDT,Ardent Health Partners,3,27,30,-3,0.17620650954,0.0832476875642,-0.0929588219758,2026-09-21,2026-09-28,Ardent Health Partners moved from rank #27 to #30 across the watchlist at 3 months; return +17.6% to +8.3%.
overall_stock,stock,,ARDT,Ardent Health Partners,12,65,64,1,-0.182527301092,-0.205128205128,-0.0226009040362,2026-09-21,2026-09-28,Ardent Health Partners moved from rank #65 to #64 across the watchlist at 12 months; return -18.3% to -20.5%.
overall_stock,stock,,ARDT,Ardent Health Partners,24,66,65,1,-0.426695842451,-0.424043715847,0.00265212660401,2026-09-21,2026-09-28,Ardent Health Partners moved from rank #66 to #65 across the watchlist at 24 months; return -42.7% to -42.4%.
overall_stock,stock,,ASTH,Astrana Health,3,68,72,-4,-0.12279805974,-0.182880251629,-0.0600821918888,2026-09-21,2026-09-28,Astrana Health moved from rank #68 to #72 across the watchlist at 3 months; return -12.3% to -18.3%.
overall_stock,stock,,ASTH,Astrana Health,12,31,30,1,0.237306445805,0.225404312668,-0.0119021331365,2026-09-21,2026-09-28,Astrana Health moved from rank #31 to #30 across the watchlist at 12 months; return +23.7% to +22.5%.
overall_stock,stock,,ASTH,Astrana Health,24,65,63,2,-0.397192982456,-0.356624800991,0.0405681814654,2026-09-21,2026-09-28,Astrana Health moved from rank #65 to #63 across the watchlist at 24 months; return -39.7% to -35.7%.
overall_stock,stock,,AVAH,Aveanna Healthcare,3,3,8,-5,0.754813863928,0.433025404157,-0.321788459771,2026-09-21,2026-09-28,Aveanna Healthcare moved from rank #3 to #8 across the watchlist at 3 months; return +75.5% to +43.3%.
overall_stock,stock,,AVAH,Aveanna Healthcare,12,15,19,-4,0.687654320988,0.418285714286,-0.269368606702,2026-09-21,2026-09-28,Aveanna Healthcare moved from rank #15 to #19 across the watchlist at 12 months; return +68.8% to +41.8%.
overall_stock,stock,,AVAH,Aveanna Healthcare,24,5,6,-1,1.47644927536,1.4003868472,-0.0760624281646,2026-09-21,2026-09-28,Aveanna Healthcare moved from rank #5 to #6 across the watchlist at 24 months; return +147.6% to +140.0%.
overall_stock,stock,,BLLN,BillionToOne,3,56,34,22,0.00732287208749,0.041550308877,0.0342274367896,2026-09-21,2026-09-28,BillionToOne moved from rank #56 to #34 across the watchlist at 3 months; return +0.7% to +4.2%.
overall_stock,stock,,BLLN,BillionToOne,12,,,,,,,2026-09-21,2026-09-28,BillionToOne moved from rank unavailable across the watchlist at 12 months; return unavailable.
overall_stock,stock,,BLLN,BillionToOne,24,,,,,,,2026-09-21,2026-09-28,BillionToOne moved from rank unavailable across the watchlist at 24 months; return unavailable.
overall_stock,stock,,BTSG,BrightSpring Health Services,3,69,71,-2,-0.142943396226,-0.179617280371,-0.0366738841451,2026-09-21,2026-09-28,BrightSpring Health Services moved from rank #69 to #71 across the watchlist at 3 months; return -14.3% to -18.0%.
overall_stock,stock,,BTSG,BrightSpring Health Services,12,9,10,-1,1.07909190773,1.06608251187,-0.0130093958644,2026-09-21,2026-09-28,BrightSpring Health Services moved from rank #9 to #10 across the watchlist at 12 months; return +107.9% to +106.6%.
overall_stock,stock,,BTSG,BrightSpring Health Services,24,2,3,-1,2.85471826205,2.77518345564,-0.0795348064129,2026-09-21,2026-09-28,BrightSpring Health Services moved from rank #2 to #3 across the watchlist at 24 months; return +285.5% to +277.5%.
overall_stock,stock,,CAH,Cardinal Health,3,53,56,-3,0.0162781259864,-0.0743947545393,-0.0906728805257,2026-09-21,2026-09-28,Cardinal Health moved from rank #53 to #56 across the watchlist at 3 months; return +1.6% to -7.4%.
overall_stock,stock,,CAH,Cardinal Health,12,18,18,0,0.506550802139,0.432697937675,-0.0738528644642,2026-09-21,2026-09-28,Cardinal Health moved from rank #18 to #18 across the watchlist at 12 months; return +50.7% to +43.3%.
overall_stock,stock,,CAH,Cardinal Health,24,7,8,-1,1.01520028612,1.0058293105,-0.00937097561813,2026-09-21,2026-09-28,Cardinal Health moved from rank #7 to #8 across the watchlist at 24 months; return +101.5% to +100.6%.
overall_stock,stock,,CCSI,Consensus Cloud Solutions,3,52,51,1,0.0231400117165,-0.0408496732026,-0.0639896849191,2026-09-21,2026-09-28,Consensus Cloud Solutions moved from rank #52 to #51 across the watchlist at 3 months; return +2.3% to -4.1%.
overall_stock,stock,,CCSI,Consensus Cloud Solutions,12,32,31,1,0.205730065585,0.198366791426,-0.00736327415935,2026-09-21,2026-09-28,Consensus Cloud Solutions moved from rank #32 to #31 across the watchlist at 12 months; return +20.6% to +19.8%.
overall_stock,stock,,CCSI,Consensus Cloud Solutions,24,18,19,-1,0.538766519824,0.491109229467,-0.0476572903574,2026-09-21,2026-09-28,Consensus Cloud Solutions moved from rank #18 to #19 across the watchlist at 24 months; return +53.9% to +49.1%.
overall_stock,stock,,CERT,Certara,3,9,4,5,0.519855595668,0.559931506849,0.0400759111813,2026-09-21,2026-09-28,Certara moved from rank #9 to #4 across the watchlist at 3 months; return +52.0% to +56.0%.
overall_stock,stock,,CERT,Certara,12,67,65,2,-0.266550522648,-0.227966101695,0.0385844209531,2026-09-21,2026-09-28,Certara moved from rank #67 to #65 across the watchlist at 12 months; return -26.7% to -22.8%.
overall_stock,stock,,CERT,Certara,24,54,57,-3,-0.22752293578,-0.224680851064,0.00284208471617,2026-09-21,2026-09-28,Certara moved from rank #54 to #57 across the watchlist at 24 months; return -22.8% to -22.5%.
overall_stock,stock,,CHE,Chemed (Vitas),3,30,29,1,0.155385426456,0.105508547747,-0.0498768787095,2026-09-21,2026-09-28,Chemed (Vitas) moved from rank #30 to #29 across the watchlist at 3 months; return +15.5% to +10.6%.
overall_stock,stock,,CHE,Chemed (Vitas),12,39,36,3,0.11456053068,0.108019816974,-0.00654071370577,2026-09-21,2026-09-28,Chemed (Vitas) moved from rank #39 to #36 across the watchlist at 12 months; return +11.5% to +10.8%.
overall_stock,stock,,CHE,Chemed (Vitas),24,50,50,0,-0.134006803422,-0.145032051282,-0.0110252478601,2026-09-21,2026-09-28,Chemed (Vitas) moved from rank #50 to #50 across the watchlist at 24 months; return -13.4% to -14.5%.
overall_stock,stock,,CI,Cigna,3,58,50,8,-0.0142872488989,-0.0381201598359,-0.023832910937,2026-09-21,2026-09-28,Cigna moved from rank #58 to #50 across the watchlist at 3 months; return -1.4% to -3.8%.
overall_stock,stock,,CI,Cigna,12,53,54,-1,-0.0519355283097,-0.0494810776811,0.0024544506286,2026-09-21,2026-09-28,Cigna moved from rank #53 to #54 across the watchlist at 12 months; return -5.2% to -4.9%.
overall_stock,stock,,CI,Cigna,24,53,55,-2,-0.227045543887,-0.217687661777,0.00935788210961,2026-09-21,2026-09-28,Cigna moved from rank #53 to #55 across the watchlist at 24 months; return -22.7% to -21.8%.
overall_stock,stock,,CLOV,Clover Health,3,66,69,-3,-0.108,-0.170055452865,-0.0620554528651,2026-09-21,2026-09-28,Clover Health moved from rank #66 to #69 across the watchlist at 3 months; return -10.8% to -17.0%.
overall_stock,stock,,CLOV,Clover Health,12,19,20,-1,0.471947194719,0.403125,-0.068822194719,2026-09-21,2026-09-28,Clover Health moved from rank #19 to #20 across the watchlist at 12 months; return +47.2% to +40.3%.
overall_stock,stock,,CLOV,Clover Health,24,19,13,6,0.53264604811,0.59219858156,0.0595525334503,2026-09-21,2026-09-28,Clover Health moved from rank #19 to #13 across the watchlist at 24 months; return +53.3% to +59.2%.
overall_stock,stock,,CNC,Centene,3,43,55,-12,0.0670272041953,-0.0594857751407,-0.126512979336,2026-09-21,2026-09-28,Centene moved from rank #43 to #55 across the watchlist at 3 months; return +6.7% to -5.9%.
overall_stock,stock,,CNC,Centene,12,11,12,-1,1.04941768964,0.773379231211,-0.276038458429,2026-09-21,2026-09-28,Centene moved from rank #11 to #12 across the watchlist at 12 months; return +104.9% to +77.3%.
overall_stock,stock,,CNC,Centene,24,51,51,0,-0.138870519773,-0.171091445428,-0.0322209256547,2026-09-21,2026-09-28,Centene moved from rank #51 to #51 across the watchlist at 24 months; return -13.9% to -17.1%.
overall_stock,stock,,CON,Concentra Group,3,24,21,3,0.241946778711,0.160039761431,-0.0819070172796,2026-09-21,2026-09-28,Concentra Group moved from rank #24 to #21 across the watchlist at 3 months; return +24.2% to +16.0%.
overall_stock,stock,,CON,Concentra Group,12,13,13,0,0.716844143272,0.681556195965,-0.0352879473066,2026-09-21,2026-09-28,Concentra Group moved from rank #13 to #13 across the watchlist at 12 months; return +71.7% to +68.2%.
overall_stock,stock,,CON,Concentra Group,24,16,16,0,0.551618547682,0.561552185549,0.00993363786662,2026-09-21,2026-09-28,Concentra Group moved from rank #16 to #16 across the watchlist at 24 months; return +55.2% to +56.2%.
overall_stock,stock,,COR,Cencora,3,34,32,2,0.135930544826,0.0726592807465,-0.0632712640795,2026-09-21,2026-09-28,Cencora moved from rank #34 to #32 across the watchlist at 3 months; return +13.6% to +7.3%.
overall_stock,stock,,COR,Cencora,12,43,49,-6,0.0646851941245,-0.000260586319218,-0.0649457804437,2026-09-21,2026-09-28,Cencora moved from rank #43 to #49 across the watchlist at 12 months; return +6.5% to -0.0%.
overall_stock,stock,,COR,Cencora,24,25,24,1,0.353645171189,0.364574070781,0.0109288995917,2026-09-21,2026-09-28,Cencora moved from rank #25 to #24 across the watchlist at 24 months; return +35.4% to +36.5%.
overall_stock,stock,,CTRE,CareTrust REIT,3,54,58,-4,0.0129519697787,-0.0837619397502,-0.0967139095289,2026-09-21,2026-09-28,CareTrust REIT moved from rank #54 to #58 across the watchlist at 3 months; return +1.3% to -8.4%.
overall_stock,stock,,CTRE,CareTrust REIT,12,41,42,-1,0.0931857891672,0.075,-0.0181857891672,2026-09-21,2026-09-28,CareTrust REIT moved from rank #41 to #42 across the watchlist at 12 months; return +9.3% to +7.5%.
overall_stock,stock,,CTRE,CareTrust REIT,24,29,31,-2,0.238126649077,0.216189856957,-0.0219367921199,2026-09-21,2026-09-28,CareTrust REIT moved from rank #29 to #31 across the watchlist at 24 months; return +23.8% to +21.6%.
overall_stock,stock,,CVS,CVS Health,3,65,66,-1,-0.0964198535395,-0.145773433007,-0.049353579468,2026-09-21,2026-09-28,CVS Health moved from rank #65 to #66 across the watchlist at 3 months; return -9.6% to -14.6%.
overall_stock,stock,,CVS,CVS Health,12,34,33,1,0.18579818473,0.176323083014,-0.00947510171561,2026-09-21,2026-09-28,CVS Health moved from rank #34 to #33 across the watchlist at 12 months; return +18.6% to +17.6%.
overall_stock,stock,,CVS,CVS Health,24,17,20,-3,0.54477482177,0.452101661779,-0.0926731599909,2026-09-21,2026-09-28,CVS Health moved from rank #17 to #20 across the watchlist at 24 months; return +54.5% to +45.2%.
overall_stock,stock,,CYH,Community Health Systems,3,61,61,0,-0.0496688741722,-0.103658536585,-0.0539896624132,2026-09-21,2026-09-28,Community Health Systems moved from rank #61 to #61 across the watchlist at 3 months; return -5.0% to -10.4%.
overall_stock,stock,,CYH,Community Health Systems,12,54,55,-1,-0.0559210526316,-0.0754716981132,-0.0195506454816,2026-09-21,2026-09-28,Community Health Systems moved from rank #54 to #55 across the watchlist at 12 months; return -5.6% to -7.5%.
overall_stock,stock,,CYH,Community Health Systems,24,71,70,1,-0.513559322034,-0.51081530782,0.0027440142137,2026-09-21,2026-09-28,Community Health Systems moved from rank #71 to #70 across the watchlist at 24 months; return -51.4% to -51.1%.
overall_stock,stock,,DGX,Quest Diagnostics,3,18,26,-8,0.263846153846,0.125976748618,-0.137869405228,2026-09-21,2026-09-28,Quest Diagnostics moved from rank #18 to #26 across the watchlist at 3 months; return +26.4% to +12.6%.
overall_stock,stock,,DGX,Quest Diagnostics,12,24,28,-4,0.342320261438,0.250436531033,-0.0918837304046,2026-09-21,2026-09-28,Quest Diagnostics moved from rank #24 to #28 across the watchlist at 12 months; return +34.2% to +25.0%.
overall_stock,stock,,DGX,Quest Diagnostics,24,14,17,-3,0.610889600627,0.52661498708,-0.0842746135469,2026-09-21,2026-09-28,Quest Diagnostics moved from rank #14 to #17 across the watchlist at 24 months; return +61.1% to +52.7%.
overall_stock,stock,,DH,Definitive Healthcare,3,19,9,10,0.263157894737,0.431818181818,0.168660287081,2026-09-21,2026-09-28,Definitive Healthcare moved from rank #19 to #9 across the watchlist at 3 months; return +26.3% to +43.2%.
overall_stock,stock,,DH,Definitive Healthcare,12,80,80,0,-0.771971496437,-0.76256281407,0.00940868236665,2026-09-21,2026-09-28,Definitive Healthcare moved from rank #80 to #80 across the watchlist at 12 months; return -77.2% to -76.3%.
overall_stock,stock,,DH,Definitive Healthcare,24,77,77,0,-0.786666666667,-0.785714285714,0.000952380952714,2026-09-21,2026-09-28,Definitive Healthcare moved from rank #77 to #77 across the watchlist at 24 months; return -78.7% to -78.6%.
overall_stock,stock,,DOC,Healthpeak properties,3,49,52,-3,0.0393660531697,-0.0575406032483,-0.096906656418,2026-09-21,2026-09-28,Healthpeak properties moved from rank #49 to #52 across the watchlist at 3 months; return +3.9% to -5.8%.
overall_stock,stock,,DOC,Healthpeak properties,12,40,43,-3,0.100703844071,0.0723336853221,-0.0283701587489,2026-09-21,2026-09-28,Healthpeak properties moved from rank #40 to #43 across the watchlist at 12 months; return +10.1% to +7.2%.
overall_stock,stock,,DOC,Healthpeak properties,24,47,46,1,-0.0763289413903,-0.101327433628,-0.024998492238,2026-09-21,2026-09-28,Healthpeak properties moved from rank #47 to #46 across the watchlist at 24 months; return -7.6% to -10.1%.
overall_stock,stock,,DOCS,Doximity,3,16,13,3,0.2761485826,0.261973180077,-0.0141754025234,2026-09-21,2026-09-28,Doximity moved from rank #16 to #13 across the watchlist at 3 months; return +27.6% to +26.2%.
overall_stock,stock,,DOCS,Doximity,12,79,79,0,-0.641444658061,-0.645833333333,-0.00438867527233,2026-09-21,2026-09-28,Doximity moved from rank #79 to #79 across the watchlist at 12 months; return -64.1% to -64.6%.
overall_stock,stock,,DOCS,Doximity,24,64,64,0,-0.361301369863,-0.385780885781,-0.0244795159179,2026-09-21,2026-09-28,Doximity moved from rank #64 to #64 across the watchlist at 24 months; return -36.1% to -38.6%.
overall_stock,stock,,DVA,Davita,3,67,70,-3,-0.115675051705,-0.177709178032,-0.0620341263267,2026-09-21,2026-09-28,Davita moved from rank #67 to #70 across the watchlist at 3 months; return -11.6% to -17.8%.
overall_stock,stock,,DVA,Davita,12,21,21,0,0.412569145667,0.364449541284,-0.0481196043826,2026-09-21,2026-09-28,Davita moved from rank #21 to #21 across the watchlist at 12 months; return +41.3% to +36.4%.
overall_stock,stock,,DVA,Davita,24,36,38,-2,0.121097560976,0.0943708609272,-0.0267267000488,2026-09-21,2026-09-28,Davita moved from rank #36 to #38 across the watchlist at 24 months; return +12.1% to +9.4%.
overall_stock,stock,,EHC,Encompass Health,3,23,17,6,0.241966744874,0.218494029409,-0.0234727154651,2026-09-21,2026-09-28,Encompass Health moved from rank #23 to #17 across the watchlist at 3 months; return +24.2% to +21.8%.
overall_stock,stock,,EHC,Encompass Health,12,52,51,1,-0.0186200225697,-0.0254932912391,-0.00687326866945,2026-09-21,2026-09-28,Encompass Health moved from rank #52 to #51 across the watchlist at 12 months; return -1.9% to -2.5%.
overall_stock,stock,,EHC,Encompass Health,24,26,29,-3,0.314085267134,0.286011873763,-0.0280733933709,2026-09-21,2026-09-28,Encompass Health moved from rank #26 to #29 across the watchlist at 24 months; return +31.4% to +28.6%.
overall_stock,stock,,ELV,Elevance,3,46,42,4,0.0577863577864,0.00230274811478,-0.0554836096716,2026-09-21,2026-09-28,Elevance moved from rank #46 to #42 across the watchlist at 3 months; return +5.8% to +0.2%.
overall_stock,stock,,ELV,Elevance,12,25,29,-4,0.30996780466,0.243181318854,-0.0667864858062,2026-09-21,2026-09-28,Elevance moved from rank #25 to #29 across the watchlist at 12 months; return +31.0% to +24.3%.
overall_stock,stock,,ELV,Elevance,24,56,58,-2,-0.238784129219,-0.244030918981,-0.00524678976182,2026-09-21,2026-09-28,Elevance moved from rank #56 to #58 across the watchlist at 24 months; return -23.9% to -24.4%.
overall_stock,stock,,ENSG,The Ensign Group,3,35,31,4,0.131858119102,0.074394357559,-0.057463761543,2026-09-21,2026-09-28,The Ensign Group moved from rank #35 to #31 across the watchlist at 3 months; return +13.2% to +7.4%.
overall_stock,stock,,ENSG,The Ensign Group,12,45,48,-3,0.0585549942175,0.0155362318841,-0.0430187623334,2026-09-21,2026-09-28,The Ensign Group moved from rank #45 to #48 across the watchlist at 12 months; return +5.9% to +1.6%.
overall_stock,stock,,ENSG,The Ensign Group,24,35,32,3,0.152790666843,0.215599195059,0.0628085282163,2026-09-21,2026-09-28,The Ensign Group moved from rank #35 to #32 across the watchlist at 24 months; return +15.3% to +21.6%.
overall_stock,stock,,EVH,Evolent Health,3,72,79,-7,-0.178173719376,-0.344827586207,-0.166653866831,2026-09-21,2026-09-28,Evolent Health moved from rank #72 to #79 across the watchlist at 3 months; return -17.8% to -34.5%.
overall_stock,stock,,EVH,Evolent Health,12,76,77,-1,-0.559665871122,-0.596648044693,-0.0369821735707,2026-09-21,2026-09-28,Evolent Health moved from rank #76 to #77 across the watchlist at 12 months; return -56.0% to -59.7%.
overall_stock,stock,,EVH,Evolent Health,24,79,79,0,-0.881121134021,-0.876791808874,0.00432932514728,2026-09-21,2026-09-28,Evolent Health moved from rank #79 to #79 across the watchlist at 24 months; return -88.1% to -87.7%.
overall_stock,stock,,FMS,Fresenius,3,62,47,15,-0.0589232725731,-0.0236660929432,0.0352571796299,2026-09-21,2026-09-28,Fresenius moved from rank #62 to #47 across the watchlist at 3 months; return -5.9% to -2.4%.
overall_stock,stock,,FMS,Fresenius,12,61,58,3,-0.122529644269,-0.112978889758,0.00955075451138,2026-09-21,2026-09-28,Fresenius moved from rank #61 to #58 across the watchlist at 12 months; return -12.3% to -11.3%.
overall_stock,stock,,FMS,Fresenius,24,39,42,-3,0.0962962962963,0.0647583294228,-0.0315379668735,2026-09-21,2026-09-28,Fresenius moved from rank #39 to #42 across the watchlist at 24 months; return +9.6% to +6.5%.
overall_stock,stock,,GDRX,GoodRx,3,17,18,-1,0.270676691729,0.196428571429,-0.0742481203004,2026-09-21,2026-09-28,GoodRx moved from rank #17 to #18 across the watchlist at 3 months; return +27.1% to +19.6%.
overall_stock,stock,,GDRX,GoodRx,12,64,62,2,-0.181598062954,-0.170792079208,0.0108059837461,2026-09-21,2026-09-28,GoodRx moved from rank #64 to #62 across the watchlist at 12 months; return -18.2% to -17.1%.
overall_stock,stock,,GDRX,GoodRx,24,70,71,-1,-0.510853835022,-0.510948905109,-9.50700874891e-05,2026-09-21,2026-09-28,GoodRx moved from rank #70 to #71 across the watchlist at 24 months; return -51.1% to -51.1%.
overall_stock,stock,,GH,Guardant Health,3,14,19,-5,0.361208074063,0.18784345262,-0.173364621443,2026-09-21,2026-09-28,Guardant Health moved from rank #14 to #19 across the watchlist at 3 months; return +36.1% to +18.8%.
overall_stock,stock,,GH,Guardant Health,12,4,4,0,2.03262890955,1.95269032151,-0.0799385880441,2026-09-21,2026-09-28,Guardant Health moved from rank #4 to #4 across the watchlist at 12 months; return +203.3% to +195.3%.
overall_stock,stock,,GH,Guardant Health,24,1,1,0,6.14946193703,6.74694055944,0.597478622411,2026-09-21,2026-09-28,Guardant Health moved from rank #1 to #1 across the watchlist at 24 months; return +614.9% to +674.7%.
overall_stock,stock,,HCA,HCA Healthcare,3,32,28,4,0.140043180425,0.112157883987,-0.0278852964381,2026-09-21,2026-09-28,HCA Healthcare moved from rank #32 to #28 across the watchlist at 3 months; return +14.0% to +11.2%.
overall_stock,stock,,HCA,HCA Healthcare,12,44,45,-1,0.0631618195377,0.039443542999,-0.0237182765387,2026-09-21,2026-09-28,HCA Healthcare moved from rank #44 to #45 across the watchlist at 12 months; return +6.3% to +3.9%.
overall_stock,stock,,HCA,HCA Healthcare,24,42,40,2,0.0569613996936,0.0801676254711,0.0232062257775,2026-09-21,2026-09-28,HCA Healthcare moved from rank #42 to #40 across the watchlist at 24 months; return +5.7% to +8.0%.
overall_stock,stock,,HCAT,Health Catalyst,3,50,59,-9,0.0287356321839,-0.0842105263158,-0.1129461585,2026-09-21,2026-09-28,Health Catalyst moved from rank #50 to #59 across the watchlist at 3 months; return +2.9% to -8.4%.
overall_stock,stock,,HCAT,Health Catalyst,12,70,71,-1,-0.38062283737,-0.378571428571,0.00205140879857,2026-09-21,2026-09-28,Health Catalyst moved from rank #70 to #71 across the watchlist at 12 months; return -38.1% to -37.9%.
overall_stock,stock,,HCAT,Health Catalyst,24,78,78,0,-0.794016110472,-0.790613718412,0.00340239206045,2026-09-21,2026-09-28,Health Catalyst moved from rank #78 to #78 across the watchlist at 24 months; return -79.4% to -79.1%.
overall_stock,stock,,HIMS,Hims & Hers,3,74,64,10,-0.210882435861,-0.133176193282,0.0777062425787,2026-09-21,2026-09-28,Hims & Hers moved from rank #74 to #64 across the watchlist at 3 months; return -21.1% to -13.3%.
overall_stock,stock,,HIMS,Hims & Hers,12,74,72,2,-0.515911449325,-0.496232876712,0.0196785726127,2026-09-21,2026-09-28,Hims & Hers moved from rank #74 to #72 across the watchlist at 12 months; return -51.6% to -49.6%.
overall_stock,stock,,HIMS,Hims & Hers,24,12,12,0,0.71717791411,0.655599324705,-0.0615785894054,2026-09-21,2026-09-28,Hims & Hers moved from rank #12 to #12 across the watchlist at 24 months; return +71.7% to +65.6%.
overall_stock,stock,,HQY,HealthEquity,3,37,43,-6,0.116535617885,-0.00237395432964,-0.118909572215,2026-09-21,2026-09-28,HealthEquity moved from rank #37 to #43 across the watchlist at 3 months; return +11.7% to -0.2%.
overall_stock,stock,,HQY,HealthEquity,12,51,56,-5,0.0149349263921,-0.0857764425567,-0.100711368949,2026-09-21,2026-09-28,HealthEquity moved from rank #51 to #56 across the watchlist at 12 months; return +1.5% to -8.6%.
overall_stock,stock,,HQY,HealthEquity,24,32,37,-5,0.196278134037,0.104091079695,-0.0921870543423,2026-09-21,2026-09-28,HealthEquity moved from rank #32 to #37 across the watchlist at 24 months; return +19.6% to +10.4%.
overall_stock,stock,,HSIC,Henry Schein,3,45,38,7,0.0615615615616,0.0167157151265,-0.0448458464351,2026-09-21,2026-09-28,Henry Schein moved from rank #45 to #38 across the watchlist at 3 months; return +6.2% to +1.7%.
overall_stock,stock,,HSIC,Henry Schein,12,30,24,6,0.250221043324,0.30744777475,0.0572267314262,2026-09-21,2026-09-28,Henry Schein moved from rank #30 to #24 across the watchlist at 12 months; return +25.0% to +30.7%.
overall_stock,stock,,HSIC,Henry Schein,24,33,34,-1,0.192410400562,0.179595738869,-0.0128146616928,2026-09-21,2026-09-28,Henry Schein moved from rank #33 to #34 across the watchlist at 24 months; return +19.2% to +18.0%.
overall_stock,stock,,HUM,Humana,3,41,35,6,0.0708997643144,0.0367080033347,-0.0341917609797,2026-09-21,2026-09-28,Humana moved from rank #41 to #35 across the watchlist at 3 months; return +7.1% to +3.7%.
overall_stock,stock,,HUM,Humana,12,17,16,1,0.528615530753,0.560815846244,0.0322003154914,2026-09-21,2026-09-28,Humana moved from rank #17 to #16 across the watchlist at 12 months; return +52.9% to +56.1%.
overall_stock,stock,,HUM,Humana,24,28,30,-2,0.244225379337,0.245204493538,0.000979114201192,2026-09-21,2026-09-28,Humana moved from rank #28 to #30 across the watchlist at 24 months; return +24.4% to +24.5%.
overall_stock,stock,,ILMN,Illumina,3,11,5,6,0.479775211511,0.529311809686,0.0495365981746,2026-09-21,2026-09-28,Illumina moved from rank #11 to #5 across the watchlist at 3 months; return +48.0% to +52.9%.
overall_stock,stock,,ILMN,Illumina,12,7,5,2,1.33206812652,1.94470498419,0.612636857666,2026-09-21,2026-09-28,Illumina moved from rank #7 to #5 across the watchlist at 12 months; return +133.2% to +194.5%.
overall_stock,stock,,ILMN,Illumina,24,10,7,3,0.82637195122,1.07500768521,0.248635733994,2026-09-21,2026-09-28,Illumina moved from rank #10 to #7 across the watchlist at 24 months; return +82.6% to +107.5%.
overall_stock,stock,,IQV,Iqvia,3,7,10,-3,0.588007391071,0.414512922465,-0.173494468606,2026-09-21,2026-09-28,Iqvia moved from rank #7 to #10 across the watchlist at 3 months; return +58.8% to +41.5%.
overall_stock,stock,,IQV,Iqvia,12,20,17,3,0.42303172738,0.505736244152,0.0827045167724,2026-09-21,2026-09-28,Iqvia moved from rank #20 to #17 across the watchlist at 12 months; return +42.3% to +50.6%.
overall_stock,stock,,IQV,Iqvia,24,38,35,3,0.100363456137,0.151539673751,0.051176217614,2026-09-21,2026-09-28,Iqvia moved from rank #38 to #35 across the watchlist at 24 months; return +10.0% to +15.2%.
overall_stock,stock,,LFMD,LifeMD,3,80,77,3,-0.322105263158,-0.280871670702,0.0412335924558,2026-09-21,2026-09-28,LifeMD moved from rank #80 to #77 across the watchlist at 3 months; return -32.2% to -28.1%.
overall_stock,stock,,LFMD,LifeMD,12,72,75,-3,-0.493710691824,-0.538102643857,-0.0443919520329,2026-09-21,2026-09-28,LifeMD moved from rank #72 to #75 across the watchlist at 12 months; return -49.4% to -53.8%.
overall_stock,stock,,LFMD,LifeMD,24,62,66,-4,-0.344195519348,-0.429942418426,-0.0857468990781,2026-09-21,2026-09-28,LifeMD moved from rank #62 to #66 across the watchlist at 24 months; return -34.4% to -43.0%.
overall_stock,stock,,LFST,Lifestance Health,3,12,22,-10,0.399777282851,0.151750972763,-0.248026310088,2026-09-21,2026-09-28,Lifestance Health moved from rank #12 to #22 across the watchlist at 3 months; return +40.0% to +15.2%.
overall_stock,stock,,LFST,Lifestance Health,12,5,8,-3,1.4034416826,1.18450184502,-0.218939837582,2026-09-21,2026-09-28,Lifestance Health moved from rank #5 to #8 across the watchlist at 12 months; return +140.3% to +118.5%.
overall_stock,stock,,LFST,Lifestance Health,24,8,11,-3,0.845814977974,0.706051873199,-0.139763104775,2026-09-21,2026-09-28,Lifestance Health moved from rank #8 to #11 across the watchlist at 24 months; return +84.6% to +70.6%.
overall_stock,stock,,LH,Labcorp Holdings,3,20,23,-3,0.253654913611,0.140604855048,-0.113050058563,2026-09-21,2026-09-28,Labcorp Holdings moved from rank #20 to #23 across the watchlist at 3 months; return +25.4% to +14.1%.
overall_stock,stock,,LH,Labcorp Holdings,12,35,38,-3,0.156670393479,0.103453191262,-0.0532172022171,2026-09-21,2026-09-28,Labcorp Holdings moved from rank #35 to #38 across the watchlist at 12 months; return +15.7% to +10.3%.
overall_stock,stock,,LH,Labcorp Holdings,24,20,23,-3,0.443209432094,0.394146780729,-0.0490626513646,2026-09-21,2026-09-28,Labcorp Holdings moved from rank #20 to #23 across the watchlist at 24 months; return +44.3% to +39.4%.
overall_stock,stock,,MCK,McKesson,3,28,25,3,0.16522121418,0.135073541931,-0.0301476722487,2026-09-21,2026-09-28,McKesson moved from rank #28 to #25 across the watchlist at 3 months; return +16.5% to +13.5%.
overall_stock,stock,,MCK,McKesson,12,29,35,-6,0.252523950681,0.139491157715,-0.113032792966,2026-09-21,2026-09-28,McKesson moved from rank #29 to #35 across the watchlist at 12 months; return +25.3% to +13.9%.
overall_stock,stock,,MCK,McKesson,24,11,10,1,0.721751968504,0.774992319508,0.0532403510044,2026-09-21,2026-09-28,McKesson moved from rank #11 to #10 across the watchlist at 24 months; return +72.2% to +77.5%.
overall_stock,stock,,MDRX,Veradigm,3,57,53,4,0,-0.0588235294118,-0.0588235294118,2026-09-21,2026-09-28,Veradigm moved from rank #57 to #53 across the watchlist at 3 months; return +0.0% to -5.9%.
overall_stock,stock,,MDRX,Veradigm,12,49,46,3,0.0300429184549,0.0322580645161,0.00221514606123,2026-09-21,2026-09-28,Veradigm moved from rank #49 to #46 across the watchlist at 12 months; return +3.0% to +3.2%.
overall_stock,stock,,MDRX,Veradigm,24,69,69,0,-0.507692307692,-0.494736842105,0.0129554655867,2026-09-21,2026-09-28,Veradigm moved from rank #69 to #69 across the watchlist at 24 months; return -50.8% to -49.5%.
overall_stock,stock,,MOH,Molina Healthcare,3,51,68,-17,0.0277422326867,-0.169234787151,-0.196977019837,2026-09-21,2026-09-28,Molina Healthcare moved from rank #51 to #68 across the watchlist at 3 months; return +2.8% to -16.9%.
overall_stock,stock,,MOH,Molina Healthcare,12,36,50,-14,0.146454265159,-0.00583394103552,-0.152288206195,2026-09-21,2026-09-28,Molina Healthcare moved from rank #36 to #50 across the watchlist at 12 months; return +14.6% to -0.6%.
overall_stock,stock,,MOH,Molina Healthcare,24,67,67,0,-0.428632405668,-0.441701281226,-0.0130688755582,2026-09-21,2026-09-28,Molina Healthcare moved from rank #67 to #67 across the watchlist at 24 months; return -42.9% to -44.2%.
overall_stock,stock,,MPT,Medical Properties Trust,3,78,74,4,-0.24944812362,-0.211920529801,0.0375275938187,2026-09-21,2026-09-28,Medical Properties Trust moved from rank #78 to #74 across the watchlist at 3 months; return -24.9% to -21.2%.
overall_stock,stock,,MPT,Medical Properties Trust,12,,,,,,,2026-09-21,2026-09-28,Medical Properties Trust moved from rank unavailable across the watchlist at 12 months; return unavailable.
overall_stock,stock,,MPT,Medical Properties Trust,24,,,,,,,2026-09-21,2026-09-28,Medical Properties Trust moved from rank unavailable across the watchlist at 24 months; return unavailable.
overall_stock,stock,,NEO,NeoGenomics,3,2,12,-10,0.788858939802,0.364149611856,-0.424709327946,2026-09-21,2026-09-28,NeoGenomics moved from rank #2 to #12 across the watchlist at 3 months; return +78.9% to +36.4%.
overall_stock,stock,,NEO,NeoGenomics,12,6,7,-1,1.33685446009,1.43757881463,0.100724354538,2026-09-21,2026-09-28,NeoGenomics moved from rank #6 to #7 across the watchlist at 12 months; return +133.7% to +143.8%.
overall_stock,stock,,NEO,NeoGenomics,24,30,26,4,0.222972972973,0.333103448276,0.110130475303,2026-09-21,2026-09-28,NeoGenomics moved from rank #30 to #26 across the watchlist at 24 months; return +22.3% to +33.3%.
overall_stock,stock,,NHI,National Health Investors,3,60,65,-5,-0.0426433210957,-0.137072856222,-0.0944295351261,2026-09-21,2026-09-28,National Health Investors moved from rank #60 to #65 across the watchlist at 3 months; return -4.3% to -13.7%.
overall_stock,stock,,NHI,National Health Investors,12,62,61,1,-0.136415743217,-0.161928616155,-0.0255128729383,2026-09-21,2026-09-28,National Health Investors moved from rank #62 to #61 across the watchlist at 12 months; return -13.6% to -16.2%.
overall_stock,stock,,NHI,National Health Investors,24,52,53,-1,-0.185096153846,-0.193637787685,-0.00854163383926,2026-09-21,2026-09-28,National Health Investors moved from rank #52 to #53 across the watchlist at 24 months; return -18.5% to -19.4%.
overall_stock,stock,,NTRA,Natera,3,6,3,3,0.596257724385,0.575197586957,-0.0210601374276,2026-09-21,2026-09-28,Natera moved from rank #6 to #3 across the watchlist at 3 months; return +59.6% to +57.5%.
overall_stock,stock,,NTRA,Natera,12,12,6,6,1.03958919993,1.53150886666,0.491919666733,2026-09-21,2026-09-28,Natera moved from rank #12 to #6 across the watchlist at 12 months; return +104.0% to +153.2%.
overall_stock,stock,,NTRA,Natera,24,4,4,0,1.8908279856,2.28157811009,0.390750124486,2026-09-21,2026-09-28,Natera moved from rank #4 to #4 across the watchlist at 24 months; return +189.1% to +228.2%.
overall_stock,stock,,OHI,Omega Healthcare Investors,3,47,49,-2,0.0478329216259,-0.037037037037,-0.0848699586629,2026-09-21,2026-09-28,Omega Healthcare Investors moved from rank #47 to #49 across the watchlist at 3 months; return +4.8% to -3.7%.
overall_stock,stock,,OHI,Omega Healthcare Investors,12,37,37,0,0.123525162533,0.106118546845,-0.0174066156879,2026-09-21,2026-09-28,Omega Healthcare Investors moved from rank #37 to #37 across the watchlist at 12 months; return +12.4% to +10.6%.
overall_stock,stock,,OHI,Omega Healthcare Investors,24,34,36,-2,0.154664686959,0.147532853955,-0.00713183300413,2026-09-21,2026-09-28,Omega Healthcare Investors moved from rank #34 to #36 across the watchlist at 24 months; return +15.5% to +14.8%.
overall_stock,stock,,OMCL,Omnicell,3,71,67,4,-0.174647887324,-0.16122601545,0.0134218718742,2026-09-21,2026-09-28,Omnicell moved from rank #71 to #67 across the watchlist at 3 months; return -17.5% to -16.1%.
overall_stock,stock,,OMCL,Omnicell,12,50,39,11,0.0283982131461,0.095703125,0.0673049118539,2026-09-21,2026-09-28,Omnicell moved from rank #50 to #39 across the watchlist at 12 months; return +2.8% to +9.6%.
overall_stock,stock,,OMCL,Omnicell,24,60,54,6,-0.277678171224,-0.217573221757,0.0601049494667,2026-09-21,2026-09-28,Omnicell moved from rank #60 to #54 across the watchlist at 24 months; return -27.8% to -21.8%.
overall_stock,stock,,OMDA,Omada Health,3,29,54,-25,0.158163265306,-0.0588798468167,-0.217043112123,2026-09-21,2026-09-28,Omada Health moved from rank #29 to #54 across the watchlist at 3 months; return +15.8% to -5.9%.
overall_stock,stock,,OMDA,Omada Health,12,58,59,-1,-0.100792253521,-0.136962247586,-0.0361699940646,2026-09-21,2026-09-28,Omada Health moved from rank #58 to #59 across the watchlist at 12 months; return -10.1% to -13.7%.
overall_stock,stock,,OMDA,Omada Health,24,,,,,,,2026-09-21,2026-09-28,Omada Health moved from rank unavailable across the watchlist at 24 months; return unavailable.
overall_stock,stock,,OPCH,Option Care Health,3,39,33,6,0.105047748977,0.0572868927589,-0.0477608562181,2026-09-21,2026-09-28,Option Care Health moved from rank #39 to #33 across the watchlist at 3 months; return +10.5% to +5.7%.
overall_stock,stock,,OPCH,Option Care Health,12,63,60,3,-0.141646061462,-0.154945054945,-0.0132989934831,2026-09-21,2026-09-28,Option Care Health moved from rank #63 to #60 across the watchlist at 12 months; return -14.2% to -15.5%.
overall_stock,stock,,OPCH,Option Care Health,24,55,59,-4,-0.238244514107,-0.265754296626,-0.0275097825194,2026-09-21,2026-09-28,Option Care Health moved from rank #55 to #59 across the watchlist at 24 months; return -23.8% to -26.6%.
overall_stock,stock,,ORCL,Oracle-Cerner,3,73,57,16,-0.199034130989,-0.0769541506766,0.122079980312,2026-09-21,2026-09-28,Oracle-Cerner moved from rank #73 to #57 across the watchlist at 3 months; return -19.9% to -7.7%.
overall_stock,stock,,ORCL,Oracle-Cerner,12,75,73,2,-0.521771528543,-0.516333874268,0.00543765427503,2026-09-21,2026-09-28,Oracle-Cerner moved from rank #75 to #73 across the watchlist at 12 months; return -52.2% to -51.6%.
overall_stock,stock,,ORCL,Oracle-Cerner,24,49,52,-3,-0.121369047619,-0.187507407846,-0.0661383602274,2026-09-21,2026-09-28,Oracle-Cerner moved from rank #49 to #52 across the watchlist at 24 months; return -12.1% to -18.8%.
overall_stock,stock,,OSCR,Oscar Health,3,36,44,-8,0.131338028169,-0.00637797918765,-0.137716007357,2026-09-21,2026-09-28,Oscar Health moved from rank #36 to #44 across the watchlist at 3 months; return +13.1% to -0.6%.
overall_stock,stock,,OSCR,Oscar Health,12,14,14,0,0.693726937269,0.606948968512,-0.0867779687565,2026-09-21,2026-09-28,Oscar Health moved from rank #14 to #14 across the watchlist at 12 months; return +69.4% to +60.7%.
overall_stock,stock,,OSCR,Oscar Health,24,22,22,0,0.401221107719,0.41019533111,0.00897422339105,2026-09-21,2026-09-28,Oscar Health moved from rank #22 to #22 across the watchlist at 24 months; return +40.1% to +41.0%.
overall_stock,stock,,PACB,PacBio,3,59,46,13,-0.0214285714286,-0.0181818181818,0.00324675324678,2026-09-21,2026-09-28,PacBio moved from rank #59 to #46 across the watchlist at 3 months; return -2.1% to -1.8%.
overall_stock,stock,,PACB,PacBio,12,42,22,20,0.0787401574803,0.338842975207,0.260102817726,2026-09-21,2026-09-28,PacBio moved from rank #42 to #22 across the watchlist at 12 months; return +7.9% to +33.9%.
overall_stock,stock,,PACB,PacBio,24,57,45,12,-0.249315068493,-0.0742857142857,0.175029354207,2026-09-21,2026-09-28,PacBio moved from rank #57 to #45 across the watchlist at 24 months; return -24.9% to -7.4%.
overall_stock,stock,,PACS,PACS Group,3,31,45,-14,0.151134189669,-0.0140845070423,-0.165218696711,2026-09-21,2026-09-28,PACS Group moved from rank #31 to #45 across the watchlist at 3 months; return +15.1% to -1.4%.
overall_stock,stock,,PACS,PACS Group,12,2,3,-1,2.51879699248,1.95422031474,-0.564576677745,2026-09-21,2026-09-28,PACS Group moved from rank #2 to #3 across the watchlist at 12 months; return +251.9% to +195.4%.
overall_stock,stock,,PACS,PACS Group,24,43,43,0,0.0331125827815,0.0439838220425,0.010871239261,2026-09-21,2026-09-28,PACS Group moved from rank #43 to #43 across the watchlist at 24 months; return +3.3% to +4.4%.
overall_stock,stock,,PGNY,Progyny,3,48,62,-14,0.0402607361963,-0.107681515258,-0.147942251454,2026-09-21,2026-09-28,Progyny moved from rank #48 to #62 across the watchlist at 3 months; return +4.0% to -10.8%.
overall_stock,stock,,PGNY,Progyny,12,28,32,-4,0.254856614246,0.185461323392,-0.0693952908536,2026-09-21,2026-09-28,Progyny moved from rank #28 to #32 across the watchlist at 12 months; return +25.5% to +18.5%.
overall_stock,stock,,PGNY,Progyny,24,13,18,-5,0.632370637786,0.514285714286,-0.1180849235,2026-09-21,2026-09-28,Progyny moved from rank #13 to #18 across the watchlist at 24 months; return +63.2% to +51.4%.
overall_stock,stock,,PHR,Phreesia,3,42,40,2,0.0703624733475,0.00794438927507,-0.0624180840724,2026-09-21,2026-09-28,Phreesia moved from rank #42 to #40 across the watchlist at 3 months; return +7.0% to +0.8%.
overall_stock,stock,,PHR,Phreesia,12,77,76,1,-0.579388353582,-0.570279424217,0.00910892936523,2026-09-21,2026-09-28,Phreesia moved from rank #77 to #76 across the watchlist at 12 months; return -57.9% to -57.0%.
overall_stock,stock,,PHR,Phreesia,24,72,73,-1,-0.574395930479,-0.553257042254,0.0211388882255,2026-09-21,2026-09-28,Phreesia moved from rank #72 to #73 across the watchlist at 24 months; return -57.4% to -55.3%.
overall_stock,stock,,PIII,P3 Health,3,79,80,-1,-0.286511627907,-0.376657824934,-0.0901461970267,2026-09-21,2026-09-28,P3 Health moved from rank #79 to #80 across the watchlist at 3 months; return -28.7% to -37.7%.
overall_stock,stock,,PIII,P3 Health,12,57,67,-10,-0.0691747572816,-0.277663934426,-0.208489177145,2026-09-21,2026-09-28,P3 Health moved from rank #57 to #67 across the watchlist at 12 months; return -6.9% to -27.8%.
overall_stock,stock,,PIII,P3 Health,24,75,75,0,-0.643255813953,-0.640306122449,0.00294969150402,2026-09-21,2026-09-28,P3 Health moved from rank #75 to #75 across the watchlist at 24 months; return -64.3% to -64.0%.
overall_stock,stock,,PNTG,Pennant Group,3,25,24,1,0.18480861244,0.135338345865,-0.0494702665753,2026-09-21,2026-09-28,Pennant Group moved from rank #25 to #24 across the watchlist at 3 months; return +18.5% to +13.5%.
overall_stock,stock,,PNTG,Pennant Group,12,16,15,1,0.642620232172,0.605118110236,-0.0375021219358,2026-09-21,2026-09-28,Pennant Group moved from rank #16 to #15 across the watchlist at 12 months; return +64.3% to +60.5%.
overall_stock,stock,,PNTG,Pennant Group,24,37,33,4,0.110426008969,0.185519046234,0.0750930372654,2026-09-21,2026-09-28,Pennant Group moved from rank #37 to #33 across the watchlist at 24 months; return +11.0% to +18.6%.
overall_stock,stock,,PRVA,Privia Health Group,3,70,75,-5,-0.161385720321,-0.229174814235,-0.0677890939144,2026-09-21,2026-09-28,Privia Health Group moved from rank #70 to #75 across the watchlist at 3 months; return -16.1% to -22.9%.
overall_stock,stock,,PRVA,Privia Health Group,12,59,63,-4,-0.112650871703,-0.177378964942,-0.0647280932386,2026-09-21,2026-09-28,Privia Health Group moved from rank #59 to #63 across the watchlist at 12 months; return -11.3% to -17.7%.
overall_stock,stock,,PRVA,Privia Health Group,24,41,39,2,0.0586666666667,0.0901548672566,0.0314882005899,2026-09-21,2026-09-28,Privia Health Group moved from rank #41 to #39 across the watchlist at 24 months; return +5.9% to +9.0%.
overall_stock,stock,,QDEL,QuidelOrtho,3,77,73,4,-0.223116313094,-0.206671501088,0.0164448120063,2026-09-21,2026-09-28,QuidelOrtho moved from rank #77 to #73 across the watchlist at 3 months; return -22.3% to -20.7%.
overall_stock,stock,,QDEL,QuidelOrtho,12,78,78,0,-0.630993745657,-0.613836921991,0.0171568236662,2026-09-21,2026-09-28,QuidelOrtho moved from rank #78 to #78 across the watchlist at 12 months; return -63.1% to -61.4%.
overall_stock,stock,,QDEL,QuidelOrtho,24,76,76,0,-0.766079295154,-0.759824368825,0.00625492632853,2026-09-21,2026-09-28,QuidelOrtho moved from rank #76 to #76 across the watchlist at 24 months; return -76.6% to -76.0%.
overall_stock,stock,,SBRA,Sabra Health Care REIT,3,40,39,1,0.0894039735099,0.0158648925281,-0.0735390809818,2026-09-21,2026-09-28,Sabra Health Care REIT moved from rank #40 to #39 across the watchlist at 3 months; return +8.9% to +1.6%.
overall_stock,stock,,SBRA,Sabra Health Care REIT,12,46,44,2,0.0550507749866,0.0541688794477,-0.00088189553891,2026-09-21,2026-09-28,Sabra Health Care REIT moved from rank #46 to #44 across the watchlist at 12 months; return +5.5% to +5.4%.
overall_stock,stock,,SBRA,Sabra Health Care REIT,24,40,41,-1,0.0590128755365,0.076464208243,0.0174513327065,2026-09-21,2026-09-28,Sabra Health Care REIT moved from rank #40 to #41 across the watchlist at 24 months; return +5.9% to +7.6%.
overall_stock,stock,,SGRY,Surgery Partners,3,64,60,4,-0.0893470790378,-0.0897597977244,-0.000412718686599,2026-09-21,2026-09-28,Surgery Partners moved from rank #64 to #60 across the watchlist at 3 months; return -8.9% to -9.0%.
overall_stock,stock,,SGRY,Surgery Partners,12,71,68,3,-0.387141535615,-0.340961098398,0.0461804372168,2026-09-21,2026-09-28,Surgery Partners moved from rank #71 to #68 across the watchlist at 12 months; return -38.7% to -34.1%.
overall_stock,stock,,SGRY,Surgery Partners,24,73,72,1,-0.593183911575,-0.548872180451,0.0443117311239,2026-09-21,2026-09-28,Surgery Partners moved from rank #73 to #72 across the watchlist at 24 months; return -59.3% to -54.9%.
overall_stock,stock,,SOLV,Solventum,3,26,27,-1,0.17778072385,0.125361498805,-0.0524192250445,2026-09-21,2026-09-28,Solventum moved from rank #26 to #27 across the watchlist at 3 months; return +17.8% to +12.5%.
overall_stock,stock,,SOLV,Solventum,12,33,27,6,0.205100379816,0.254028303209,0.0489279233926,2026-09-21,2026-09-28,Solventum moved from rank #33 to #27 across the watchlist at 12 months; return +20.5% to +25.4%.
overall_stock,stock,,SOLV,Solventum,24,27,28,-1,0.27005003574,0.324552316117,0.0545022803766,2026-09-21,2026-09-28,Solventum moved from rank #27 to #28 across the watchlist at 24 months; return +27.0% to +32.5%.
overall_stock,stock,,TALK,Talkspace,3,55,41,14,0.00767754318618,0.00574712643678,-0.0019304167494,2026-09-21,2026-09-28,Talkspace moved from rank #55 to #41 across the watchlist at 3 months; return +0.8% to +0.6%.
overall_stock,stock,,TALK,Talkspace,12,10,11,-1,1.05078125,0.888489208633,-0.162292041367,2026-09-21,2026-09-28,Talkspace moved from rank #10 to #11 across the watchlist at 12 months; return +105.1% to +88.8%.
overall_stock,stock,,TALK,Talkspace,24,6,5,1,1.39726027397,1.58620689655,0.188946622582,2026-09-21,2026-09-28,Talkspace moved from rank #6 to #5 across the watchlist at 24 months; return +139.7% to +158.6%.
overall_stock,stock,,TDOC,Teladoc,3,76,76,0,-0.219330855019,-0.274135876043,-0.0548050210239,2026-09-21,2026-09-28,Teladoc moved from rank #76 to #76 across the watchlist at 3 months; return -21.9% to -27.4%.
overall_stock,stock,,TDOC,Teladoc,12,66,66,0,-0.207547169811,-0.253676470588,-0.0461293007772,2026-09-21,2026-09-28,Teladoc moved from rank #66 to #66 across the watchlist at 12 months; return -20.8% to -25.4%.
overall_stock,stock,,TDOC,Teladoc,24,61,60,1,-0.28,-0.280141843972,-0.000141843971631,2026-09-21,2026-09-28,Teladoc moved from rank #61 to #60 across the watchlist at 24 months; return -28.0% to -28.0%.
overall_stock,stock,,TEM,Tempus AI,3,8,6,2,0.531077891424,0.514250089063,-0.0168278023609,2026-09-21,2026-09-28,Tempus AI moved from rank #8 to #6 across the watchlist at 3 months; return +53.1% to +51.4%.
overall_stock,stock,,TEM,Tempus AI,12,60,41,19,-0.11786038078,0.0832059123344,0.201066293114,2026-09-21,2026-09-28,Tempus AI moved from rank #60 to #41 across the watchlist at 12 months; return -11.8% to +8.3%.
overall_stock,stock,,TEM,Tempus AI,24,21,15,6,0.430093698328,0.578937592868,0.14884389454,2026-09-21,2026-09-28,Tempus AI moved from rank #21 to #15 across the watchlist at 24 months; return +43.0% to +57.9%.
overall_stock,stock,,THC,Tenet Health,3,10,11,-1,0.518166541114,0.374126984127,-0.144039556987,2026-09-21,2026-09-28,Tenet Health moved from rank #10 to #11 across the watchlist at 3 months; return +51.8% to +37.4%.
overall_stock,stock,,THC,Tenet Health,12,23,25,-2,0.377879457242,0.285693069307,-0.0921863879351,2026-09-21,2026-09-28,Tenet Health moved from rank #23 to #25 across the watchlist at 12 months; return +37.8% to +28.6%.
overall_stock,stock,,THC,Tenet Health,24,15,14,1,0.586279970937,0.59116529837,0.0048853274333,2026-09-21,2026-09-28,Tenet Health moved from rank #15 to #14 across the watchlist at 24 months; return +58.6% to +59.1%.
overall_stock,stock,,TXG,10x Genomics,3,1,1,0,1.20399942454,1.33224489796,0.128245473419,2026-09-21,2026-09-28,10x Genomics moved from rank #1 to #1 across the watchlist at 3 months; return +120.4% to +133.2%.
overall_stock,stock,,TXG,10x Genomics,12,1,1,0,4.87423312883,6.31313993174,1.43890680291,2026-09-21,2026-09-28,10x Genomics moved from rank #1 to #1 across the watchlist at 12 months; return +487.4% to +631.3%.
overall_stock,stock,,TXG,10x Genomics,24,3,2,1,2.37742504409,2.78076753419,0.403342490096,2026-09-21,2026-09-28,10x Genomics moved from rank #3 to #2 across the watchlist at 24 months; return +237.7% to +278.1%.
overall_stock,stock,,UHS,Universal Health Services,3,21,16,5,0.251611532195,0.227675200769,-0.0239363314262,2026-09-21,2026-09-28,Universal Health Services moved from rank #21 to #16 across the watchlist at 3 months; return +25.2% to +22.8%.
overall_stock,stock,,UHS,Universal Health Services,12,56,57,-1,-0.0633481764207,-0.109484690067,-0.0461365136465,2026-09-21,2026-09-28,Universal Health Services moved from rank #56 to #57 across the watchlist at 12 months; return -6.3% to -10.9%.
overall_stock,stock,,UHS,Universal Health Services,24,58,56,2,-0.257667422906,-0.222077244259,0.0355901786471,2026-09-21,2026-09-28,Universal Health Services moved from rank #58 to #56 across the watchlist at 24 months; return -25.8% to -22.2%.
overall_stock,stock,,UNH,UnitedHealth,3,63,63,0,-0.0600059856345,-0.119890626095,-0.059884640461,2026-09-21,2026-09-28,UnitedHealth moved from rank #63 to #63 across the watchlist at 3 months; return -6.0% to -12.0%.
overall_stock,stock,,UNH,UnitedHealth,12,38,40,-2,0.11942736642,0.0944838409672,-0.0249435254528,2026-09-21,2026-09-28,UnitedHealth moved from rank #38 to #40 across the watchlist at 12 months; return +11.9% to +9.4%.
overall_stock,stock,,UNH,UnitedHealth,24,63,62,1,-0.34452173913,-0.352771332818,-0.00824959368774,2026-09-21,2026-09-28,UnitedHealth moved from rank #63 to #62 across the watchlist at 24 months; return -34.5% to -35.3%.
overall_stock,stock,,USPH,US Physical Therapy,3,15,15,0,0.302432090967,0.233498109916,-0.0689339810513,2026-09-21,2026-09-28,US Physical Therapy moved from rank #15 to #15 across the watchlist at 3 months; return +30.2% to +23.3%.
overall_stock,stock,,USPH,US Physical Therapy,12,47,47,0,0.0508409785933,0.0172661870504,-0.0335747915429,2026-09-21,2026-09-28,US Physical Therapy moved from rank #47 to #47 across the watchlist at 12 months; return +5.1% to +1.7%.
overall_stock,stock,,USPH,US Physical Therapy,24,45,44,1,-0.00972622478386,0.00545152879829,0.0151777535822,2026-09-21,2026-09-28,US Physical Therapy moved from rank #45 to #44 across the watchlist at 24 months; return -1.0% to +0.5%.
overall_stock,stock,,VEEV,Veeva Systems,3,4,2,2,0.697390737117,0.637955182073,-0.0594355550442,2026-09-21,2026-09-28,Veeva Systems moved from rank #4 to #2 across the watchlist at 3 months; return +69.7% to +63.8%.
overall_stock,stock,,VEEV,Veeva Systems,12,55,52,3,-0.0632852154505,-0.0330382058084,0.0302470096421,2026-09-21,2026-09-28,Veeva Systems moved from rank #55 to #52 across the watchlist at 12 months; return -6.3% to -3.3%.
overall_stock,stock,,VEEV,Veeva Systems,24,31,27,4,0.210954951601,0.331183305668,0.120228354067,2026-09-21,2026-09-28,Veeva Systems moved from rank #31 to #27 across the watchlist at 24 months; return +21.1% to +33.1%.
overall_stock,stock,,VTR,"Ventas, Inc",3,44,48,-4,0.0623774509804,-0.0276249298147,-0.0900023807951,2026-09-21,2026-09-28,"Ventas, Inc moved from rank #44 to #48 across the watchlist at 3 months; return +6.2% to -2.8%."
overall_stock,stock,,VTR,"Ventas, Inc",12,26,26,0,0.291374944138,0.254927536232,-0.0364474079061,2026-09-21,2026-09-28,"Ventas, Inc moved from rank #26 to #26 across the watchlist at 12 months; return +29.1% to +25.5%."
overall_stock,stock,,VTR,"Ventas, Inc",24,23,25,-2,0.394402444909,0.356359649123,-0.0380427957862,2026-09-21,2026-09-28,"Ventas, Inc moved from rank #23 to #25 across the watchlist at 24 months; return +39.4% to +35.6%."
overall_stock,stock,,WAY,Waystar,3,13,14,-1,0.389279913373,0.241206030151,-0.148073883222,2026-09-21,2026-09-28,Waystar moved from rank #13 to #14 across the watchlist at 3 months; return +38.9% to +24.1%.
overall_stock,stock,,WAY,Waystar,12,68,69,-1,-0.321164021164,-0.342385516507,-0.0212214953429,2026-09-21,2026-09-28,Waystar moved from rank #68 to #69 across the watchlist at 12 months; return -32.1% to -34.2%.
overall_stock,stock,,WAY,Waystar,24,46,47,-1,-0.0611050128064,-0.11087113031,-0.0497661175032,2026-09-21,2026-09-28,Waystar moved from rank #46 to #47 across the watchlist at 24 months; return -6.1% to -11.1%.
overall_stock,stock,,WELL,Welltower,3,38,37,1,0.107524800387,0.0177715215766,-0.0897532788104,2026-09-21,2026-09-28,Welltower moved from rank #38 to #37 across the watchlist at 3 months; return +10.8% to +1.8%.
overall_stock,stock,,WELL,Welltower,12,22,23,-1,0.385495490042,0.322870211549,-0.0626252784925,2026-09-21,2026-09-28,Welltower moved from rank #22 to #23 across the watchlist at 12 months; return +38.5% to +32.3%.
overall_stock,stock,,WELL,Welltower,24,9,9,0,0.827013650515,0.818946540881,-0.0080671096345,2026-09-21,2026-09-28,Welltower moved from rank #9 to #9 across the watchlist at 24 months; return +82.7% to +81.9%.
