change_type,entity_type,category,ticker,name,horizon_months,previous_rank,current_rank,rank_delta,previous_return,current_return,return_delta,previous_report_date,current_report_date,detail
category_performance,category,"Digital Health, Specialty, Benefits",,"Digital Health, Specialty, Benefits",12,9,9,0,0.0202381436459,0.0150046193845,-0.00523352426137,2026-09-07,2026-09-14,"Digital Health, Specialty, Benefits moved from rank #9 to #9 among subcategories at 12 months; return +2.0% to +1.5%."
category_performance,category,"Digital Health, Specialty, Benefits",,"Digital Health, Specialty, Benefits",24,5,5,0,0.471223935201,0.366907351353,-0.104316583848,2026-09-07,2026-09-14,"Digital Health, Specialty, Benefits moved from rank #5 to #5 among subcategories at 24 months; return +47.1% to +36.7%."
category_performance,category,"Digital Health, Specialty, Benefits",,"Digital Health, Specialty, Benefits",3,5,5,0,0.1176765585,0.0864980068119,-0.0311785516881,2026-09-07,2026-09-14,"Digital Health, Specialty, Benefits moved from rank #5 to #5 among subcategories at 3 months; return +11.8% to +8.6%."
category_performance,category,Health Care Real Estate,,Health Care Real Estate,12,6,5,1,0.334935901848,0.319599570958,-0.0153363308899,2026-09-07,2026-09-14,Health Care Real Estate moved from rank #6 to #5 among subcategories at 12 months; return +33.5% to +32.0%.
category_performance,category,Health Care Real Estate,,Health Care Real Estate,24,4,4,0,0.665775471775,0.597853853484,-0.0679216182914,2026-09-07,2026-09-14,Health Care Real Estate moved from rank #4 to #4 among subcategories at 24 months; return +66.6% to +59.8%.
category_performance,category,Health Care Real Estate,,Health Care Real Estate,3,6,6,0,0.113046736037,0.0749744156313,-0.0380723204057,2026-09-07,2026-09-14,Health Care Real Estate moved from rank #6 to #6 among subcategories at 3 months; return +11.3% to +7.5%.
category_performance,category,Health IT and Data,,Health IT and Data,12,10,10,0,-0.217894953631,-0.360293427126,-0.142398473495,2026-09-07,2026-09-14,Health IT and Data moved from rank #10 to #10 among subcategories at 12 months; return -21.8% to -36.0%.
category_performance,category,Health IT and Data,,Health IT and Data,24,7,8,-1,0.12972246573,-0.0332633153505,-0.162985781081,2026-09-07,2026-09-14,Health IT and Data moved from rank #7 to #8 among subcategories at 24 months; return +13.0% to -3.3%.
category_performance,category,Health IT and Data,,Health IT and Data,3,10,9,1,-0.11689259699,-0.0570511746516,0.0598414223384,2026-09-07,2026-09-14,Health IT and Data moved from rank #10 to #9 among subcategories at 3 months; return -11.7% to -5.7%.
category_performance,category,Health System Providers,,Health System Providers,12,8,8,0,0.0214420467447,0.0924950600728,0.0710530133281,2026-09-07,2026-09-14,Health System Providers moved from rank #8 to #8 among subcategories at 12 months; return +2.1% to +9.2%.
category_performance,category,Health System Providers,,Health System Providers,24,8,6,2,0.127150492279,0.138303753172,0.0111532608933,2026-09-07,2026-09-14,Health System Providers moved from rank #8 to #6 among subcategories at 24 months; return +12.7% to +13.8%.
category_performance,category,Health System Providers,,Health System Providers,3,2,3,-1,0.190887760315,0.18048793382,-0.0103998264953,2026-09-07,2026-09-14,Health System Providers moved from rank #2 to #3 among subcategories at 3 months; return +19.1% to +18.0%.
category_performance,category,Inpatient Non-Acute Providers,,Inpatient Non-Acute Providers,12,2,2,0,0.649281766077,0.858125314328,0.208843548251,2026-09-07,2026-09-14,Inpatient Non-Acute Providers moved from rank #2 to #2 among subcategories at 12 months; return +64.9% to +85.8%.
category_performance,category,Inpatient Non-Acute Providers,,Inpatient Non-Acute Providers,24,6,7,-1,0.141633731763,0.119968984206,-0.0216647475569,2026-09-07,2026-09-14,Inpatient Non-Acute Providers moved from rank #6 to #7 among subcategories at 24 months; return +14.2% to +12.0%.
category_performance,category,Inpatient Non-Acute Providers,,Inpatient Non-Acute Providers,3,7,2,5,0.108288464679,0.191853119685,0.0835646550056,2026-09-07,2026-09-14,Inpatient Non-Acute Providers moved from rank #7 to #2 among subcategories at 3 months; return +10.8% to +19.2%.
category_performance,category,Outpatient and Home Providers,,Outpatient and Home Providers,12,4,4,0,0.461714683925,0.420157375477,-0.041557308448,2026-09-07,2026-09-14,Outpatient and Home Providers moved from rank #4 to #4 among subcategories at 12 months; return +46.2% to +42.0%.
category_performance,category,Outpatient and Home Providers,,Outpatient and Home Providers,24,2,2,0,0.855177525387,0.720767044748,-0.134410480639,2026-09-07,2026-09-14,Outpatient and Home Providers moved from rank #2 to #2 among subcategories at 24 months; return +85.5% to +72.1%.
category_performance,category,Outpatient and Home Providers,,Outpatient and Home Providers,3,4,7,-3,0.132129788532,0.0588849733254,-0.0732448152066,2026-09-07,2026-09-14,Outpatient and Home Providers moved from rank #4 to #7 among subcategories at 3 months; return +13.2% to +5.9%.
category_performance,category,Payers,,Payers,12,7,7,0,0.287872494311,0.190861908404,-0.0970105859068,2026-09-07,2026-09-14,Payers moved from rank #7 to #7 among subcategories at 12 months; return +28.8% to +19.1%.
category_performance,category,Payers,,Payers,24,10,10,0,-0.0778717698835,-0.101753118753,-0.0238813488691,2026-09-07,2026-09-14,Payers moved from rank #10 to #10 among subcategories at 24 months; return -7.8% to -10.2%.
category_performance,category,Payers,,Payers,3,8,8,0,0.0100060560251,-0.0436898176978,-0.0536958737229,2026-09-07,2026-09-14,Payers moved from rank #8 to #8 among subcategories at 3 months; return +1.0% to -4.4%.
category_performance,category,Pharma Distribution,,Pharma Distribution,12,5,6,-1,0.347859009206,0.265556457701,-0.0823025515048,2026-09-07,2026-09-14,Pharma Distribution moved from rank #5 to #6 among subcategories at 12 months; return +34.8% to +26.6%.
category_performance,category,Pharma Distribution,,Pharma Distribution,24,3,3,0,0.769174537523,0.670000860119,-0.0991736774043,2026-09-07,2026-09-14,Pharma Distribution moved from rank #3 to #3 among subcategories at 24 months; return +76.9% to +67.0%.
category_performance,category,Pharma Distribution,,Pharma Distribution,3,3,4,-1,0.184355422293,0.10632685106,-0.0780285712327,2026-09-07,2026-09-14,Pharma Distribution moved from rank #3 to #4 among subcategories at 3 months; return +18.4% to +10.6%.
category_performance,category,Precision Diagnostics,,Precision Diagnostics,12,1,1,0,0.886932889499,0.922154666419,0.0352217769201,2026-09-07,2026-09-14,Precision Diagnostics moved from rank #1 to #1 among subcategories at 12 months; return +88.7% to +92.2%.
category_performance,category,Precision Diagnostics,,Precision Diagnostics,24,1,1,0,1.61342739706,1.37393823037,-0.239489166687,2026-09-07,2026-09-14,Precision Diagnostics moved from rank #1 to #1 among subcategories at 24 months; return +161.3% to +137.4%.
category_performance,category,Precision Diagnostics,,Precision Diagnostics,3,1,1,0,0.352129144087,0.324093927177,-0.0280352169099,2026-09-07,2026-09-14,Precision Diagnostics moved from rank #1 to #1 among subcategories at 3 months; return +35.2% to +32.4%.
category_performance,category,Value-Based Care,,Value-Based Care,12,3,3,0,0.561038371076,0.676411990542,0.115373619466,2026-09-07,2026-09-14,Value-Based Care moved from rank #3 to #3 among subcategories at 12 months; return +56.1% to +67.6%.
category_performance,category,Value-Based Care,,Value-Based Care,24,9,9,0,-0.0524546083268,-0.0815863098036,-0.0291317014768,2026-09-07,2026-09-14,Value-Based Care moved from rank #9 to #9 among subcategories at 24 months; return -5.2% to -8.2%.
category_performance,category,Value-Based Care,,Value-Based Care,3,9,10,-1,-0.040045849396,-0.123851306317,-0.0838054569213,2026-09-07,2026-09-14,Value-Based Care moved from rank #9 to #10 among subcategories at 3 months; return -4.0% to -12.4%.
within_category,stock,"Digital Health, Specialty, Benefits",AMWL,Amwell,12,2,2,0,0.861031518625,0.957831325301,0.0967998066762,2026-09-07,2026-09-14,"Amwell moved from rank #2 to #2 within Digital Health, Specialty, Benefits at 12 months; return +86.1% to +95.8%."
within_category,stock,"Digital Health, Specialty, Benefits",AMWL,Amwell,24,3,4,-1,0.638083228247,0.391862955032,-0.246220273215,2026-09-07,2026-09-14,"Amwell moved from rank #3 to #4 within Digital Health, Specialty, Benefits at 24 months; return +63.8% to +39.2%."
within_category,stock,"Digital Health, Specialty, Benefits",AMWL,Amwell,3,1,1,0,0.506960556845,0.427003293085,-0.0799572637605,2026-09-07,2026-09-14,"Amwell moved from rank #1 to #1 within Digital Health, Specialty, Benefits at 3 months; return +50.7% to +42.7%."
within_category,stock,"Digital Health, Specialty, Benefits",CON,Concentra Group,12,3,3,0,0.492854049372,0.577878103837,0.0850240544655,2026-09-07,2026-09-14,"Concentra Group moved from rank #3 to #3 within Digital Health, Specialty, Benefits at 12 months; return +49.3% to +57.8%."
within_category,stock,"Digital Health, Specialty, Benefits",CON,Concentra Group,24,4,3,1,0.420271940667,0.511678200692,0.091406260025,2026-09-07,2026-09-14,"Concentra Group moved from rank #4 to #3 within Digital Health, Specialty, Benefits at 24 months; return +42.0% to +51.2%."
within_category,stock,"Digital Health, Specialty, Benefits",CON,Concentra Group,3,2,3,-1,0.361374407583,0.242445787416,-0.118928620167,2026-09-07,2026-09-14,"Concentra Group moved from rank #2 to #3 within Digital Health, Specialty, Benefits at 3 months; return +36.1% to +24.2%."
within_category,stock,"Digital Health, Specialty, Benefits",GDRX,GoodRx,12,7,7,0,-0.13,-0.190930787589,-0.0609307875895,2026-09-07,2026-09-14,"GoodRx moved from rank #7 to #7 within Digital Health, Specialty, Benefits at 12 months; return -13.0% to -19.1%."
within_category,stock,"Digital Health, Specialty, Benefits",GDRX,GoodRx,24,9,9,0,-0.548638132296,-0.562580645161,-0.0139425128653,2026-09-07,2026-09-14,"GoodRx moved from rank #9 to #9 within Digital Health, Specialty, Benefits at 24 months; return -54.9% to -56.3%."
within_category,stock,"Digital Health, Specialty, Benefits",GDRX,GoodRx,3,3,2,1,0.31320754717,0.279245283019,-0.0339622641511,2026-09-07,2026-09-14,"GoodRx moved from rank #3 to #2 within Digital Health, Specialty, Benefits at 3 months; return +31.3% to +27.9%."
within_category,stock,"Digital Health, Specialty, Benefits",HIMS,Hims & Hers,12,9,10,-1,-0.427597603801,-0.504324324324,-0.0767267205233,2026-09-07,2026-09-14,"Hims & Hers moved from rank #9 to #10 within Digital Health, Specialty, Benefits at 12 months; return -42.8% to -50.4%."
within_category,stock,"Digital Health, Specialty, Benefits",HIMS,Hims & Hers,24,2,2,0,1.03003663004,0.660229330115,-0.369807299925,2026-09-07,2026-09-14,"Hims & Hers moved from rank #2 to #2 within Digital Health, Specialty, Benefits at 24 months; return +103.0% to +66.0%."
within_category,stock,"Digital Health, Specialty, Benefits",HIMS,Hims & Hers,3,6,7,-1,0.0580374188622,0.0257270693512,-0.032310349511,2026-09-07,2026-09-14,"Hims & Hers moved from rank #6 to #7 within Digital Health, Specialty, Benefits at 3 months; return +5.8% to +2.6%."
within_category,stock,"Digital Health, Specialty, Benefits",HQY,HealthEquity,12,5,5,0,0.0501749016178,0.040761163369,-0.00941373824879,2026-09-07,2026-09-14,"HealthEquity moved from rank #5 to #5 within Digital Health, Specialty, Benefits at 12 months; return +5.0% to +4.1%."
within_category,stock,"Digital Health, Specialty, Benefits",HQY,HealthEquity,24,5,5,0,0.260099685205,0.230474242618,-0.0296254425871,2026-09-07,2026-09-14,"HealthEquity moved from rank #5 to #5 within Digital Health, Specialty, Benefits at 24 months; return +26.0% to +23.0%."
within_category,stock,"Digital Health, Specialty, Benefits",HQY,HealthEquity,3,5,5,0,0.0834555091914,0.0896536110482,0.00619810185682,2026-09-07,2026-09-14,"HealthEquity moved from rank #5 to #5 within Digital Health, Specialty, Benefits at 3 months; return +8.3% to +9.0%."
within_category,stock,"Digital Health, Specialty, Benefits",LFMD,LifeMD,12,10,9,1,-0.491749174917,-0.474137931034,0.0176112438825,2026-09-07,2026-09-14,"LifeMD moved from rank #10 to #9 within Digital Health, Specialty, Benefits at 12 months; return -49.2% to -47.4%."
within_category,stock,"Digital Health, Specialty, Benefits",LFMD,LifeMD,24,8,8,0,-0.356993736952,-0.421252371917,-0.0642586349645,2026-09-07,2026-09-14,"LifeMD moved from rank #8 to #8 within Digital Health, Specialty, Benefits at 24 months; return -35.7% to -42.1%."
within_category,stock,"Digital Health, Specialty, Benefits",LFMD,LifeMD,3,10,10,0,-0.370143149284,-0.351063829787,0.0190793194968,2026-09-07,2026-09-14,"LifeMD moved from rank #10 to #10 within Digital Health, Specialty, Benefits at 3 months; return -37.0% to -35.1%."
within_category,stock,"Digital Health, Specialty, Benefits",OMDA,Omada Health,12,6,6,0,-0.0621911037891,-0.104735883424,-0.0425447796353,2026-09-07,2026-09-14,"Omada Health moved from rank #6 to #6 within Digital Health, Specialty, Benefits at 12 months; return -6.2% to -10.5%."
within_category,stock,"Digital Health, Specialty, Benefits",OMDA,Omada Health,24,,,,,,,2026-09-07,2026-09-14,"Omada Health moved from rank unavailable within Digital Health, Specialty, Benefits at 24 months; return unavailable."
within_category,stock,"Digital Health, Specialty, Benefits",OMDA,Omada Health,3,4,4,0,0.269938650307,0.147024504084,-0.122914146223,2026-09-07,2026-09-14,"Omada Health moved from rank #4 to #4 within Digital Health, Specialty, Benefits at 3 months; return +27.0% to +14.7%."
within_category,stock,"Digital Health, Specialty, Benefits",PGNY,Progyny,12,4,4,0,0.150332594235,0.215015548645,0.06468295441,2026-09-07,2026-09-14,"Progyny moved from rank #4 to #4 within Digital Health, Specialty, Benefits at 12 months; return +15.0% to +21.5%."
within_category,stock,"Digital Health, Specialty, Benefits",PGNY,Progyny,24,6,6,0,0.11858559724,0.132505175983,0.0139195787434,2026-09-07,2026-09-14,"Progyny moved from rank #6 to #6 within Digital Health, Specialty, Benefits at 24 months; return +11.9% to +13.3%."
within_category,stock,"Digital Health, Specialty, Benefits",PGNY,Progyny,3,8,6,2,0.0030935808198,0.0270371761172,0.0239435952974,2026-09-07,2026-09-14,"Progyny moved from rank #8 to #6 within Digital Health, Specialty, Benefits at 3 months; return +0.3% to +2.7%."
within_category,stock,"Digital Health, Specialty, Benefits",TALK,Talkspace,12,1,1,0,1.01149425287,1.05078125,0.03928699713,2026-09-07,2026-09-14,"Talkspace moved from rank #1 to #1 within Digital Health, Specialty, Benefits at 12 months; return +101.1% to +105.1%."
within_category,stock,"Digital Health, Specialty, Benefits",TALK,Talkspace,24,1,1,0,1.93296089385,1.67857142857,-0.254389465279,2026-09-07,2026-09-14,"Talkspace moved from rank #1 to #1 within Digital Health, Specialty, Benefits at 24 months; return +193.3% to +167.9%."
within_category,stock,"Digital Health, Specialty, Benefits",TALK,Talkspace,3,7,8,-1,0.00574712643678,0.00767754318618,0.0019304167494,2026-09-07,2026-09-14,"Talkspace moved from rank #7 to #8 within Digital Health, Specialty, Benefits at 3 months; return +0.6% to +0.8%."
within_category,stock,"Digital Health, Specialty, Benefits",TDOC,Teladoc,12,8,8,0,-0.196930946292,-0.197916666667,-0.000985720374667,2026-09-07,2026-09-14,"Teladoc moved from rank #8 to #8 within Digital Health, Specialty, Benefits at 12 months; return -19.7% to -19.8%."
within_category,stock,"Digital Health, Specialty, Benefits",TDOC,Teladoc,24,7,7,0,-0.163781624501,-0.238566131026,-0.074784506525,2026-09-07,2026-09-14,"Teladoc moved from rank #7 to #7 within Digital Health, Specialty, Benefits at 24 months; return -16.4% to -23.9%."
within_category,stock,"Digital Health, Specialty, Benefits",TDOC,Teladoc,3,9,9,0,-0.109219858156,-0.160762942779,-0.0515430846233,2026-09-07,2026-09-14,"Teladoc moved from rank #9 to #9 within Digital Health, Specialty, Benefits at 3 months; return -10.9% to -16.1%."
within_category,stock,Health Care Real Estate,CTRE,CareTrust REIT,12,3,3,0,0.149381261049,0.129239766082,-0.0201414949671,2026-09-07,2026-09-14,CareTrust REIT moved from rank #3 to #3 within Health Care Real Estate at 12 months; return +14.9% to +12.9%.
within_category,stock,Health Care Real Estate,CTRE,CareTrust REIT,24,3,3,0,0.309939556749,0.2425997426,-0.0673398141493,2026-09-07,2026-09-14,CareTrust REIT moved from rank #3 to #3 within Health Care Real Estate at 24 months; return +31.0% to +24.3%.
within_category,stock,Health Care Real Estate,CTRE,CareTrust REIT,3,6,4,2,0.0273900447722,0.0480325644505,0.0206425196783,2026-09-07,2026-09-14,CareTrust REIT moved from rank #6 to #4 within Health Care Real Estate at 3 months; return +2.7% to +4.8%.
within_category,stock,Health Care Real Estate,DOC,Healthpeak properties,12,4,4,0,0.122892876563,0.122787610619,-0.000105265943531,2026-09-07,2026-09-14,Healthpeak properties moved from rank #4 to #4 within Health Care Real Estate at 12 months; return +12.3% to +12.3%.
within_category,stock,Health Care Real Estate,DOC,Healthpeak properties,24,6,6,0,-0.0609367894497,-0.100974313552,-0.0400375241021,2026-09-07,2026-09-14,Healthpeak properties moved from rank #6 to #6 within Health Care Real Estate at 24 months; return -6.1% to -10.1%.
within_category,stock,Health Care Real Estate,DOC,Healthpeak properties,3,4,6,-2,0.0434562910561,-0.0188496858386,-0.0623059768947,2026-09-07,2026-09-14,Healthpeak properties moved from rank #4 to #6 within Health Care Real Estate at 3 months; return +4.3% to -1.9%.
within_category,stock,Health Care Real Estate,MPT,Medical Properties Trust,12,,,,,,,2026-09-07,2026-09-14,Medical Properties Trust moved from rank unavailable within Health Care Real Estate at 12 months; return unavailable.
within_category,stock,Health Care Real Estate,MPT,Medical Properties Trust,24,,,,,,,2026-09-07,2026-09-14,Medical Properties Trust moved from rank unavailable within Health Care Real Estate at 24 months; return unavailable.
within_category,stock,Health Care Real Estate,MPT,Medical Properties Trust,3,8,8,0,-0.194779116466,-0.266129032258,-0.0713499157921,2026-09-07,2026-09-14,Medical Properties Trust moved from rank #8 to #8 within Health Care Real Estate at 3 months; return -19.5% to -26.6%.
within_category,stock,Health Care Real Estate,NHI,National Health Investors,12,7,7,0,-0.0959183673469,-0.101800996296,-0.00588262894892,2026-09-07,2026-09-14,National Health Investors moved from rank #7 to #7 within Health Care Real Estate at 12 months; return -9.6% to -10.2%.
within_category,stock,Health Care Real Estate,NHI,National Health Investors,24,7,7,0,-0.13886526546,-0.173192239859,-0.0343269743989,2026-09-07,2026-09-14,National Health Investors moved from rank #7 to #7 within Health Care Real Estate at 24 months; return -13.9% to -17.3%.
within_category,stock,Health Care Real Estate,NHI,National Health Investors,3,7,7,0,0.00638932273179,-0.0246879334258,-0.0310772561576,2026-09-07,2026-09-14,National Health Investors moved from rank #7 to #7 within Health Care Real Estate at 3 months; return +0.6% to -2.5%.
within_category,stock,Health Care Real Estate,OHI,Omega Healthcare Investors,12,6,5,1,0.0751043115438,0.106167608286,0.0310632967425,2026-09-07,2026-09-14,Omega Healthcare Investors moved from rank #6 to #5 within Health Care Real Estate at 12 months; return +7.5% to +10.6%.
within_category,stock,Health Care Real Estate,OHI,Omega Healthcare Investors,24,5,4,1,0.170030272452,0.156819300837,-0.013210971615,2026-09-07,2026-09-14,Omega Healthcare Investors moved from rank #5 to #4 within Health Care Real Estate at 24 months; return +17.0% to +15.7%.
within_category,stock,Health Care Real Estate,OHI,Omega Healthcare Investors,3,5,5,0,0.0429503035754,0.0266550142014,-0.016295289374,2026-09-07,2026-09-14,Omega Healthcare Investors moved from rank #5 to #5 within Health Care Real Estate at 3 months; return +4.3% to +2.7%.
within_category,stock,Health Care Real Estate,SBRA,Sabra Health Care REIT,12,5,6,-1,0.0919600630583,0.0771653543307,-0.0147947087276,2026-09-07,2026-09-14,Sabra Health Care REIT moved from rank #5 to #6 within Health Care Real Estate at 12 months; return +9.2% to +7.7%.
within_category,stock,Health Care Real Estate,SBRA,Sabra Health Care REIT,24,4,5,-1,0.204637681159,0.103819257665,-0.100818423494,2026-09-07,2026-09-14,Sabra Health Care REIT moved from rank #4 to #5 within Health Care Real Estate at 24 months; return +20.5% to +10.4%.
within_category,stock,Health Care Real Estate,SBRA,Sabra Health Care REIT,3,2,2,0,0.125677139762,0.0955686065136,-0.0301085332484,2026-09-07,2026-09-14,Sabra Health Care REIT moved from rank #2 to #2 within Health Care Real Estate at 3 months; return +12.6% to +9.6%.
within_category,stock,Health Care Real Estate,VTR,"Ventas, Inc",12,2,2,0,0.329259313798,0.290549261437,-0.038710052361,2026-09-07,2026-09-14,"Ventas, Inc moved from rank #2 to #2 within Health Care Real Estate at 12 months; return +32.9% to +29.1%."
within_category,stock,Health Care Real Estate,VTR,"Ventas, Inc",24,2,2,0,0.436048361438,0.383184752536,-0.0528636089019,2026-09-07,2026-09-14,"Ventas, Inc moved from rank #2 to #2 within Health Care Real Estate at 24 months; return +43.6% to +38.3%."
within_category,stock,Health Care Real Estate,VTR,"Ventas, Inc",3,3,3,0,0.100585223116,0.0637115839243,-0.0368736391917,2026-09-07,2026-09-14,"Ventas, Inc moved from rank #3 to #3 within Health Care Real Estate at 3 months; return +10.1% to +6.4%."
within_category,stock,Health Care Real Estate,WELL,Welltower,12,1,1,0,0.40728161125,0.39312954532,-0.0141520659298,2026-09-07,2026-09-14,Welltower moved from rank #1 to #1 within Health Care Real Estate at 12 months; return +40.7% to +39.3%.
within_category,stock,Health Care Real Estate,WELL,Welltower,24,1,1,0,0.895425361156,0.815953757225,-0.0794716039306,2026-09-07,2026-09-14,Welltower moved from rank #1 to #1 within Health Care Real Estate at 24 months; return +89.5% to +81.6%.
within_category,stock,Health Care Real Estate,WELL,Welltower,3,1,1,0,0.141303822549,0.0998459599496,-0.0414578625994,2026-09-07,2026-09-14,Welltower moved from rank #1 to #1 within Health Care Real Estate at 3 months; return +14.1% to +10.0%.
within_category,stock,Health IT and Data,CCSI,Consensus Cloud Solutions,12,2,2,0,0.318910854159,0.329833454019,0.0109225998598,2026-09-07,2026-09-14,Consensus Cloud Solutions moved from rank #2 to #2 within Health IT and Data at 12 months; return +31.9% to +33.0%.
within_category,stock,Health IT and Data,CCSI,Consensus Cloud Solutions,24,1,1,0,0.557709251101,0.630270750111,0.07256149901,2026-09-07,2026-09-14,Consensus Cloud Solutions moved from rank #1 to #1 within Health IT and Data at 24 months; return +55.8% to +63.0%.
within_category,stock,Health IT and Data,CCSI,Consensus Cloud Solutions,3,8,8,0,0.0555223880597,0.0551565642057,-0.000365823854012,2026-09-07,2026-09-14,Consensus Cloud Solutions moved from rank #8 to #8 within Health IT and Data at 3 months; return +5.6% to +5.5%.
within_category,stock,Health IT and Data,DH,Definitive Healthcare,12,12,12,0,-0.7375,-0.746987951807,-0.00948795180723,2026-09-07,2026-09-14,Definitive Healthcare moved from rank #12 to #12 within Health IT and Data at 12 months; return -73.8% to -74.7%.
within_category,stock,Health IT and Data,DH,Definitive Healthcare,24,11,11,0,-0.755813953488,-0.763513513514,-0.00769956002551,2026-09-07,2026-09-14,Definitive Healthcare moved from rank #11 to #11 within Health IT and Data at 24 months; return -75.6% to -76.4%.
within_category,stock,Health IT and Data,DH,Definitive Healthcare,3,5,5,0,0.170568561873,0.250744490768,0.0801759288953,2026-09-07,2026-09-14,Definitive Healthcare moved from rank #5 to #5 within Health IT and Data at 3 months; return +17.1% to +25.1%.
within_category,stock,Health IT and Data,DOCS,Doximity,12,11,11,0,-0.619988462648,-0.639870477263,-0.0198820146151,2026-09-07,2026-09-14,Doximity moved from rank #11 to #11 within Health IT and Data at 12 months; return -62.0% to -64.0%.
within_category,stock,Health IT and Data,DOCS,Doximity,24,8,8,0,-0.274903687397,-0.349440488301,-0.0745368009041,2026-09-07,2026-09-14,Doximity moved from rank #8 to #8 within Health IT and Data at 24 months; return -27.5% to -34.9%.
within_category,stock,Health IT and Data,DOCS,Doximity,3,3,3,0,0.279747450219,0.276447105788,-0.00330034443058,2026-09-07,2026-09-14,Doximity moved from rank #3 to #3 within Health IT and Data at 3 months; return +28.0% to +27.6%.
within_category,stock,Health IT and Data,HCAT,Health Catalyst,12,9,8,1,-0.5,-0.456869009585,0.0431309904153,2026-09-07,2026-09-14,Health Catalyst moved from rank #9 to #8 within Health IT and Data at 12 months; return -50.0% to -45.7%.
within_category,stock,Health IT and Data,HCAT,Health Catalyst,24,12,12,0,-0.76817558299,-0.798578199052,-0.0304026160621,2026-09-07,2026-09-14,Health Catalyst moved from rank #12 to #12 within Health IT and Data at 24 months; return -76.8% to -79.9%.
within_category,stock,Health IT and Data,HCAT,Health Catalyst,3,10,10,0,-0.124352331606,-0.0810810810811,0.0432712505249,2026-09-07,2026-09-14,Health Catalyst moved from rank #10 to #10 within Health IT and Data at 3 months; return -12.4% to -8.1%.
within_category,stock,Health IT and Data,IQV,Iqvia,12,1,1,0,0.426736999147,0.398194637325,-0.0285423618219,2026-09-07,2026-09-14,Iqvia moved from rank #1 to #1 within Health IT and Data at 12 months; return +42.7% to +39.8%.
within_category,stock,Health IT and Data,IQV,Iqvia,24,5,4,1,0.101616818201,0.0966485127775,-0.00496830542346,2026-09-07,2026-09-14,Iqvia moved from rank #5 to #4 within Health IT and Data at 24 months; return +10.2% to +9.7%.
within_category,stock,Health IT and Data,IQV,Iqvia,3,2,2,0,0.459634777869,0.442576876447,-0.0170579014224,2026-09-07,2026-09-14,Iqvia moved from rank #2 to #2 within Health IT and Data at 3 months; return +46.0% to +44.3%.
within_category,stock,Health IT and Data,MDRX,Veradigm,12,6,4,2,-0.0123456790123,0.0322580645161,0.0446037435284,2026-09-07,2026-09-14,Veradigm moved from rank #6 to #4 within Health IT and Data at 12 months; return -1.2% to +3.2%.
within_category,stock,Health IT and Data,MDRX,Veradigm,24,9,9,0,-0.505154639175,-0.510204081633,-0.00504944245765,2026-09-07,2026-09-14,Veradigm moved from rank #9 to #9 within Health IT and Data at 24 months; return -50.5% to -51.0%.
within_category,stock,Health IT and Data,MDRX,Veradigm,3,9,9,0,-0.04,0,0.04,2026-09-07,2026-09-14,Veradigm moved from rank #9 to #9 within Health IT and Data at 3 months; return -4.0% to +0.0%.
within_category,stock,Health IT and Data,OMCL,Omnicell,12,4,5,-1,0.0703830582373,0.0301602262017,-0.0402228320356,2026-09-07,2026-09-14,Omnicell moved from rank #4 to #5 within Health IT and Data at 12 months; return +7.0% to +3.0%.
within_category,stock,Health IT and Data,OMCL,Omnicell,24,7,7,0,-0.241112828439,-0.240268767377,0.000844061061799,2026-09-07,2026-09-14,Omnicell moved from rank #7 to #7 within Health IT and Data at 24 months; return -24.1% to -24.0%.
within_category,stock,Health IT and Data,OMCL,Omnicell,3,11,11,0,-0.200697674419,-0.133227597145,0.0674700772739,2026-09-07,2026-09-14,Omnicell moved from rank #11 to #11 within Health IT and Data at 3 months; return -20.1% to -13.3%.
within_category,stock,Health IT and Data,ORCL,Oracle-Cerner,12,7,9,-2,-0.31795532646,-0.48565952495,-0.16770419849,2026-09-07,2026-09-14,Oracle-Cerner moved from rank #7 to #9 within Health IT and Data at 12 months; return -31.8% to -48.6%.
within_category,stock,Health IT and Data,ORCL,Oracle-Cerner,24,4,5,-1,0.119667160285,-0.0725174350429,-0.192184595328,2026-09-07,2026-09-14,Oracle-Cerner moved from rank #4 to #5 within Health IT and Data at 24 months; return +12.0% to -7.3%.
within_category,stock,Health IT and Data,ORCL,Oracle-Cerner,3,12,12,0,-0.256926244852,-0.18383750611,0.0730887387422,2026-09-07,2026-09-14,Oracle-Cerner moved from rank #12 to #12 within Health IT and Data at 3 months; return -25.7% to -18.4%.
within_category,stock,Health IT and Data,PHR,Phreesia,12,10,10,0,-0.611091361536,-0.573790822654,0.037300538882,2026-09-07,2026-09-14,Phreesia moved from rank #10 to #10 within Health IT and Data at 12 months; return -61.1% to -57.4%.
within_category,stock,Health IT and Data,PHR,Phreesia,24,10,10,0,-0.535456475584,-0.582422033212,-0.0469655576278,2026-09-07,2026-09-14,Phreesia moved from rank #10 to #10 within Health IT and Data at 24 months; return -53.5% to -58.2%.
within_category,stock,Health IT and Data,PHR,Phreesia,3,6,6,0,0.146750524109,0.137969094923,-0.00878142918626,2026-09-07,2026-09-14,Phreesia moved from rank #6 to #6 within Health IT and Data at 3 months; return +14.7% to +13.8%.
within_category,stock,Health IT and Data,SOLV,Solventum,12,3,3,0,0.260863586359,0.191579234228,-0.0692843521309,2026-09-07,2026-09-14,Solventum moved from rank #3 to #3 within Health IT and Data at 12 months; return +26.1% to +19.2%.
within_category,stock,Health IT and Data,SOLV,Solventum,24,2,2,0,0.385045317221,0.249285714286,-0.135759602935,2026-09-07,2026-09-14,Solventum moved from rank #2 to #2 within Health IT and Data at 24 months; return +38.5% to +24.9%.
within_category,stock,Health IT and Data,SOLV,Solventum,3,7,7,0,0.131835575855,0.108786610879,-0.0230489649763,2026-09-07,2026-09-14,Solventum moved from rank #7 to #7 within Health IT and Data at 3 months; return +13.2% to +10.9%.
within_category,stock,Health IT and Data,VEEV,Veeva Systems,12,5,6,-1,0.0079141171729,-0.0507542596679,-0.0586683768408,2026-09-07,2026-09-14,Veeva Systems moved from rank #5 to #6 within Health IT and Data at 12 months; return +0.8% to -5.1%.
within_category,stock,Health IT and Data,VEEV,Veeva Systems,24,3,3,0,0.27421371995,0.203945859142,-0.070267860808,2026-09-07,2026-09-14,Veeva Systems moved from rank #3 to #3 within Health IT and Data at 24 months; return +27.4% to +20.4%.
within_category,stock,Health IT and Data,VEEV,Veeva Systems,3,1,1,0,0.593708359886,0.64472859471,0.0510202348238,2026-09-07,2026-09-14,Veeva Systems moved from rank #1 to #1 within Health IT and Data at 3 months; return +59.4% to +64.5%.
within_category,stock,Health IT and Data,WAY,Waystar,12,8,7,1,-0.327341024953,-0.371788008565,-0.0444469836123,2026-09-07,2026-09-14,Waystar moved from rank #8 to #7 within Health IT and Data at 12 months; return -32.7% to -37.2%.
within_category,stock,Health IT and Data,WAY,Waystar,24,6,6,0,-0.0830285296269,-0.125232948192,-0.0422044185654,2026-09-07,2026-09-14,Waystar moved from rank #6 to #6 within Health IT and Data at 24 months; return -8.3% to -12.5%.
within_category,stock,Health IT and Data,WAY,Waystar,3,4,4,0,0.2535,0.251733333333,-0.00176666666667,2026-09-07,2026-09-14,Waystar moved from rank #4 to #4 within Health IT and Data at 3 months; return +25.4% to +25.2%.
within_category,stock,Health System Providers,ARDT,Ardent Health Partners,12,5,5,0,-0.170972644377,-0.160550458716,0.0104221856614,2026-09-07,2026-09-14,Ardent Health Partners moved from rank #5 to #5 within Health System Providers at 12 months; return -17.1% to -16.1%.
within_category,stock,Health System Providers,ARDT,Ardent Health Partners,24,4,4,0,-0.43147472642,-0.395041322314,0.036433404106,2026-09-07,2026-09-14,Ardent Health Partners moved from rank #4 to #4 within Health System Providers at 24 months; return -43.1% to -39.5%.
within_category,stock,Health System Providers,ARDT,Ardent Health Partners,3,2,3,-1,0.256912442396,0.174331550802,-0.0825808915939,2026-09-07,2026-09-14,Ardent Health Partners moved from rank #2 to #3 within Health System Providers at 3 months; return +25.7% to +17.4%.
within_category,stock,Health System Providers,CYH,Community Health Systems,12,2,3,-1,-0.0102739726027,-0.00680272108844,0.00347125151426,2026-09-07,2026-09-14,Community Health Systems moved from rank #2 to #3 within Health System Providers at 12 months; return -1.0% to -0.7%.
within_category,stock,Health System Providers,CYH,Community Health Systems,24,5,5,0,-0.49298245614,-0.48951048951,0.00347196662951,2026-09-07,2026-09-14,Community Health Systems moved from rank #5 to #5 within Health System Providers at 24 months; return -49.3% to -49.0%.
within_category,stock,Health System Providers,CYH,Community Health Systems,3,5,5,0,0.0547445255474,-0.0641025641026,-0.11884708965,2026-09-07,2026-09-14,Community Health Systems moved from rank #5 to #5 within Health System Providers at 3 months; return +5.5% to -6.4%.
within_category,stock,Health System Providers,HCA,HCA Healthcare,12,3,2,1,-0.0374789077168,0.053834571619,0.0913134793358,2026-09-07,2026-09-14,HCA Healthcare moved from rank #3 to #2 within Health System Providers at 12 months; return -3.7% to +5.4%.
within_category,stock,Health System Providers,HCA,HCA Healthcare,24,2,2,0,0.043868240631,0.0817371034762,0.0378688628452,2026-09-07,2026-09-14,HCA Healthcare moved from rank #2 to #2 within Health System Providers at 24 months; return +4.4% to +8.2%.
within_category,stock,Health System Providers,HCA,HCA Healthcare,3,4,4,0,0.0883293472711,0.102691254714,0.0143619074425,2026-09-07,2026-09-14,HCA Healthcare moved from rank #4 to #4 within Health System Providers at 3 months; return +8.8% to +10.3%.
within_category,stock,Health System Providers,THC,Tenet Health,12,1,1,0,0.351055153431,0.367544860492,0.0164897070607,2026-09-07,2026-09-14,Tenet Health moved from rank #1 to #1 within Health System Providers at 12 months; return +35.1% to +36.8%.
within_category,stock,Health System Providers,THC,Tenet Health,24,1,1,0,0.727835723598,0.623606920756,-0.104228802842,2026-09-07,2026-09-14,Tenet Health moved from rank #1 to #1 within Health System Providers at 24 months; return +72.8% to +62.4%.
within_category,stock,Health System Providers,THC,Tenet Health,3,1,1,0,0.635505368382,0.509733195924,-0.125772172458,2026-09-07,2026-09-14,Tenet Health moved from rank #1 to #1 within Health System Providers at 3 months; return +63.6% to +51.0%.
within_category,stock,Health System Providers,UHS,Universal Health Services,12,4,4,0,-0.107668840732,-0.08809722512,0.019571615612,2026-09-07,2026-09-14,Universal Health Services moved from rank #4 to #4 within Health System Providers at 12 months; return -10.8% to -8.8%.
within_category,stock,Health System Providers,UHS,Universal Health Services,24,3,3,0,-0.259655247654,-0.248237014104,0.0114182335501,2026-09-07,2026-09-14,Universal Health Services moved from rank #3 to #3 within Health System Providers at 24 months; return -26.0% to -24.8%.
within_category,stock,Health System Providers,UHS,Universal Health Services,3,3,2,1,0.168629882207,0.1940308701,0.0254009878927,2026-09-07,2026-09-14,Universal Health Services moved from rank #3 to #2 within Health System Providers at 3 months; return +16.9% to +19.4%.
within_category,stock,Inpatient Non-Acute Providers,ACHC,Acadia Healthcare,12,2,2,0,0.185919055649,0.305108145421,0.119189089772,2026-09-07,2026-09-14,Acadia Healthcare moved from rank #2 to #2 within Inpatient Non-Acute Providers at 12 months; return +18.6% to +30.5%.
within_category,stock,Inpatient Non-Acute Providers,ACHC,Acadia Healthcare,24,4,4,0,-0.632095213183,-0.637479227918,-0.00538401473468,2026-09-07,2026-09-14,Acadia Healthcare moved from rank #4 to #4 within Inpatient Non-Acute Providers at 24 months; return -63.2% to -63.7%.
within_category,stock,Inpatient Non-Acute Providers,ACHC,Acadia Healthcare,3,2,4,-2,0.14910130719,0.152845528455,0.00374422126528,2026-09-07,2026-09-14,Acadia Healthcare moved from rank #2 to #4 within Inpatient Non-Acute Providers at 3 months; return +14.9% to +15.3%.
within_category,stock,Inpatient Non-Acute Providers,EHC,Encompass Health,12,4,4,0,-0.0301799649626,-0.0344307814359,-0.00425081647334,2026-09-07,2026-09-14,Encompass Health moved from rank #4 to #4 within Inpatient Non-Acute Providers at 12 months; return -3.0% to -3.4%.
within_category,stock,Inpatient Non-Acute Providers,EHC,Encompass Health,24,1,1,0,0.328714815623,0.305201072386,-0.0235137432369,2026-09-07,2026-09-14,Encompass Health moved from rank #1 to #1 within Inpatient Non-Acute Providers at 24 months; return +32.9% to +30.5%.
within_category,stock,Inpatient Non-Acute Providers,EHC,Encompass Health,3,1,2,-1,0.170945101433,0.199467823002,0.0285227215689,2026-09-07,2026-09-14,Encompass Health moved from rank #1 to #2 within Inpatient Non-Acute Providers at 3 months; return +17.1% to +19.9%.
within_category,stock,Inpatient Non-Acute Providers,ENSG,The Ensign Group,12,3,3,0,-0.0183918616012,0.0356568843384,0.0540487459396,2026-09-07,2026-09-14,The Ensign Group moved from rank #3 to #3 within Inpatient Non-Acute Providers at 12 months; return -1.8% to +3.6%.
within_category,stock,Inpatient Non-Acute Providers,ENSG,The Ensign Group,24,2,2,0,0.145857094935,0.139134420219,-0.00672267471631,2026-09-07,2026-09-14,The Ensign Group moved from rank #2 to #2 within Inpatient Non-Acute Providers at 24 months; return +14.6% to +13.9%.
within_category,stock,Inpatient Non-Acute Providers,ENSG,The Ensign Group,3,4,3,1,0.00287727539636,0.164758653009,0.161881377613,2026-09-07,2026-09-14,The Ensign Group moved from rank #4 to #3 within Inpatient Non-Acute Providers at 3 months; return +0.3% to +16.5%.
within_category,stock,Inpatient Non-Acute Providers,PACS,PACS Group,12,1,1,0,2.8048343778,3.59076923077,0.785934852969,2026-09-07,2026-09-14,PACS Group moved from rank #1 to #1 within Inpatient Non-Acute Providers at 12 months; return +280.5% to +359.1%.
within_category,stock,Inpatient Non-Acute Providers,PACS,PACS Group,24,3,3,0,0.145552560647,0.0992141453831,-0.0463384152639,2026-09-07,2026-09-14,PACS Group moved from rank #3 to #3 within Inpatient Non-Acute Providers at 24 months; return +14.6% to +9.9%.
within_category,stock,Inpatient Non-Acute Providers,PACS,PACS Group,3,3,1,2,0.148338286949,0.233737596472,0.0853993095229,2026-09-07,2026-09-14,PACS Group moved from rank #3 to #1 within Inpatient Non-Acute Providers at 3 months; return +14.8% to +23.4%.
within_category,stock,Outpatient and Home Providers,ADUS,Addus HomeCare,12,7,7,0,0.0489312842254,0.0618481908044,0.012916906579,2026-09-07,2026-09-14,Addus HomeCare moved from rank #7 to #7 within Outpatient and Home Providers at 12 months; return +4.9% to +6.2%.
within_category,stock,Outpatient and Home Providers,ADUS,Addus HomeCare,24,7,8,-1,-0.0602199889214,-0.100207484823,-0.0399874959015,2026-09-07,2026-09-14,Addus HomeCare moved from rank #7 to #8 within Outpatient and Home Providers at 24 months; return -6.0% to -10.0%.
within_category,stock,Outpatient and Home Providers,ADUS,Addus HomeCare,3,3,3,0,0.289467969598,0.255253001715,-0.0342149678827,2026-09-07,2026-09-14,Addus HomeCare moved from rank #3 to #3 within Outpatient and Home Providers at 3 months; return +28.9% to +25.5%.
within_category,stock,Outpatient and Home Providers,AVAH,Aveanna Healthcare,12,3,3,0,0.652068126521,0.668246445498,0.0161783189766,2026-09-07,2026-09-14,Aveanna Healthcare moved from rank #3 to #3 within Outpatient and Home Providers at 12 months; return +65.2% to +66.8%.
within_category,stock,Outpatient and Home Providers,AVAH,Aveanna Healthcare,24,2,2,0,1.50553505535,1.61224489796,0.106709842609,2026-09-07,2026-09-14,Aveanna Healthcare moved from rank #2 to #2 within Outpatient and Home Providers at 24 months; return +150.6% to +161.2%.
within_category,stock,Outpatient and Home Providers,AVAH,Aveanna Healthcare,3,1,1,0,1.03293413174,0.985895627645,-0.0470385040954,2026-09-07,2026-09-14,Aveanna Healthcare moved from rank #1 to #1 within Outpatient and Home Providers at 3 months; return +103.3% to +98.6%.
within_category,stock,Outpatient and Home Providers,BTSG,BrightSpring Health Services,12,1,2,-1,1.5167840862,1.22041587902,-0.296368207183,2026-09-07,2026-09-14,BrightSpring Health Services moved from rank #1 to #2 within Outpatient and Home Providers at 12 months; return +151.7% to +122.0%.
within_category,stock,Outpatient and Home Providers,BTSG,BrightSpring Health Services,24,1,1,0,3.69682907966,3.240433213,-0.456395866664,2026-09-07,2026-09-14,BrightSpring Health Services moved from rank #1 to #1 within Outpatient and Home Providers at 24 months; return +369.7% to +324.0%.
within_category,stock,Outpatient and Home Providers,BTSG,BrightSpring Health Services,3,8,10,-2,0.0580139372822,-0.0711687490115,-0.129182686294,2026-09-07,2026-09-14,BrightSpring Health Services moved from rank #8 to #10 within Outpatient and Home Providers at 3 months; return +5.8% to -7.1%.
within_category,stock,Outpatient and Home Providers,CHE,Chemed (Vitas),12,6,6,0,0.116422910895,0.155846774194,0.0394238632985,2026-09-07,2026-09-14,Chemed (Vitas) moved from rank #6 to #6 within Outpatient and Home Providers at 12 months; return +11.6% to +15.6%.
within_category,stock,Outpatient and Home Providers,CHE,Chemed (Vitas),24,9,9,0,-0.0902981940361,-0.102286171619,-0.0119879775834,2026-09-07,2026-09-14,Chemed (Vitas) moved from rank #9 to #9 within Outpatient and Home Providers at 24 months; return -9.0% to -10.2%.
within_category,stock,Outpatient and Home Providers,CHE,Chemed (Vitas),3,7,4,3,0.177200570665,0.230521571153,0.0533210004876,2026-09-07,2026-09-14,Chemed (Vitas) moved from rank #7 to #4 within Outpatient and Home Providers at 3 months; return +17.7% to +23.1%.
within_category,stock,Outpatient and Home Providers,DVA,Davita,12,5,5,0,0.334518024226,0.36329503642,0.0287770121936,2026-09-07,2026-09-14,Davita moved from rank #5 to #5 within Outpatient and Home Providers at 12 months; return +33.5% to +36.3%.
within_category,stock,Outpatient and Home Providers,DVA,Davita,24,4,5,-1,0.226763568476,0.109990217657,-0.116773350819,2026-09-07,2026-09-14,Davita moved from rank #4 to #5 within Outpatient and Home Providers at 24 months; return +22.7% to +11.0%.
within_category,stock,Outpatient and Home Providers,DVA,Davita,3,11,11,0,-0.0425166527893,-0.129924278731,-0.0874076259416,2026-09-07,2026-09-14,Davita moved from rank #11 to #11 within Outpatient and Home Providers at 3 months; return -4.3% to -13.0%.
within_category,stock,Outpatient and Home Providers,FMS,Fresenius,12,9,9,0,-0.0851836899475,-0.104925911093,-0.0197422211458,2026-09-07,2026-09-14,Fresenius moved from rank #9 to #9 within Outpatient and Home Providers at 12 months; return -8.5% to -10.5%.
within_category,stock,Outpatient and Home Providers,FMS,Fresenius,24,6,6,0,0.151422764228,0.0597439544808,-0.0916788097472,2026-09-07,2026-09-14,Fresenius moved from rank #6 to #6 within Outpatient and Home Providers at 24 months; return +15.1% to +6.0%.
within_category,stock,Outpatient and Home Providers,FMS,Fresenius,3,10,8,2,0.0285973672265,-0.0291051259774,-0.0577024932039,2026-09-07,2026-09-14,Fresenius moved from rank #10 to #8 within Outpatient and Home Providers at 3 months; return +2.9% to -2.9%.
within_category,stock,Outpatient and Home Providers,LFST,Lifestance Health,12,2,1,1,1.37057728119,1.47992351816,0.109346236974,2026-09-07,2026-09-14,Lifestance Health moved from rank #2 to #1 within Outpatient and Home Providers at 12 months; return +137.1% to +148.0%.
within_category,stock,Outpatient and Home Providers,LFST,Lifestance Health,24,3,3,0,0.831654676259,0.868876080692,0.0372214044326,2026-09-07,2026-09-14,Lifestance Health moved from rank #3 to #3 within Outpatient and Home Providers at 24 months; return +83.2% to +86.9%.
within_category,stock,Outpatient and Home Providers,LFST,Lifestance Health,3,2,2,0,0.717948717949,0.525882352941,-0.192066365008,2026-09-07,2026-09-14,Lifestance Health moved from rank #2 to #2 within Outpatient and Home Providers at 3 months; return +71.8% to +52.6%.
within_category,stock,Outpatient and Home Providers,OPCH,Option Care Health,12,10,10,0,-0.167755242351,-0.175561797753,-0.00780655540181,2026-09-07,2026-09-14,Option Care Health moved from rank #10 to #10 within Outpatient and Home Providers at 12 months; return -16.8% to -17.6%.
within_category,stock,Outpatient and Home Providers,OPCH,Option Care Health,24,10,10,0,-0.245794392523,-0.266020631447,-0.0202262389243,2026-09-07,2026-09-14,Option Care Health moved from rank #10 to #10 within Outpatient and Home Providers at 24 months; return -24.6% to -26.6%.
within_category,stock,Outpatient and Home Providers,OPCH,Option Care Health,3,6,7,-1,0.180399804973,0.131021194605,-0.049378610368,2026-09-07,2026-09-14,Option Care Health moved from rank #6 to #7 within Outpatient and Home Providers at 3 months; return +18.0% to +13.1%.
within_category,stock,Outpatient and Home Providers,PNTG,Pennant Group,12,4,4,0,0.564429806505,0.532447224394,-0.0319825821109,2026-09-07,2026-09-14,Pennant Group moved from rank #4 to #4 within Outpatient and Home Providers at 12 months; return +56.4% to +53.2%.
within_category,stock,Outpatient and Home Providers,PNTG,Pennant Group,24,5,4,1,0.193467336683,0.135573580533,-0.05789375615,2026-09-07,2026-09-14,Pennant Group moved from rank #5 to #4 within Outpatient and Home Providers at 24 months; return +19.3% to +13.6%.
within_category,stock,Outpatient and Home Providers,PNTG,Pennant Group,3,5,6,-1,0.198360138757,0.193302891933,-0.00505724682397,2026-09-07,2026-09-14,Pennant Group moved from rank #5 to #6 within Outpatient and Home Providers at 3 months; return +19.8% to +19.3%.
within_category,stock,Outpatient and Home Providers,SGRY,Surgery Partners,12,11,11,0,-0.3665037761,-0.34247828075,0.0240254953501,2026-09-07,2026-09-14,Surgery Partners moved from rank #11 to #11 within Outpatient and Home Providers at 12 months; return -36.7% to -34.2%.
within_category,stock,Outpatient and Home Providers,SGRY,Surgery Partners,24,11,11,0,-0.527501656726,-0.536129032258,-0.00862737553206,2026-09-07,2026-09-14,Surgery Partners moved from rank #11 to #11 within Outpatient and Home Providers at 24 months; return -52.8% to -53.6%.
within_category,stock,Outpatient and Home Providers,SGRY,Surgery Partners,3,9,9,0,0.0401167031364,-0.0607446113651,-0.100861314502,2026-09-07,2026-09-14,Surgery Partners moved from rank #9 to #9 within Outpatient and Home Providers at 3 months; return +4.0% to -6.1%.
within_category,stock,Outpatient and Home Providers,USPH,US Physical Therapy,12,8,8,0,-0.0734469873891,-0.019309829326,0.0541371580631,2026-09-07,2026-09-14,US Physical Therapy moved from rank #8 to #8 within Outpatient and Home Providers at 12 months; return -7.3% to -1.9%.
within_category,stock,Outpatient and Home Providers,USPH,US Physical Therapy,24,8,7,1,-0.0616130558184,-0.0693935453363,-0.00778048951793,2026-09-07,2026-09-14,US Physical Therapy moved from rank #8 to #7 within Outpatient and Home Providers at 24 months; return -6.2% to -6.9%.
within_category,stock,Outpatient and Home Providers,USPH,US Physical Therapy,3,4,5,-1,0.250591016548,0.200732153752,-0.0498588627957,2026-09-07,2026-09-14,US Physical Therapy moved from rank #4 to #5 within Outpatient and Home Providers at 3 months; return +25.1% to +20.1%.
within_category,stock,Payers,ALHC,Alignment Health,12,10,10,0,-0.146279949559,-0.213840399002,-0.0675604494435,2026-09-07,2026-09-14,Alignment Health moved from rank #10 to #10 within Payers at 12 months; return -14.6% to -21.4%.
within_category,stock,Payers,ALHC,Alignment Health,24,4,5,-1,0.425263157895,0.0605550883095,-0.364708069585,2026-09-07,2026-09-14,Alignment Health moved from rank #4 to #5 within Payers at 24 months; return +42.5% to +6.1%.
within_category,stock,Payers,ALHC,Alignment Health,3,10,10,0,-0.119063109954,-0.361518987342,-0.242455877388,2026-09-07,2026-09-14,Alignment Health moved from rank #10 to #10 within Payers at 3 months; return -11.9% to -36.2%.
within_category,stock,Payers,CI,Cigna,12,9,9,0,-0.0746454423373,-0.0726648170168,0.00198062532052,2026-09-07,2026-09-14,Cigna moved from rank #9 to #9 within Payers at 12 months; return -7.5% to -7.3%.
within_category,stock,Payers,CI,Cigna,24,7,7,0,-0.200769470141,-0.230203992104,-0.0294345219625,2026-09-07,2026-09-14,Cigna moved from rank #7 to #7 within Payers at 24 months; return -20.1% to -23.0%.
within_category,stock,Payers,CI,Cigna,3,9,7,2,-0.0240431117867,-0.0578523489933,-0.0338092372066,2026-09-07,2026-09-14,Cigna moved from rank #9 to #7 within Payers at 3 months; return -2.4% to -5.8%.
within_category,stock,Payers,CLOV,Clover Health,12,3,3,0,0.547272727273,0.575163398693,0.0278906714198,2026-09-07,2026-09-14,Clover Health moved from rank #3 to #3 within Payers at 12 months; return +54.7% to +57.5%.
within_category,stock,Payers,CLOV,Clover Health,24,2,2,0,0.695219123506,0.612040133779,-0.0831789897267,2026-09-07,2026-09-14,Clover Health moved from rank #2 to #2 within Payers at 24 months; return +69.5% to +61.2%.
within_category,stock,Payers,CLOV,Clover Health,3,3,5,-2,0.110966057441,0.0190274841438,-0.0919385732972,2026-09-07,2026-09-14,Clover Health moved from rank #3 to #5 within Payers at 3 months; return +11.1% to +1.9%.
within_category,stock,Payers,CNC,Centene,12,1,1,0,1.31331953071,0.996993385448,-0.316326145262,2026-09-07,2026-09-14,Centene moved from rank #1 to #1 within Payers at 12 months; return +131.3% to +99.7%.
within_category,stock,Payers,CNC,Centene,24,6,6,0,-0.0535084003953,-0.118513603185,-0.0650052027898,2026-09-07,2026-09-14,Centene moved from rank #6 to #6 within Payers at 24 months; return -5.4% to -11.9%.
within_category,stock,Payers,CNC,Centene,3,4,6,-2,0.0755655382641,0.0188679245283,-0.0566976137358,2026-09-07,2026-09-14,Centene moved from rank #4 to #6 within Payers at 3 months; return +7.6% to +1.9%.
within_category,stock,Payers,CVS,CVS Health,12,4,6,-2,0.31119544592,0.262469991998,-0.0487254539221,2026-09-07,2026-09-14,CVS Health moved from rank #4 to #6 within Payers at 12 months; return +31.1% to +26.2%.
within_category,stock,Payers,CVS,CVS Health,24,3,1,2,0.675151515152,0.632631942049,-0.042519573103,2026-09-07,2026-09-14,CVS Health moved from rank #3 to #1 within Payers at 24 months; return +67.5% to +63.3%.
within_category,stock,Payers,CVS,CVS Health,3,6,8,-2,0.00844365683311,-0.07159670459,-0.0800403614231,2026-09-07,2026-09-14,CVS Health moved from rank #6 to #8 within Payers at 3 months; return +0.8% to -7.2%.
within_category,stock,Payers,ELV,Elevance,12,6,5,1,0.299260298431,0.343084423916,0.0438241254848,2026-09-07,2026-09-14,Elevance moved from rank #6 to #5 within Payers at 12 months; return +29.9% to +34.3%.
within_category,stock,Payers,ELV,Elevance,24,8,8,0,-0.248030115702,-0.23985186261,0.00817825309217,2026-09-07,2026-09-14,Elevance moved from rank #8 to #8 within Payers at 24 months; return -24.8% to -24.0%.
within_category,stock,Payers,ELV,Elevance,3,8,3,5,-0.0193247178302,0.0362560942411,0.0555808120713,2026-09-07,2026-09-14,Elevance moved from rank #8 to #3 within Payers at 3 months; return -1.9% to +3.6%.
within_category,stock,Payers,HUM,Humana,12,5,4,1,0.304040010392,0.482419331501,0.178379321109,2026-09-07,2026-09-14,Humana moved from rank #5 to #4 within Payers at 12 months; return +30.4% to +48.2%.
within_category,stock,Payers,HUM,Humana,24,5,4,1,0.122058905717,0.274412240328,0.152353334611,2026-09-07,2026-09-14,Humana moved from rank #5 to #4 within Payers at 24 months; return +12.2% to +27.4%.
within_category,stock,Payers,HUM,Humana,3,2,2,0,0.146994972578,0.0806392067929,-0.0663557657851,2026-09-07,2026-09-14,Humana moved from rank #2 to #2 within Payers at 3 months; return +14.7% to +8.1%.
within_category,stock,Payers,MOH,Molina Healthcare,12,8,7,1,0.149728027484,0.129091110128,-0.0206369173557,2026-09-07,2026-09-14,Molina Healthcare moved from rank #8 to #7 within Payers at 12 months; return +15.0% to +12.9%.
within_category,stock,Payers,MOH,Molina Healthcare,24,10,10,0,-0.386832783681,-0.429843662758,-0.0430108790772,2026-09-07,2026-09-14,Molina Healthcare moved from rank #10 to #10 within Payers at 24 months; return -38.7% to -43.0%.
within_category,stock,Payers,MOH,Molina Healthcare,3,5,4,1,0.0520800586818,0.0197223886559,-0.0323576700259,2026-09-07,2026-09-14,Molina Healthcare moved from rank #5 to #4 within Payers at 3 months; return +5.2% to +2.0%.
within_category,stock,Payers,OSCR,Oscar Health,12,2,2,0,0.659804426145,0.695292291774,0.0354878656294,2026-09-07,2026-09-14,Oscar Health moved from rank #2 to #2 within Payers at 12 months; return +66.0% to +69.5%.
within_category,stock,Payers,OSCR,Oscar Health,24,1,3,-2,0.898175397293,0.516427579824,-0.381747817469,2026-09-07,2026-09-14,Oscar Health moved from rank #1 to #3 within Payers at 24 months; return +89.8% to +51.6%.
within_category,stock,Payers,OSCR,Oscar Health,3,1,1,0,0.315789473684,0.159589525832,-0.156199947852,2026-09-07,2026-09-14,Oscar Health moved from rank #1 to #1 within Payers at 3 months; return +31.6% to +16.0%.
within_category,stock,Payers,UNH,UnitedHealth,12,7,8,-1,0.259202891658,0.075402116252,-0.183800775406,2026-09-07,2026-09-14,UnitedHealth moved from rank #7 to #8 within Payers at 12 months; return +25.9% to +7.5%.
within_category,stock,Payers,UNH,UnitedHealth,24,9,9,0,-0.334640128669,-0.362144972405,-0.0275048437364,2026-09-07,2026-09-14,UnitedHealth moved from rank #9 to #9 within Payers at 24 months; return -33.5% to -36.2%.
within_category,stock,Payers,UNH,UnitedHealth,3,7,9,-2,-0.00583272836508,-0.072040536571,-0.066207808206,2026-09-07,2026-09-14,UnitedHealth moved from rank #7 to #9 within Payers at 3 months; return -0.6% to -7.2%.
within_category,stock,Pharma Distribution,AHCO,Accendra Health,12,5,5,0,-0.317560462671,-0.347685683531,-0.0301252208597,2026-09-07,2026-09-14,Accendra Health moved from rank #5 to #5 within Pharma Distribution at 12 months; return -31.8% to -34.8%.
within_category,stock,Pharma Distribution,AHCO,Accendra Health,24,5,5,0,-0.415315315315,-0.444291609354,-0.0289762940385,2026-09-07,2026-09-14,Accendra Health moved from rank #5 to #5 within Pharma Distribution at 24 months; return -41.5% to -44.4%.
within_category,stock,Pharma Distribution,AHCO,Accendra Health,3,5,5,0,-0.343781597573,-0.403543307087,-0.0597617095136,2026-09-07,2026-09-14,Accendra Health moved from rank #5 to #5 within Pharma Distribution at 3 months; return -34.4% to -40.4%.
within_category,stock,Pharma Distribution,CAH,Cardinal Health,12,1,1,0,0.65271462958,0.540790856542,-0.111923773038,2026-09-07,2026-09-14,Cardinal Health moved from rank #1 to #1 within Pharma Distribution at 12 months; return +65.3% to +54.1%.
within_category,stock,Pharma Distribution,CAH,Cardinal Health,24,1,1,0,1.21150577078,1.07272245295,-0.138783317833,2026-09-07,2026-09-14,Cardinal Health moved from rank #1 to #1 within Pharma Distribution at 24 months; return +121.2% to +107.3%.
within_category,stock,Pharma Distribution,CAH,Cardinal Health,3,2,4,-2,0.201594477663,0.0478892115256,-0.153705266137,2026-09-07,2026-09-14,Cardinal Health moved from rank #2 to #4 within Pharma Distribution at 3 months; return +20.2% to +4.8%.
within_category,stock,Pharma Distribution,COR,Cencora,12,4,4,0,0.131452991453,0.0629710432368,-0.0684819482162,2026-09-07,2026-09-14,Cencora moved from rank #4 to #4 within Pharma Distribution at 12 months; return +13.1% to +6.3%.
within_category,stock,Pharma Distribution,COR,Cencora,24,3,3,0,0.408477678001,0.340545272636,-0.0679324053647,2026-09-07,2026-09-14,Cencora moved from rank #3 to #3 within Pharma Distribution at 24 months; return +40.8% to +34.1%.
within_category,stock,Pharma Distribution,COR,Cencora,3,1,1,0,0.203279522978,0.141655128342,-0.0616243946363,2026-09-07,2026-09-14,Cencora moved from rank #1 to #1 within Pharma Distribution at 3 months; return +20.3% to +14.2%.
within_category,stock,Pharma Distribution,HSIC,Henry Schein,12,3,2,1,0.293533054875,0.280394145776,-0.013138909099,2026-09-07,2026-09-14,Henry Schein moved from rank #3 to #2 within Pharma Distribution at 12 months; return +29.4% to +28.0%.
within_category,stock,Pharma Distribution,HSIC,Henry Schein,24,4,4,0,0.30518819939,0.255470304064,-0.0497178953263,2026-09-07,2026-09-14,Henry Schein moved from rank #4 to #4 within Pharma Distribution at 24 months; return +30.5% to +25.5%.
within_category,stock,Pharma Distribution,HSIC,Henry Schein,3,4,3,1,0.159586830213,0.0875076923077,-0.0720791379053,2026-09-07,2026-09-14,Henry Schein moved from rank #4 to #3 within Pharma Distribution at 3 months; return +16.0% to +8.8%.
within_category,stock,Pharma Distribution,MCK,McKesson,12,2,3,-1,0.320904858889,0.239085209862,-0.081819649027,2026-09-07,2026-09-14,McKesson moved from rank #2 to #3 within Pharma Distribution at 12 months; return +32.1% to +23.9%.
within_category,stock,Pharma Distribution,MCK,McKesson,24,2,2,0,0.800959993653,0.699099863148,-0.101860130505,2026-09-07,2026-09-14,McKesson moved from rank #2 to #2 within Pharma Distribution at 24 months; return +80.1% to +69.9%.
within_category,stock,Pharma Distribution,MCK,McKesson,3,3,2,1,0.170603099296,0.124303296984,-0.0462998023124,2026-09-07,2026-09-14,McKesson moved from rank #3 to #2 within Pharma Distribution at 3 months; return +17.1% to +12.4%.
within_category,stock,Precision Diagnostics,BLLN,BillionToOne,12,,,,,,,2026-09-07,2026-09-14,BillionToOne moved from rank unavailable within Precision Diagnostics at 12 months; return unavailable.
within_category,stock,Precision Diagnostics,BLLN,BillionToOne,24,,,,,,,2026-09-07,2026-09-14,BillionToOne moved from rank unavailable within Precision Diagnostics at 24 months; return unavailable.
within_category,stock,Precision Diagnostics,BLLN,BillionToOne,3,10,11,-1,0.0226360736701,-0.0232397151899,-0.04587578886,2026-09-07,2026-09-14,BillionToOne moved from rank #10 to #11 within Precision Diagnostics at 3 months; return +2.3% to -2.3%.
within_category,stock,Precision Diagnostics,CERT,Certara,12,10,10,0,-0.245247148289,-0.330673758865,-0.0854266105762,2026-09-07,2026-09-14,Certara moved from rank #10 to #10 within Precision Diagnostics at 12 months; return -24.5% to -33.1%.
within_category,stock,Precision Diagnostics,CERT,Certara,24,10,10,0,-0.302897278314,-0.310502283105,-0.00760500479102,2026-09-07,2026-09-14,Certara moved from rank #10 to #10 within Precision Diagnostics at 24 months; return -30.3% to -31.1%.
within_category,stock,Precision Diagnostics,CERT,Certara,3,4,4,0,0.478584729981,0.451923076923,-0.0266616530579,2026-09-07,2026-09-14,Certara moved from rank #4 to #4 within Precision Diagnostics at 3 months; return +47.9% to +45.2%.
within_category,stock,Precision Diagnostics,DGX,Quest Diagnostics,12,6,6,0,0.292386506077,0.284894210267,-0.00749229580966,2026-09-07,2026-09-14,Quest Diagnostics moved from rank #6 to #6 within Precision Diagnostics at 12 months; return +29.2% to +28.5%.
within_category,stock,Precision Diagnostics,DGX,Quest Diagnostics,24,5,5,0,0.550644085529,0.522347454333,-0.0282966311955,2026-09-07,2026-09-14,Quest Diagnostics moved from rank #5 to #5 within Precision Diagnostics at 24 months; return +55.1% to +52.2%.
within_category,stock,Precision Diagnostics,DGX,Quest Diagnostics,3,9,9,0,0.183983224325,0.157391903871,-0.0265913204542,2026-09-07,2026-09-14,Quest Diagnostics moved from rank #9 to #9 within Precision Diagnostics at 3 months; return +18.4% to +15.7%.
within_category,stock,Precision Diagnostics,GH,Guardant Health,12,2,2,0,1.68435057376,1.8669277712,0.18257719744,2026-09-07,2026-09-14,Guardant Health moved from rank #2 to #2 within Precision Diagnostics at 12 months; return +168.4% to +186.7%.
within_category,stock,Precision Diagnostics,GH,Guardant Health,24,1,1,0,5.8019384745,4.87458006719,-0.927358407311,2026-09-07,2026-09-14,Guardant Health moved from rank #1 to #1 within Precision Diagnostics at 24 months; return +580.2% to +487.5%.
within_category,stock,Precision Diagnostics,GH,Guardant Health,3,7,7,0,0.285009155322,0.19571493694,-0.0892942183823,2026-09-07,2026-09-14,Guardant Health moved from rank #7 to #7 within Precision Diagnostics at 3 months; return +28.5% to +19.6%.
within_category,stock,Precision Diagnostics,ILMN,Illumina,12,3,4,-1,1.20580208228,1.17041631623,-0.0353857660479,2026-09-07,2026-09-14,Illumina moved from rank #3 to #4 within Precision Diagnostics at 12 months; return +120.6% to +117.0%.
within_category,stock,Precision Diagnostics,ILMN,Illumina,24,4,4,0,0.754321086904,0.598157609537,-0.156163477367,2026-09-07,2026-09-14,Illumina moved from rank #4 to #4 within Precision Diagnostics at 24 months; return +75.4% to +59.8%.
within_category,stock,Precision Diagnostics,ILMN,Illumina,3,6,5,1,0.344381468704,0.282537118718,-0.0618443499862,2026-09-07,2026-09-14,Illumina moved from rank #6 to #5 within Precision Diagnostics at 3 months; return +34.4% to +28.3%.
within_category,stock,Precision Diagnostics,LH,Labcorp Holdings,12,7,7,0,0.173036207701,0.120849073574,-0.0521871341266,2026-09-07,2026-09-14,Labcorp Holdings moved from rank #7 to #7 within Precision Diagnostics at 12 months; return +17.3% to +12.1%.
within_category,stock,Precision Diagnostics,LH,Labcorp Holdings,24,6,6,0,0.45991693091,0.408854519966,-0.0510624109444,2026-09-07,2026-09-14,Labcorp Holdings moved from rank #6 to #6 within Precision Diagnostics at 24 months; return +46.0% to +40.9%.
within_category,stock,Precision Diagnostics,LH,Labcorp Holdings,3,8,8,0,0.232849330568,0.170498948001,-0.0623503825668,2026-09-07,2026-09-14,Labcorp Holdings moved from rank #8 to #8 within Precision Diagnostics at 3 months; return +23.3% to +17.0%.
within_category,stock,Precision Diagnostics,NEO,NeoGenomics,12,4,3,1,1.17794486216,1.17587939698,-0.00206546517508,2026-09-07,2026-09-14,NeoGenomics moved from rank #4 to #3 within Precision Diagnostics at 12 months; return +117.8% to +117.6%.
within_category,stock,Precision Diagnostics,NEO,NeoGenomics,24,8,8,0,0.0835411471322,0.0560975609756,-0.0274435861566,2026-09-07,2026-09-14,NeoGenomics moved from rank #8 to #8 within Precision Diagnostics at 24 months; return +8.4% to +5.6%.
within_category,stock,Precision Diagnostics,NEO,NeoGenomics,3,2,2,0,0.594495412844,0.5533632287,-0.0411321841444,2026-09-07,2026-09-14,NeoGenomics moved from rank #2 to #2 within Precision Diagnostics at 3 months; return +59.4% to +55.3%.
within_category,stock,Precision Diagnostics,NTRA,Natera,12,5,5,0,0.953219854779,0.951990979764,-0.00122887501519,2026-09-07,2026-09-14,Natera moved from rank #5 to #5 within Precision Diagnostics at 12 months; return +95.3% to +95.2%.
within_category,stock,Precision Diagnostics,NTRA,Natera,24,3,3,0,1.90682019486,1.60003161805,-0.306788576806,2026-09-07,2026-09-14,Natera moved from rank #3 to #3 within Precision Diagnostics at 24 months; return +190.7% to +160.0%.
within_category,stock,Precision Diagnostics,NTRA,Natera,3,3,3,0,0.524220890809,0.55104446645,0.0268235756408,2026-09-07,2026-09-14,Natera moved from rank #3 to #3 within Precision Diagnostics at 3 months; return +52.4% to +55.1%.
within_category,stock,Precision Diagnostics,PACB,PacBio,12,8,8,0,0.0629921259843,0.111111111111,0.0481189851268,2026-09-07,2026-09-14,PacBio moved from rank #8 to #8 within Precision Diagnostics at 12 months; return +6.3% to +11.1%.
within_category,stock,Precision Diagnostics,PACB,PacBio,24,9,9,0,-0.145569620253,-0.281767955801,-0.136198335548,2026-09-07,2026-09-14,PacBio moved from rank #9 to #9 within Precision Diagnostics at 24 months; return -14.6% to -28.2%.
within_category,stock,Precision Diagnostics,PACB,PacBio,3,12,10,2,-0.0689655172414,-0.00763358778626,0.0613319294551,2026-09-07,2026-09-14,PacBio moved from rank #12 to #10 within Precision Diagnostics at 3 months; return -6.9% to -0.8%.
within_category,stock,Precision Diagnostics,QDEL,QuidelOrtho,12,11,11,0,-0.51290097629,-0.587679383969,-0.0747784076792,2026-09-07,2026-09-14,QuidelOrtho moved from rank #11 to #11 within Precision Diagnostics at 12 months; return -51.3% to -58.8%.
within_category,stock,Precision Diagnostics,QDEL,QuidelOrtho,24,11,11,0,-0.678481012658,-0.740928084451,-0.0624470717933,2026-09-07,2026-09-14,QuidelOrtho moved from rank #11 to #11 within Precision Diagnostics at 24 months; return -67.8% to -74.1%.
within_category,stock,Precision Diagnostics,QDEL,QuidelOrtho,3,11,12,-1,-0.0251221214236,-0.166312809625,-0.141190688201,2026-09-07,2026-09-14,QuidelOrtho moved from rank #11 to #12 within Precision Diagnostics at 3 months; return -2.5% to -16.6%.
within_category,stock,Precision Diagnostics,TEM,Tempus AI,12,9,9,0,-0.188394875659,-0.316855753647,-0.128460877988,2026-09-07,2026-09-14,Tempus AI moved from rank #9 to #9 within Precision Diagnostics at 12 months; return -18.8% to -31.7%.
within_category,stock,Precision Diagnostics,TEM,Tempus AI,24,7,7,0,0.287507471608,0.195018226002,-0.0924892456056,2026-09-07,2026-09-14,Tempus AI moved from rank #7 to #7 within Precision Diagnostics at 24 months; return +28.8% to +19.5%.
within_category,stock,Precision Diagnostics,TEM,Tempus AI,3,5,6,-1,0.391772560844,0.23400250941,-0.157770051434,2026-09-07,2026-09-14,Tempus AI moved from rank #5 to #6 within Precision Diagnostics at 3 months; return +39.2% to +23.4%.
within_category,stock,Precision Diagnostics,TXG,10x Genomics,12,1,1,0,3.48782234957,4.42642405063,0.938601701063,2026-09-07,2026-09-14,10x Genomics moved from rank #1 to #1 within Precision Diagnostics at 12 months; return +348.8% to +442.6%.
within_category,stock,Precision Diagnostics,TXG,10x Genomics,24,2,2,0,1.90854224698,2.06616003576,0.157617788782,2026-09-07,2026-09-14,10x Genomics moved from rank #2 to #2 within Precision Diagnostics at 24 months; return +190.9% to +206.6%.
within_category,stock,Precision Diagnostics,TXG,10x Genomics,3,1,1,0,1.01836340206,1.37829403606,0.359930634001,2026-09-07,2026-09-14,10x Genomics moved from rank #1 to #1 within Precision Diagnostics at 3 months; return +101.8% to +137.8%.
within_category,stock,Value-Based Care,AGL,Agilon Health,12,1,1,0,1.95,2.35588785047,0.405887850467,2026-09-07,2026-09-14,Agilon Health moved from rank #1 to #1 within Value-Based Care at 12 months; return +195.0% to +235.6%.
within_category,stock,Value-Based Care,AGL,Agilon Health,24,2,2,0,-0.0193905817175,0.017223796034,0.0366143777515,2026-09-07,2026-09-14,Agilon Health moved from rank #2 to #2 within Value-Based Care at 24 months; return -1.9% to +1.7%.
within_category,stock,Value-Based Care,AGL,Agilon Health,3,4,4,0,-0.0862157976252,-0.204941989195,-0.11872619157,2026-09-07,2026-09-14,Agilon Health moved from rank #4 to #4 within Value-Based Care at 3 months; return -8.6% to -20.5%.
within_category,stock,Value-Based Care,ASTH,Astrana Health,12,2,2,0,0.295286195286,0.273214884345,-0.0220713109414,2026-09-07,2026-09-14,Astrana Health moved from rank #2 to #2 within Value-Based Care at 12 months; return +29.5% to +27.3%.
within_category,stock,Value-Based Care,ASTH,Astrana Health,24,3,3,0,-0.192485306465,-0.302735450707,-0.110250144242,2026-09-07,2026-09-14,Astrana Health moved from rank #3 to #3 within Value-Based Care at 24 months; return -19.2% to -30.3%.
within_category,stock,Value-Based Care,ASTH,Astrana Health,3,2,1,1,0.0126349039221,-0.0165717244951,-0.0292066284172,2026-09-07,2026-09-14,Astrana Health moved from rank #2 to #1 within Value-Based Care at 3 months; return +1.3% to -1.7%.
within_category,stock,Value-Based Care,EVH,Evolent Health,12,5,5,0,-0.550468262227,-0.535476718404,0.0149915438235,2026-09-07,2026-09-14,Evolent Health moved from rank #5 to #5 within Value-Based Care at 12 months; return -55.0% to -53.5%.
within_category,stock,Value-Based Care,EVH,Evolent Health,24,5,5,0,-0.858407079646,-0.860843573564,-0.0024364939176,2026-09-07,2026-09-14,Evolent Health moved from rank #5 to #5 within Value-Based Care at 24 months; return -85.8% to -86.1%.
within_category,stock,Value-Based Care,EVH,Evolent Health,3,1,2,-1,0.0236966824645,-0.127083333333,-0.150780015798,2026-09-07,2026-09-14,Evolent Health moved from rank #1 to #2 within Value-Based Care at 3 months; return +2.4% to -12.7%.
within_category,stock,Value-Based Care,PIII,P3 Health,12,3,3,0,0.0656242164528,-0.0197674418605,-0.0853916583133,2026-09-07,2026-09-14,P3 Health moved from rank #3 to #3 within Value-Based Care at 12 months; return +6.6% to -2.0%.
within_category,stock,Value-Based Care,PIII,P3 Health,24,4,4,0,-0.59347826087,-0.658150851582,-0.0646725907115,2026-09-07,2026-09-14,P3 Health moved from rank #4 to #4 within Value-Based Care at 24 months; return -59.3% to -65.8%.
within_category,stock,Value-Based Care,PIII,P3 Health,3,5,5,0,-0.192573402418,-0.310711365495,-0.118137963077,2026-09-07,2026-09-14,P3 Health moved from rank #5 to #5 within Value-Based Care at 3 months; return -19.3% to -31.1%.
within_category,stock,Value-Based Care,PRVA,Privia Health Group,12,4,4,0,-0.112542955326,-0.103992979377,0.00854997594908,2026-09-07,2026-09-14,Privia Health Group moved from rank #4 to #4 within Value-Based Care at 12 months; return -11.3% to -10.4%.
within_category,stock,Value-Based Care,PRVA,Privia Health Group,24,1,1,0,0.10718113612,0.0775725593668,-0.0296085767532,2026-09-07,2026-09-14,Privia Health Group moved from rank #1 to #1 within Value-Based Care at 24 months; return +10.7% to +7.8%.
within_category,stock,Value-Based Care,PRVA,Privia Health Group,3,3,3,0,-0.044845122515,-0.128467776355,-0.0836226538401,2026-09-07,2026-09-14,Privia Health Group moved from rank #3 to #3 within Value-Based Care at 3 months; return -4.5% to -12.8%.
overall_stock,stock,,ACHC,Acadia Healthcare,3,35,31,4,0.14910130719,0.152845528455,0.00374422126528,2026-09-07,2026-09-14,Acadia Healthcare moved from rank #35 to #31 across the watchlist at 3 months; return +14.9% to +15.3%.
overall_stock,stock,,ACHC,Acadia Healthcare,12,34,26,8,0.185919055649,0.305108145421,0.119189089772,2026-09-07,2026-09-14,Acadia Healthcare moved from rank #34 to #26 across the watchlist at 12 months; return +18.6% to +30.5%.
overall_stock,stock,,ACHC,Acadia Healthcare,24,75,74,1,-0.632095213183,-0.637479227918,-0.00538401473468,2026-09-07,2026-09-14,Acadia Healthcare moved from rank #75 to #74 across the watchlist at 24 months; return -63.2% to -63.7%.
overall_stock,stock,,ADUS,Addus HomeCare,3,16,14,2,0.289467969598,0.255253001715,-0.0342149678827,2026-09-07,2026-09-14,Addus HomeCare moved from rank #16 to #14 across the watchlist at 3 months; return +28.9% to +25.5%.
overall_stock,stock,,ADUS,Addus HomeCare,12,48,45,3,0.0489312842254,0.0618481908044,0.012916906579,2026-09-07,2026-09-14,Addus HomeCare moved from rank #48 to #45 across the watchlist at 12 months; return +4.9% to +6.2%.
overall_stock,stock,,ADUS,Addus HomeCare,24,48,48,0,-0.0602199889214,-0.100207484823,-0.0399874959015,2026-09-07,2026-09-14,Addus HomeCare moved from rank #48 to #48 across the watchlist at 24 months; return -6.0% to -10.0%.
overall_stock,stock,,AGL,Agilon Health,3,73,77,-4,-0.0862157976252,-0.204941989195,-0.11872619157,2026-09-07,2026-09-14,Agilon Health moved from rank #73 to #77 across the watchlist at 3 months; return -8.6% to -20.5%.
overall_stock,stock,,AGL,Agilon Health,12,3,3,0,1.95,2.35588785047,0.405887850467,2026-09-07,2026-09-14,Agilon Health moved from rank #3 to #3 across the watchlist at 12 months; return +195.0% to +235.6%.
overall_stock,stock,,AGL,Agilon Health,24,46,45,1,-0.0193905817175,0.017223796034,0.0366143777515,2026-09-07,2026-09-14,Agilon Health moved from rank #46 to #45 across the watchlist at 24 months; return -1.9% to +1.7%.
overall_stock,stock,,AHCO,Accendra Health,3,81,82,-1,-0.343781597573,-0.403543307087,-0.0597617095136,2026-09-07,2026-09-14,Accendra Health moved from rank #81 to #82 across the watchlist at 3 months; return -34.4% to -40.4%.
overall_stock,stock,,AHCO,Accendra Health,12,69,70,-1,-0.317560462671,-0.347685683531,-0.0301252208597,2026-09-07,2026-09-14,Accendra Health moved from rank #69 to #70 across the watchlist at 12 months; return -31.8% to -34.8%.
overall_stock,stock,,AHCO,Accendra Health,24,67,68,-1,-0.415315315315,-0.444291609354,-0.0289762940385,2026-09-07,2026-09-14,Accendra Health moved from rank #67 to #68 across the watchlist at 24 months; return -41.5% to -44.4%.
overall_stock,stock,,ALHC,Alignment Health,3,75,81,-6,-0.119063109954,-0.361518987342,-0.242455877388,2026-09-07,2026-09-14,Alignment Health moved from rank #75 to #81 across the watchlist at 3 months; return -11.9% to -36.2%.
overall_stock,stock,,ALHC,Alignment Health,12,63,66,-3,-0.146279949559,-0.213840399002,-0.0675604494435,2026-09-07,2026-09-14,Alignment Health moved from rank #63 to #66 across the watchlist at 12 months; return -14.6% to -21.4%.
overall_stock,stock,,ALHC,Alignment Health,24,22,42,-20,0.425263157895,0.0605550883095,-0.364708069585,2026-09-07,2026-09-14,Alignment Health moved from rank #22 to #42 across the watchlist at 24 months; return +42.5% to +6.1%.
overall_stock,stock,,AMWL,Amwell,3,8,10,-2,0.506960556845,0.427003293085,-0.0799572637605,2026-09-07,2026-09-14,Amwell moved from rank #8 to #10 across the watchlist at 3 months; return +50.7% to +42.7%.
overall_stock,stock,,AMWL,Amwell,12,12,11,1,0.861031518625,0.957831325301,0.0967998066762,2026-09-07,2026-09-14,Amwell moved from rank #12 to #11 across the watchlist at 12 months; return +86.1% to +95.8%.
overall_stock,stock,,AMWL,Amwell,24,17,21,-4,0.638083228247,0.391862955032,-0.246220273215,2026-09-07,2026-09-14,Amwell moved from rank #17 to #21 across the watchlist at 24 months; return +63.8% to +39.2%.
overall_stock,stock,,ARDT,Ardent Health Partners,3,20,26,-6,0.256912442396,0.174331550802,-0.0825808915939,2026-09-07,2026-09-14,Ardent Health Partners moved from rank #20 to #26 across the watchlist at 3 months; return +25.7% to +17.4%.
overall_stock,stock,,ARDT,Ardent Health Partners,12,65,62,3,-0.170972644377,-0.160550458716,0.0104221856614,2026-09-07,2026-09-14,Ardent Health Partners moved from rank #65 to #62 across the watchlist at 12 months; return -17.1% to -16.1%.
overall_stock,stock,,ARDT,Ardent Health Partners,24,68,65,3,-0.43147472642,-0.395041322314,0.036433404106,2026-09-07,2026-09-14,Ardent Health Partners moved from rank #68 to #65 across the watchlist at 24 months; return -43.1% to -39.5%.
overall_stock,stock,,ASTH,Astrana Health,3,59,58,1,0.0126349039221,-0.0165717244951,-0.0292066284172,2026-09-07,2026-09-14,Astrana Health moved from rank #59 to #58 across the watchlist at 3 months; return +1.3% to -1.7%.
overall_stock,stock,,ASTH,Astrana Health,12,29,30,-1,0.295286195286,0.273214884345,-0.0220713109414,2026-09-07,2026-09-14,Astrana Health moved from rank #29 to #30 across the watchlist at 12 months; return +29.5% to +27.3%.
overall_stock,stock,,ASTH,Astrana Health,24,56,61,-5,-0.192485306465,-0.302735450707,-0.110250144242,2026-09-07,2026-09-14,Astrana Health moved from rank #56 to #61 across the watchlist at 24 months; return -19.2% to -30.3%.
overall_stock,stock,,AVAH,Aveanna Healthcare,3,1,2,-1,1.03293413174,0.985895627645,-0.0470385040954,2026-09-07,2026-09-14,Aveanna Healthcare moved from rank #1 to #2 across the watchlist at 3 months; return +103.3% to +98.6%.
overall_stock,stock,,AVAH,Aveanna Healthcare,12,15,14,1,0.652068126521,0.668246445498,0.0161783189766,2026-09-07,2026-09-14,Aveanna Healthcare moved from rank #15 to #14 across the watchlist at 12 months; return +65.2% to +66.8%.
overall_stock,stock,,AVAH,Aveanna Healthcare,24,6,5,1,1.50553505535,1.61224489796,0.106709842609,2026-09-07,2026-09-14,Aveanna Healthcare moved from rank #6 to #5 across the watchlist at 24 months; return +150.6% to +161.2%.
overall_stock,stock,,BLLN,BillionToOne,3,58,60,-2,0.0226360736701,-0.0232397151899,-0.04587578886,2026-09-07,2026-09-14,BillionToOne moved from rank #58 to #60 across the watchlist at 3 months; return +2.3% to -2.3%.
overall_stock,stock,,BLLN,BillionToOne,12,,,,,,,2026-09-07,2026-09-14,BillionToOne moved from rank unavailable across the watchlist at 12 months; return unavailable.
overall_stock,stock,,BLLN,BillionToOne,24,,,,,,,2026-09-07,2026-09-14,BillionToOne moved from rank unavailable across the watchlist at 24 months; return unavailable.
overall_stock,stock,,BTSG,BrightSpring Health Services,3,48,66,-18,0.0580139372822,-0.0711687490115,-0.129182686294,2026-09-07,2026-09-14,BrightSpring Health Services moved from rank #48 to #66 across the watchlist at 3 months; return +5.8% to -7.1%.
overall_stock,stock,,BTSG,BrightSpring Health Services,12,5,6,-1,1.5167840862,1.22041587902,-0.296368207183,2026-09-07,2026-09-14,BrightSpring Health Services moved from rank #5 to #6 across the watchlist at 12 months; return +151.7% to +122.0%.
overall_stock,stock,,BTSG,BrightSpring Health Services,24,2,2,0,3.69682907966,3.240433213,-0.456395866664,2026-09-07,2026-09-14,BrightSpring Health Services moved from rank #2 to #2 across the watchlist at 24 months; return +369.7% to +324.0%.
overall_stock,stock,,CAH,Cardinal Health,3,25,47,-22,0.201594477663,0.0478892115256,-0.153705266137,2026-09-07,2026-09-14,Cardinal Health moved from rank #25 to #47 across the watchlist at 3 months; return +20.2% to +4.8%.
overall_stock,stock,,CAH,Cardinal Health,12,14,17,-3,0.65271462958,0.540790856542,-0.111923773038,2026-09-07,2026-09-14,Cardinal Health moved from rank #14 to #17 across the watchlist at 12 months; return +65.3% to +54.1%.
overall_stock,stock,,CAH,Cardinal Health,24,7,7,0,1.21150577078,1.07272245295,-0.138783317833,2026-09-07,2026-09-14,Cardinal Health moved from rank #7 to #7 across the watchlist at 24 months; return +121.2% to +107.3%.
overall_stock,stock,,CCSI,Consensus Cloud Solutions,3,49,45,4,0.0555223880597,0.0551565642057,-0.000365823854012,2026-09-07,2026-09-14,Consensus Cloud Solutions moved from rank #49 to #45 across the watchlist at 3 months; return +5.6% to +5.5%.
overall_stock,stock,,CCSI,Consensus Cloud Solutions,12,25,25,0,0.318910854159,0.329833454019,0.0109225998598,2026-09-07,2026-09-14,Consensus Cloud Solutions moved from rank #25 to #25 across the watchlist at 12 months; return +31.9% to +33.0%.
overall_stock,stock,,CCSI,Consensus Cloud Solutions,24,18,13,5,0.557709251101,0.630270750111,0.07256149901,2026-09-07,2026-09-14,Consensus Cloud Solutions moved from rank #18 to #13 across the watchlist at 24 months; return +55.8% to +63.0%.
overall_stock,stock,,CERT,Certara,3,9,8,1,0.478584729981,0.451923076923,-0.0266616530579,2026-09-07,2026-09-14,Certara moved from rank #9 to #8 across the watchlist at 3 months; return +47.9% to +45.2%.
overall_stock,stock,,CERT,Certara,12,68,68,0,-0.245247148289,-0.330673758865,-0.0854266105762,2026-09-07,2026-09-14,Certara moved from rank #68 to #68 across the watchlist at 12 months; return -24.5% to -33.1%.
overall_stock,stock,,CERT,Certara,24,63,62,1,-0.302897278314,-0.310502283105,-0.00760500479102,2026-09-07,2026-09-14,Certara moved from rank #63 to #62 across the watchlist at 24 months; return -30.3% to -31.1%.
overall_stock,stock,,CHE,Chemed (Vitas),3,29,20,9,0.177200570665,0.230521571153,0.0533210004876,2026-09-07,2026-09-14,Chemed (Vitas) moved from rank #29 to #20 across the watchlist at 3 months; return +17.7% to +23.1%.
overall_stock,stock,,CHE,Chemed (Vitas),12,41,35,6,0.116422910895,0.155846774194,0.0394238632985,2026-09-07,2026-09-14,Chemed (Vitas) moved from rank #41 to #35 across the watchlist at 12 months; return +11.6% to +15.6%.
overall_stock,stock,,CHE,Chemed (Vitas),24,52,50,2,-0.0902981940361,-0.102286171619,-0.0119879775834,2026-09-07,2026-09-14,Chemed (Vitas) moved from rank #52 to #50 across the watchlist at 24 months; return -9.0% to -10.2%.
overall_stock,stock,,CI,Cigna,3,67,63,4,-0.0240431117867,-0.0578523489933,-0.0338092372066,2026-09-07,2026-09-14,Cigna moved from rank #67 to #63 across the watchlist at 3 months; return -2.4% to -5.8%.
overall_stock,stock,,CI,Cigna,12,57,56,1,-0.0746454423373,-0.0726648170168,0.00198062532052,2026-09-07,2026-09-14,Cigna moved from rank #57 to #56 across the watchlist at 12 months; return -7.5% to -7.3%.
overall_stock,stock,,CI,Cigna,24,57,54,3,-0.200769470141,-0.230203992104,-0.0294345219625,2026-09-07,2026-09-14,Cigna moved from rank #57 to #54 across the watchlist at 24 months; return -20.1% to -23.0%.
overall_stock,stock,,CLOV,Clover Health,3,42,53,-11,0.110966057441,0.0190274841438,-0.0919385732972,2026-09-07,2026-09-14,Clover Health moved from rank #42 to #53 across the watchlist at 3 months; return +11.1% to +1.9%.
overall_stock,stock,,CLOV,Clover Health,12,17,16,1,0.547272727273,0.575163398693,0.0278906714198,2026-09-07,2026-09-14,Clover Health moved from rank #17 to #16 across the watchlist at 12 months; return +54.7% to +57.5%.
overall_stock,stock,,CLOV,Clover Health,24,15,15,0,0.695219123506,0.612040133779,-0.0831789897267,2026-09-07,2026-09-14,Clover Health moved from rank #15 to #15 across the watchlist at 24 months; return +69.5% to +61.2%.
overall_stock,stock,,CNC,Centene,3,46,54,-8,0.0755655382641,0.0188679245283,-0.0566976137358,2026-09-07,2026-09-14,Centene moved from rank #46 to #54 across the watchlist at 3 months; return +7.6% to +1.9%.
overall_stock,stock,,CNC,Centene,12,7,10,-3,1.31331953071,0.996993385448,-0.316326145262,2026-09-07,2026-09-14,Centene moved from rank #7 to #10 across the watchlist at 12 months; return +131.3% to +99.7%.
overall_stock,stock,,CNC,Centene,24,47,51,-4,-0.0535084003953,-0.118513603185,-0.0650052027898,2026-09-07,2026-09-14,Centene moved from rank #47 to #51 across the watchlist at 24 months; return -5.4% to -11.9%.
overall_stock,stock,,CON,Concentra Group,3,12,17,-5,0.361374407583,0.242445787416,-0.118928620167,2026-09-07,2026-09-14,Concentra Group moved from rank #12 to #17 across the watchlist at 3 months; return +36.1% to +24.2%.
overall_stock,stock,,CON,Concentra Group,12,18,15,3,0.492854049372,0.577878103837,0.0850240544655,2026-09-07,2026-09-14,Concentra Group moved from rank #18 to #15 across the watchlist at 12 months; return +49.3% to +57.8%.
overall_stock,stock,,CON,Concentra Group,24,23,19,4,0.420271940667,0.511678200692,0.091406260025,2026-09-07,2026-09-14,Concentra Group moved from rank #23 to #19 across the watchlist at 24 months; return +42.0% to +51.2%.
overall_stock,stock,,COR,Cencora,3,24,33,-9,0.203279522978,0.141655128342,-0.0616243946363,2026-09-07,2026-09-14,Cencora moved from rank #24 to #33 across the watchlist at 3 months; return +20.3% to +14.2%.
overall_stock,stock,,COR,Cencora,12,39,44,-5,0.131452991453,0.0629710432368,-0.0684819482162,2026-09-07,2026-09-14,Cencora moved from rank #39 to #44 across the watchlist at 12 months; return +13.1% to +6.3%.
overall_stock,stock,,COR,Cencora,24,24,23,1,0.408477678001,0.340545272636,-0.0679324053647,2026-09-07,2026-09-14,Cencora moved from rank #24 to #23 across the watchlist at 24 months; return +40.8% to +34.1%.
overall_stock,stock,,CTRE,CareTrust REIT,3,56,46,10,0.0273900447722,0.0480325644505,0.0206425196783,2026-09-07,2026-09-14,CareTrust REIT moved from rank #56 to #46 across the watchlist at 3 months; return +2.7% to +4.8%.
overall_stock,stock,,CTRE,CareTrust REIT,12,38,36,2,0.149381261049,0.129239766082,-0.0201414949671,2026-09-07,2026-09-14,CareTrust REIT moved from rank #38 to #36 across the watchlist at 12 months; return +14.9% to +12.9%.
overall_stock,stock,,CTRE,CareTrust REIT,24,27,28,-1,0.309939556749,0.2425997426,-0.0673398141493,2026-09-07,2026-09-14,CareTrust REIT moved from rank #27 to #28 across the watchlist at 24 months; return +31.0% to +24.3%.
overall_stock,stock,,CVS,CVS Health,3,60,67,-7,0.00844365683311,-0.07159670459,-0.0800403614231,2026-09-07,2026-09-14,CVS Health moved from rank #60 to #67 across the watchlist at 3 months; return +0.8% to -7.2%.
overall_stock,stock,,CVS,CVS Health,12,26,31,-5,0.31119544592,0.262469991998,-0.0487254539221,2026-09-07,2026-09-14,CVS Health moved from rank #26 to #31 across the watchlist at 12 months; return +31.1% to +26.2%.
overall_stock,stock,,CVS,CVS Health,24,16,12,4,0.675151515152,0.632631942049,-0.042519573103,2026-09-07,2026-09-14,CVS Health moved from rank #16 to #12 across the watchlist at 24 months; return +67.5% to +63.3%.
overall_stock,stock,,CYH,Community Health Systems,3,50,65,-15,0.0547445255474,-0.0641025641026,-0.11884708965,2026-09-07,2026-09-14,Community Health Systems moved from rank #50 to #65 across the watchlist at 3 months; return +5.5% to -6.4%.
overall_stock,stock,,CYH,Community Health Systems,12,50,51,-1,-0.0102739726027,-0.00680272108844,0.00347125151426,2026-09-07,2026-09-14,Community Health Systems moved from rank #50 to #51 across the watchlist at 12 months; return -1.0% to -0.7%.
overall_stock,stock,,CYH,Community Health Systems,24,69,69,0,-0.49298245614,-0.48951048951,0.00347196662951,2026-09-07,2026-09-14,Community Health Systems moved from rank #69 to #69 across the watchlist at 24 months; return -49.3% to -49.0%.
overall_stock,stock,,DGX,Quest Diagnostics,3,27,30,-3,0.183983224325,0.157391903871,-0.0265913204542,2026-09-07,2026-09-14,Quest Diagnostics moved from rank #27 to #30 across the watchlist at 3 months; return +18.4% to +15.7%.
overall_stock,stock,,DGX,Quest Diagnostics,12,31,28,3,0.292386506077,0.284894210267,-0.00749229580966,2026-09-07,2026-09-14,Quest Diagnostics moved from rank #31 to #28 across the watchlist at 12 months; return +29.2% to +28.5%.
overall_stock,stock,,DGX,Quest Diagnostics,24,19,17,2,0.550644085529,0.522347454333,-0.0282966311955,2026-09-07,2026-09-14,Quest Diagnostics moved from rank #19 to #17 across the watchlist at 24 months; return +55.1% to +52.2%.
overall_stock,stock,,DH,Definitive Healthcare,3,32,16,16,0.170568561873,0.250744490768,0.0801759288953,2026-09-07,2026-09-14,Definitive Healthcare moved from rank #32 to #16 across the watchlist at 3 months; return +17.1% to +25.1%.
overall_stock,stock,,DH,Definitive Healthcare,12,80,80,0,-0.7375,-0.746987951807,-0.00948795180723,2026-09-07,2026-09-14,Definitive Healthcare moved from rank #80 to #80 across the watchlist at 12 months; return -73.8% to -74.7%.
overall_stock,stock,,DH,Definitive Healthcare,24,77,77,0,-0.755813953488,-0.763513513514,-0.00769956002551,2026-09-07,2026-09-14,Definitive Healthcare moved from rank #77 to #77 across the watchlist at 24 months; return -75.6% to -76.4%.
overall_stock,stock,,DOC,Healthpeak properties,3,52,59,-7,0.0434562910561,-0.0188496858386,-0.0623059768947,2026-09-07,2026-09-14,Healthpeak properties moved from rank #52 to #59 across the watchlist at 3 months; return +4.3% to -1.9%.
overall_stock,stock,,DOC,Healthpeak properties,12,40,38,2,0.122892876563,0.122787610619,-0.000105265943531,2026-09-07,2026-09-14,Healthpeak properties moved from rank #40 to #38 across the watchlist at 12 months; return +12.3% to +12.3%.
overall_stock,stock,,DOC,Healthpeak properties,24,49,49,0,-0.0609367894497,-0.100974313552,-0.0400375241021,2026-09-07,2026-09-14,Healthpeak properties moved from rank #49 to #49 across the watchlist at 24 months; return -6.1% to -10.1%.
overall_stock,stock,,DOCS,Doximity,3,18,13,5,0.279747450219,0.276447105788,-0.00330034443058,2026-09-07,2026-09-14,Doximity moved from rank #18 to #13 across the watchlist at 3 months; return +28.0% to +27.6%.
overall_stock,stock,,DOCS,Doximity,12,79,79,0,-0.619988462648,-0.639870477263,-0.0198820146151,2026-09-07,2026-09-14,Doximity moved from rank #79 to #79 across the watchlist at 12 months; return -62.0% to -64.0%.
overall_stock,stock,,DOCS,Doximity,24,62,63,-1,-0.274903687397,-0.349440488301,-0.0745368009041,2026-09-07,2026-09-14,Doximity moved from rank #62 to #63 across the watchlist at 24 months; return -27.5% to -34.9%.
overall_stock,stock,,DVA,Davita,3,70,72,-2,-0.0425166527893,-0.129924278731,-0.0874076259416,2026-09-07,2026-09-14,Davita moved from rank #70 to #72 across the watchlist at 3 months; return -4.3% to -13.0%.
overall_stock,stock,,DVA,Davita,12,22,23,-1,0.334518024226,0.36329503642,0.0287770121936,2026-09-07,2026-09-14,Davita moved from rank #22 to #23 across the watchlist at 12 months; return +33.5% to +36.3%.
overall_stock,stock,,DVA,Davita,24,32,36,-4,0.226763568476,0.109990217657,-0.116773350819,2026-09-07,2026-09-14,Davita moved from rank #32 to #36 across the watchlist at 24 months; return +22.7% to +11.0%.
overall_stock,stock,,EHC,Encompass Health,3,30,22,8,0.170945101433,0.199467823002,0.0285227215689,2026-09-07,2026-09-14,Encompass Health moved from rank #30 to #22 across the watchlist at 3 months; return +17.1% to +19.9%.
overall_stock,stock,,EHC,Encompass Health,12,53,54,-1,-0.0301799649626,-0.0344307814359,-0.00425081647334,2026-09-07,2026-09-14,Encompass Health moved from rank #53 to #54 across the watchlist at 12 months; return -3.0% to -3.4%.
overall_stock,stock,,EHC,Encompass Health,24,26,24,2,0.328714815623,0.305201072386,-0.0235137432369,2026-09-07,2026-09-14,Encompass Health moved from rank #26 to #24 across the watchlist at 24 months; return +32.9% to +30.5%.
overall_stock,stock,,ELV,Elevance,3,66,48,18,-0.0193247178302,0.0362560942411,0.0555808120713,2026-09-07,2026-09-14,Elevance moved from rank #66 to #48 across the watchlist at 3 months; return -1.9% to +3.6%.
overall_stock,stock,,ELV,Elevance,12,28,24,4,0.299260298431,0.343084423916,0.0438241254848,2026-09-07,2026-09-14,Elevance moved from rank #28 to #24 across the watchlist at 12 months; return +29.9% to +34.3%.
overall_stock,stock,,ELV,Elevance,24,60,56,4,-0.248030115702,-0.23985186261,0.00817825309217,2026-09-07,2026-09-14,Elevance moved from rank #60 to #56 across the watchlist at 24 months; return -24.8% to -24.0%.
overall_stock,stock,,ENSG,The Ensign Group,3,64,28,36,0.00287727539636,0.164758653009,0.161881377613,2026-09-07,2026-09-14,The Ensign Group moved from rank #64 to #28 across the watchlist at 3 months; return +0.3% to +16.5%.
overall_stock,stock,,ENSG,The Ensign Group,12,52,48,4,-0.0183918616012,0.0356568843384,0.0540487459396,2026-09-07,2026-09-14,The Ensign Group moved from rank #52 to #48 across the watchlist at 12 months; return -1.8% to +3.6%.
overall_stock,stock,,ENSG,The Ensign Group,24,37,33,4,0.145857094935,0.139134420219,-0.00672267471631,2026-09-07,2026-09-14,The Ensign Group moved from rank #37 to #33 across the watchlist at 24 months; return +14.6% to +13.9%.
overall_stock,stock,,EVH,Evolent Health,3,57,70,-13,0.0236966824645,-0.127083333333,-0.150780015798,2026-09-07,2026-09-14,Evolent Health moved from rank #57 to #70 across the watchlist at 3 months; return +2.4% to -12.7%.
overall_stock,stock,,EVH,Evolent Health,12,77,76,1,-0.550468262227,-0.535476718404,0.0149915438235,2026-09-07,2026-09-14,Evolent Health moved from rank #77 to #76 across the watchlist at 12 months; return -55.0% to -53.5%.
overall_stock,stock,,EVH,Evolent Health,24,79,79,0,-0.858407079646,-0.860843573564,-0.0024364939176,2026-09-07,2026-09-14,Evolent Health moved from rank #79 to #79 across the watchlist at 24 months; return -85.8% to -86.1%.
overall_stock,stock,,FMS,Fresenius,3,55,62,-7,0.0285973672265,-0.0291051259774,-0.0577024932039,2026-09-07,2026-09-14,Fresenius moved from rank #55 to #62 across the watchlist at 3 months; return +2.9% to -2.9%.
overall_stock,stock,,FMS,Fresenius,12,58,61,-3,-0.0851836899475,-0.104925911093,-0.0197422211458,2026-09-07,2026-09-14,Fresenius moved from rank #58 to #61 across the watchlist at 12 months; return -8.5% to -10.5%.
overall_stock,stock,,FMS,Fresenius,24,36,43,-7,0.151422764228,0.0597439544808,-0.0916788097472,2026-09-07,2026-09-14,Fresenius moved from rank #36 to #43 across the watchlist at 24 months; return +15.1% to +6.0%.
overall_stock,stock,,GDRX,GoodRx,3,15,12,3,0.31320754717,0.279245283019,-0.0339622641511,2026-09-07,2026-09-14,GoodRx moved from rank #15 to #12 across the watchlist at 3 months; return +31.3% to +27.9%.
overall_stock,stock,,GDRX,GoodRx,12,62,64,-2,-0.13,-0.190930787589,-0.0609307875895,2026-09-07,2026-09-14,GoodRx moved from rank #62 to #64 across the watchlist at 12 months; return -13.0% to -19.1%.
overall_stock,stock,,GDRX,GoodRx,24,73,72,1,-0.548638132296,-0.562580645161,-0.0139425128653,2026-09-07,2026-09-14,GoodRx moved from rank #73 to #72 across the watchlist at 24 months; return -54.9% to -56.3%.
overall_stock,stock,,GH,Guardant Health,3,17,23,-6,0.285009155322,0.19571493694,-0.0892942183823,2026-09-07,2026-09-14,Guardant Health moved from rank #17 to #23 across the watchlist at 3 months; return +28.5% to +19.6%.
overall_stock,stock,,GH,Guardant Health,12,4,4,0,1.68435057376,1.8669277712,0.18257719744,2026-09-07,2026-09-14,Guardant Health moved from rank #4 to #4 across the watchlist at 12 months; return +168.4% to +186.7%.
overall_stock,stock,,GH,Guardant Health,24,1,1,0,5.8019384745,4.87458006719,-0.927358407311,2026-09-07,2026-09-14,Guardant Health moved from rank #1 to #1 across the watchlist at 24 months; return +580.2% to +487.5%.
overall_stock,stock,,HCA,HCA Healthcare,3,44,38,6,0.0883293472711,0.102691254714,0.0143619074425,2026-09-07,2026-09-14,HCA Healthcare moved from rank #44 to #38 across the watchlist at 3 months; return +8.8% to +10.3%.
overall_stock,stock,,HCA,HCA Healthcare,12,54,46,8,-0.0374789077168,0.053834571619,0.0913134793358,2026-09-07,2026-09-14,HCA Healthcare moved from rank #54 to #46 across the watchlist at 12 months; return -3.7% to +5.4%.
overall_stock,stock,,HCA,HCA Healthcare,24,45,40,5,0.043868240631,0.0817371034762,0.0378688628452,2026-09-07,2026-09-14,HCA Healthcare moved from rank #45 to #40 across the watchlist at 24 months; return +4.4% to +8.2%.
overall_stock,stock,,HCAT,Health Catalyst,3,76,69,7,-0.124352331606,-0.0810810810811,0.0432712505249,2026-09-07,2026-09-14,Health Catalyst moved from rank #76 to #69 across the watchlist at 3 months; return -12.4% to -8.1%.
overall_stock,stock,,HCAT,Health Catalyst,12,75,72,3,-0.5,-0.456869009585,0.0431309904153,2026-09-07,2026-09-14,Health Catalyst moved from rank #75 to #72 across the watchlist at 12 months; return -50.0% to -45.7%.
overall_stock,stock,,HCAT,Health Catalyst,24,78,78,0,-0.76817558299,-0.798578199052,-0.0304026160621,2026-09-07,2026-09-14,Health Catalyst moved from rank #78 to #78 across the watchlist at 24 months; return -76.8% to -79.9%.
overall_stock,stock,,HIMS,Hims & Hers,3,47,51,-4,0.0580374188622,0.0257270693512,-0.032310349511,2026-09-07,2026-09-14,Hims & Hers moved from rank #47 to #51 across the watchlist at 3 months; return +5.8% to +2.6%.
overall_stock,stock,,HIMS,Hims & Hers,12,73,75,-2,-0.427597603801,-0.504324324324,-0.0767267205233,2026-09-07,2026-09-14,Hims & Hers moved from rank #73 to #75 across the watchlist at 12 months; return -42.8% to -50.4%.
overall_stock,stock,,HIMS,Hims & Hers,24,8,11,-3,1.03003663004,0.660229330115,-0.369807299925,2026-09-07,2026-09-14,Hims & Hers moved from rank #8 to #11 across the watchlist at 24 months; return +103.0% to +66.0%.
overall_stock,stock,,HQY,HealthEquity,3,45,41,4,0.0834555091914,0.0896536110482,0.00619810185682,2026-09-07,2026-09-14,HealthEquity moved from rank #45 to #41 across the watchlist at 3 months; return +8.3% to +9.0%.
overall_stock,stock,,HQY,HealthEquity,12,47,47,0,0.0501749016178,0.040761163369,-0.00941373824879,2026-09-07,2026-09-14,HealthEquity moved from rank #47 to #47 across the watchlist at 12 months; return +5.0% to +4.1%.
overall_stock,stock,,HQY,HealthEquity,24,31,29,2,0.260099685205,0.230474242618,-0.0296254425871,2026-09-07,2026-09-14,HealthEquity moved from rank #31 to #29 across the watchlist at 24 months; return +26.0% to +23.0%.
overall_stock,stock,,HSIC,Henry Schein,3,34,42,-8,0.159586830213,0.0875076923077,-0.0720791379053,2026-09-07,2026-09-14,Henry Schein moved from rank #34 to #42 across the watchlist at 3 months; return +16.0% to +8.8%.
overall_stock,stock,,HSIC,Henry Schein,12,30,29,1,0.293533054875,0.280394145776,-0.013138909099,2026-09-07,2026-09-14,Henry Schein moved from rank #30 to #29 across the watchlist at 12 months; return +29.4% to +28.0%.
overall_stock,stock,,HSIC,Henry Schein,24,28,26,2,0.30518819939,0.255470304064,-0.0497178953263,2026-09-07,2026-09-14,Henry Schein moved from rank #28 to #26 across the watchlist at 24 months; return +30.5% to +25.5%.
overall_stock,stock,,HUM,Humana,3,37,43,-6,0.146994972578,0.0806392067929,-0.0663557657851,2026-09-07,2026-09-14,Humana moved from rank #37 to #43 across the watchlist at 3 months; return +14.7% to +8.1%.
overall_stock,stock,,HUM,Humana,12,27,19,8,0.304040010392,0.482419331501,0.178379321109,2026-09-07,2026-09-14,Humana moved from rank #27 to #19 across the watchlist at 12 months; return +30.4% to +48.2%.
overall_stock,stock,,HUM,Humana,24,39,25,14,0.122058905717,0.274412240328,0.152353334611,2026-09-07,2026-09-14,Humana moved from rank #39 to #25 across the watchlist at 24 months; return +12.2% to +27.4%.
overall_stock,stock,,ILMN,Illumina,3,13,11,2,0.344381468704,0.282537118718,-0.0618443499862,2026-09-07,2026-09-14,Illumina moved from rank #13 to #11 across the watchlist at 3 months; return +34.4% to +28.3%.
overall_stock,stock,,ILMN,Illumina,12,8,8,0,1.20580208228,1.17041631623,-0.0353857660479,2026-09-07,2026-09-14,Illumina moved from rank #8 to #8 across the watchlist at 12 months; return +120.6% to +117.0%.
overall_stock,stock,,ILMN,Illumina,24,13,16,-3,0.754321086904,0.598157609537,-0.156163477367,2026-09-07,2026-09-14,Illumina moved from rank #13 to #16 across the watchlist at 24 months; return +75.4% to +59.8%.
overall_stock,stock,,IQV,Iqvia,3,10,9,1,0.459634777869,0.442576876447,-0.0170579014224,2026-09-07,2026-09-14,Iqvia moved from rank #10 to #9 across the watchlist at 3 months; return +46.0% to +44.3%.
overall_stock,stock,,IQV,Iqvia,12,19,20,-1,0.426736999147,0.398194637325,-0.0285423618219,2026-09-07,2026-09-14,Iqvia moved from rank #19 to #20 across the watchlist at 12 months; return +42.7% to +39.8%.
overall_stock,stock,,IQV,Iqvia,24,43,39,4,0.101616818201,0.0966485127775,-0.00496830542346,2026-09-07,2026-09-14,Iqvia moved from rank #43 to #39 across the watchlist at 24 months; return +10.2% to +9.7%.
overall_stock,stock,,LFMD,LifeMD,3,82,80,2,-0.370143149284,-0.351063829787,0.0190793194968,2026-09-07,2026-09-14,LifeMD moved from rank #82 to #80 across the watchlist at 3 months; return -37.0% to -35.1%.
overall_stock,stock,,LFMD,LifeMD,12,74,73,1,-0.491749174917,-0.474137931034,0.0176112438825,2026-09-07,2026-09-14,LifeMD moved from rank #74 to #73 across the watchlist at 12 months; return -49.2% to -47.4%.
overall_stock,stock,,LFMD,LifeMD,24,65,66,-1,-0.356993736952,-0.421252371917,-0.0642586349645,2026-09-07,2026-09-14,LifeMD moved from rank #65 to #66 across the watchlist at 24 months; return -35.7% to -42.1%.
overall_stock,stock,,LFST,Lifestance Health,3,3,6,-3,0.717948717949,0.525882352941,-0.192066365008,2026-09-07,2026-09-14,Lifestance Health moved from rank #3 to #6 across the watchlist at 3 months; return +71.8% to +52.6%.
overall_stock,stock,,LFST,Lifestance Health,12,6,5,1,1.37057728119,1.47992351816,0.109346236974,2026-09-07,2026-09-14,Lifestance Health moved from rank #6 to #5 across the watchlist at 12 months; return +137.1% to +148.0%.
overall_stock,stock,,LFST,Lifestance Health,24,11,8,3,0.831654676259,0.868876080692,0.0372214044326,2026-09-07,2026-09-14,Lifestance Health moved from rank #11 to #8 across the watchlist at 24 months; return +83.2% to +86.9%.
overall_stock,stock,,LH,Labcorp Holdings,3,23,27,-4,0.232849330568,0.170498948001,-0.0623503825668,2026-09-07,2026-09-14,Labcorp Holdings moved from rank #23 to #27 across the watchlist at 3 months; return +23.3% to +17.0%.
overall_stock,stock,,LH,Labcorp Holdings,12,35,39,-4,0.173036207701,0.120849073574,-0.0521871341266,2026-09-07,2026-09-14,Labcorp Holdings moved from rank #35 to #39 across the watchlist at 12 months; return +17.3% to +12.1%.
overall_stock,stock,,LH,Labcorp Holdings,24,20,20,0,0.45991693091,0.408854519966,-0.0510624109444,2026-09-07,2026-09-14,Labcorp Holdings moved from rank #20 to #20 across the watchlist at 24 months; return +46.0% to +40.9%.
overall_stock,stock,,MCK,McKesson,3,31,36,-5,0.170603099296,0.124303296984,-0.0462998023124,2026-09-07,2026-09-14,McKesson moved from rank #31 to #36 across the watchlist at 3 months; return +17.1% to +12.4%.
overall_stock,stock,,MCK,McKesson,12,24,32,-8,0.320904858889,0.239085209862,-0.081819649027,2026-09-07,2026-09-14,McKesson moved from rank #24 to #32 across the watchlist at 12 months; return +32.1% to +23.9%.
overall_stock,stock,,MCK,McKesson,24,12,10,2,0.800959993653,0.699099863148,-0.101860130505,2026-09-07,2026-09-14,McKesson moved from rank #12 to #10 across the watchlist at 24 months; return +80.1% to +69.9%.
overall_stock,stock,,MDRX,Veradigm,3,69,56,13,-0.04,0,0.04,2026-09-07,2026-09-14,Veradigm moved from rank #69 to #56 across the watchlist at 3 months; return -4.0% to +0.0%.
overall_stock,stock,,MDRX,Veradigm,12,51,49,2,-0.0123456790123,0.0322580645161,0.0446037435284,2026-09-07,2026-09-14,Veradigm moved from rank #51 to #49 across the watchlist at 12 months; return -1.2% to +3.2%.
overall_stock,stock,,MDRX,Veradigm,24,70,70,0,-0.505154639175,-0.510204081633,-0.00504944245765,2026-09-07,2026-09-14,Veradigm moved from rank #70 to #70 across the watchlist at 24 months; return -50.5% to -51.0%.
overall_stock,stock,,MOH,Molina Healthcare,3,51,52,-1,0.0520800586818,0.0197223886559,-0.0323576700259,2026-09-07,2026-09-14,Molina Healthcare moved from rank #51 to #52 across the watchlist at 3 months; return +5.2% to +2.0%.
overall_stock,stock,,MOH,Molina Healthcare,12,37,37,0,0.149728027484,0.129091110128,-0.0206369173557,2026-09-07,2026-09-14,Molina Healthcare moved from rank #37 to #37 across the watchlist at 12 months; return +15.0% to +12.9%.
overall_stock,stock,,MOH,Molina Healthcare,24,66,67,-1,-0.386832783681,-0.429843662758,-0.0430108790772,2026-09-07,2026-09-14,Molina Healthcare moved from rank #66 to #67 across the watchlist at 24 months; return -38.7% to -43.0%.
overall_stock,stock,,MPT,Medical Properties Trust,3,78,78,0,-0.194779116466,-0.266129032258,-0.0713499157921,2026-09-07,2026-09-14,Medical Properties Trust moved from rank #78 to #78 across the watchlist at 3 months; return -19.5% to -26.6%.
overall_stock,stock,,MPT,Medical Properties Trust,12,,,,,,,2026-09-07,2026-09-14,Medical Properties Trust moved from rank unavailable across the watchlist at 12 months; return unavailable.
overall_stock,stock,,MPT,Medical Properties Trust,24,,,,,,,2026-09-07,2026-09-14,Medical Properties Trust moved from rank unavailable across the watchlist at 24 months; return unavailable.
overall_stock,stock,,NEO,NeoGenomics,3,5,4,1,0.594495412844,0.5533632287,-0.0411321841444,2026-09-07,2026-09-14,NeoGenomics moved from rank #5 to #4 across the watchlist at 3 months; return +59.4% to +55.3%.
overall_stock,stock,,NEO,NeoGenomics,12,9,7,2,1.17794486216,1.17587939698,-0.00206546517508,2026-09-07,2026-09-14,NeoGenomics moved from rank #9 to #7 across the watchlist at 12 months; return +117.8% to +117.6%.
overall_stock,stock,,NEO,NeoGenomics,24,44,44,0,0.0835411471322,0.0560975609756,-0.0274435861566,2026-09-07,2026-09-14,NeoGenomics moved from rank #44 to #44 across the watchlist at 24 months; return +8.4% to +5.6%.
overall_stock,stock,,NHI,National Health Investors,3,61,61,0,0.00638932273179,-0.0246879334258,-0.0310772561576,2026-09-07,2026-09-14,National Health Investors moved from rank #61 to #61 across the watchlist at 3 months; return +0.6% to -2.5%.
overall_stock,stock,,NHI,National Health Investors,12,59,58,1,-0.0959183673469,-0.101800996296,-0.00588262894892,2026-09-07,2026-09-14,National Health Investors moved from rank #59 to #58 across the watchlist at 12 months; return -9.6% to -10.2%.
overall_stock,stock,,NHI,National Health Investors,24,53,53,0,-0.13886526546,-0.173192239859,-0.0343269743989,2026-09-07,2026-09-14,National Health Investors moved from rank #53 to #53 across the watchlist at 24 months; return -13.9% to -17.3%.
overall_stock,stock,,NTRA,Natera,3,7,5,2,0.524220890809,0.55104446645,0.0268235756408,2026-09-07,2026-09-14,Natera moved from rank #7 to #5 across the watchlist at 3 months; return +52.4% to +55.1%.
overall_stock,stock,,NTRA,Natera,12,11,12,-1,0.953219854779,0.951990979764,-0.00122887501519,2026-09-07,2026-09-14,Natera moved from rank #11 to #12 across the watchlist at 12 months; return +95.3% to +95.2%.
overall_stock,stock,,NTRA,Natera,24,5,6,-1,1.90682019486,1.60003161805,-0.306788576806,2026-09-07,2026-09-14,Natera moved from rank #5 to #6 across the watchlist at 24 months; return +190.7% to +160.0%.
overall_stock,stock,,OHI,Omega Healthcare Investors,3,53,50,3,0.0429503035754,0.0266550142014,-0.016295289374,2026-09-07,2026-09-14,Omega Healthcare Investors moved from rank #53 to #50 across the watchlist at 3 months; return +4.3% to +2.7%.
overall_stock,stock,,OHI,Omega Healthcare Investors,12,43,41,2,0.0751043115438,0.106167608286,0.0310632967425,2026-09-07,2026-09-14,Omega Healthcare Investors moved from rank #43 to #41 across the watchlist at 12 months; return +7.5% to +10.6%.
overall_stock,stock,,OHI,Omega Healthcare Investors,24,35,32,3,0.170030272452,0.156819300837,-0.013210971615,2026-09-07,2026-09-14,Omega Healthcare Investors moved from rank #35 to #32 across the watchlist at 24 months; return +17.0% to +15.7%.
overall_stock,stock,,OMCL,Omnicell,3,79,73,6,-0.200697674419,-0.133227597145,0.0674700772739,2026-09-07,2026-09-14,Omnicell moved from rank #79 to #73 across the watchlist at 3 months; return -20.1% to -13.3%.
overall_stock,stock,,OMCL,Omnicell,12,44,50,-6,0.0703830582373,0.0301602262017,-0.0402228320356,2026-09-07,2026-09-14,Omnicell moved from rank #44 to #50 across the watchlist at 12 months; return +7.0% to +3.0%.
overall_stock,stock,,OMCL,Omnicell,24,58,57,1,-0.241112828439,-0.240268767377,0.000844061061799,2026-09-07,2026-09-14,Omnicell moved from rank #58 to #57 across the watchlist at 24 months; return -24.1% to -24.0%.
overall_stock,stock,,OMDA,Omada Health,3,19,32,-13,0.269938650307,0.147024504084,-0.122914146223,2026-09-07,2026-09-14,Omada Health moved from rank #19 to #32 across the watchlist at 3 months; return +27.0% to +14.7%.
overall_stock,stock,,OMDA,Omada Health,12,55,60,-5,-0.0621911037891,-0.104735883424,-0.0425447796353,2026-09-07,2026-09-14,Omada Health moved from rank #55 to #60 across the watchlist at 12 months; return -6.2% to -10.5%.
overall_stock,stock,,OMDA,Omada Health,24,,,,,,,2026-09-07,2026-09-14,Omada Health moved from rank unavailable across the watchlist at 24 months; return unavailable.
overall_stock,stock,,OPCH,Option Care Health,3,28,35,-7,0.180399804973,0.131021194605,-0.049378610368,2026-09-07,2026-09-14,Option Care Health moved from rank #28 to #35 across the watchlist at 3 months; return +18.0% to +13.1%.
overall_stock,stock,,OPCH,Option Care Health,12,64,63,1,-0.167755242351,-0.175561797753,-0.00780655540181,2026-09-07,2026-09-14,Option Care Health moved from rank #64 to #63 across the watchlist at 12 months; return -16.8% to -17.6%.
overall_stock,stock,,OPCH,Option Care Health,24,59,59,0,-0.245794392523,-0.266020631447,-0.0202262389243,2026-09-07,2026-09-14,Option Care Health moved from rank #59 to #59 across the watchlist at 24 months; return -24.6% to -26.6%.
overall_stock,stock,,ORCL,Oracle-Cerner,3,80,76,4,-0.256926244852,-0.18383750611,0.0730887387422,2026-09-07,2026-09-14,Oracle-Cerner moved from rank #80 to #76 across the watchlist at 3 months; return -25.7% to -18.4%.
overall_stock,stock,,ORCL,Oracle-Cerner,12,70,74,-4,-0.31795532646,-0.48565952495,-0.16770419849,2026-09-07,2026-09-14,Oracle-Cerner moved from rank #70 to #74 across the watchlist at 12 months; return -31.8% to -48.6%.
overall_stock,stock,,ORCL,Oracle-Cerner,24,40,47,-7,0.119667160285,-0.0725174350429,-0.192184595328,2026-09-07,2026-09-14,Oracle-Cerner moved from rank #40 to #47 across the watchlist at 24 months; return +12.0% to -7.3%.
overall_stock,stock,,OSCR,Oscar Health,3,14,29,-15,0.315789473684,0.159589525832,-0.156199947852,2026-09-07,2026-09-14,Oscar Health moved from rank #14 to #29 across the watchlist at 3 months; return +31.6% to +16.0%.
overall_stock,stock,,OSCR,Oscar Health,12,13,13,0,0.659804426145,0.695292291774,0.0354878656294,2026-09-07,2026-09-14,Oscar Health moved from rank #13 to #13 across the watchlist at 12 months; return +66.0% to +69.5%.
overall_stock,stock,,OSCR,Oscar Health,24,9,18,-9,0.898175397293,0.516427579824,-0.381747817469,2026-09-07,2026-09-14,Oscar Health moved from rank #9 to #18 across the watchlist at 24 months; return +89.8% to +51.6%.
overall_stock,stock,,PACB,PacBio,3,72,57,15,-0.0689655172414,-0.00763358778626,0.0613319294551,2026-09-07,2026-09-14,PacBio moved from rank #72 to #57 across the watchlist at 3 months; return -6.9% to -0.8%.
overall_stock,stock,,PACB,PacBio,12,46,40,6,0.0629921259843,0.111111111111,0.0481189851268,2026-09-07,2026-09-14,PacBio moved from rank #46 to #40 across the watchlist at 12 months; return +6.3% to +11.1%.
overall_stock,stock,,PACB,PacBio,24,54,60,-6,-0.145569620253,-0.281767955801,-0.136198335548,2026-09-07,2026-09-14,PacBio moved from rank #54 to #60 across the watchlist at 24 months; return -14.6% to -28.2%.
overall_stock,stock,,PACS,PACS Group,3,36,19,17,0.148338286949,0.233737596472,0.0853993095229,2026-09-07,2026-09-14,PACS Group moved from rank #36 to #19 across the watchlist at 3 months; return +14.8% to +23.4%.
overall_stock,stock,,PACS,PACS Group,12,2,2,0,2.8048343778,3.59076923077,0.785934852969,2026-09-07,2026-09-14,PACS Group moved from rank #2 to #2 across the watchlist at 12 months; return +280.5% to +359.1%.
overall_stock,stock,,PACS,PACS Group,24,38,38,0,0.145552560647,0.0992141453831,-0.0463384152639,2026-09-07,2026-09-14,PACS Group moved from rank #38 to #38 across the watchlist at 24 months; return +14.6% to +9.9%.
overall_stock,stock,,PGNY,Progyny,3,63,49,14,0.0030935808198,0.0270371761172,0.0239435952974,2026-09-07,2026-09-14,Progyny moved from rank #63 to #49 across the watchlist at 3 months; return +0.3% to +2.7%.
overall_stock,stock,,PGNY,Progyny,12,36,33,3,0.150332594235,0.215015548645,0.06468295441,2026-09-07,2026-09-14,Progyny moved from rank #36 to #33 across the watchlist at 12 months; return +15.0% to +21.5%.
overall_stock,stock,,PGNY,Progyny,24,41,35,6,0.11858559724,0.132505175983,0.0139195787434,2026-09-07,2026-09-14,Progyny moved from rank #41 to #35 across the watchlist at 24 months; return +11.9% to +13.3%.
overall_stock,stock,,PHR,Phreesia,3,38,34,4,0.146750524109,0.137969094923,-0.00878142918626,2026-09-07,2026-09-14,Phreesia moved from rank #38 to #34 across the watchlist at 3 months; return +14.7% to +13.8%.
overall_stock,stock,,PHR,Phreesia,12,78,77,1,-0.611091361536,-0.573790822654,0.037300538882,2026-09-07,2026-09-14,Phreesia moved from rank #78 to #77 across the watchlist at 12 months; return -61.1% to -57.4%.
overall_stock,stock,,PHR,Phreesia,24,72,73,-1,-0.535456475584,-0.582422033212,-0.0469655576278,2026-09-07,2026-09-14,Phreesia moved from rank #72 to #73 across the watchlist at 24 months; return -53.5% to -58.2%.
overall_stock,stock,,PIII,P3 Health,3,77,79,-2,-0.192573402418,-0.310711365495,-0.118137963077,2026-09-07,2026-09-14,P3 Health moved from rank #77 to #79 across the watchlist at 3 months; return -19.3% to -31.1%.
overall_stock,stock,,PIII,P3 Health,12,45,53,-8,0.0656242164528,-0.0197674418605,-0.0853916583133,2026-09-07,2026-09-14,P3 Health moved from rank #45 to #53 across the watchlist at 12 months; return +6.6% to -2.0%.
overall_stock,stock,,PIII,P3 Health,24,74,75,-1,-0.59347826087,-0.658150851582,-0.0646725907115,2026-09-07,2026-09-14,P3 Health moved from rank #74 to #75 across the watchlist at 24 months; return -59.3% to -65.8%.
overall_stock,stock,,PNTG,Pennant Group,3,26,25,1,0.198360138757,0.193302891933,-0.00505724682397,2026-09-07,2026-09-14,Pennant Group moved from rank #26 to #25 across the watchlist at 3 months; return +19.8% to +19.3%.
overall_stock,stock,,PNTG,Pennant Group,12,16,18,-2,0.564429806505,0.532447224394,-0.0319825821109,2026-09-07,2026-09-14,Pennant Group moved from rank #16 to #18 across the watchlist at 12 months; return +56.4% to +53.2%.
overall_stock,stock,,PNTG,Pennant Group,24,34,34,0,0.193467336683,0.135573580533,-0.05789375615,2026-09-07,2026-09-14,Pennant Group moved from rank #34 to #34 across the watchlist at 24 months; return +19.3% to +13.6%.
overall_stock,stock,,PRVA,Privia Health Group,3,71,71,0,-0.044845122515,-0.128467776355,-0.0836226538401,2026-09-07,2026-09-14,Privia Health Group moved from rank #71 to #71 across the watchlist at 3 months; return -4.5% to -12.8%.
overall_stock,stock,,PRVA,Privia Health Group,12,61,59,2,-0.112542955326,-0.103992979377,0.00854997594908,2026-09-07,2026-09-14,Privia Health Group moved from rank #61 to #59 across the watchlist at 12 months; return -11.3% to -10.4%.
overall_stock,stock,,PRVA,Privia Health Group,24,42,41,1,0.10718113612,0.0775725593668,-0.0296085767532,2026-09-07,2026-09-14,Privia Health Group moved from rank #42 to #41 across the watchlist at 24 months; return +10.7% to +7.8%.
overall_stock,stock,,QDEL,QuidelOrtho,3,68,75,-7,-0.0251221214236,-0.166312809625,-0.141190688201,2026-09-07,2026-09-14,QuidelOrtho moved from rank #68 to #75 across the watchlist at 3 months; return -2.5% to -16.6%.
overall_stock,stock,,QDEL,QuidelOrtho,12,76,78,-2,-0.51290097629,-0.587679383969,-0.0747784076792,2026-09-07,2026-09-14,QuidelOrtho moved from rank #76 to #78 across the watchlist at 12 months; return -51.3% to -58.8%.
overall_stock,stock,,QDEL,QuidelOrtho,24,76,76,0,-0.678481012658,-0.740928084451,-0.0624470717933,2026-09-07,2026-09-14,QuidelOrtho moved from rank #76 to #76 across the watchlist at 24 months; return -67.8% to -74.1%.
overall_stock,stock,,SBRA,Sabra Health Care REIT,3,41,40,1,0.125677139762,0.0955686065136,-0.0301085332484,2026-09-07,2026-09-14,Sabra Health Care REIT moved from rank #41 to #40 across the watchlist at 3 months; return +12.6% to +9.6%.
overall_stock,stock,,SBRA,Sabra Health Care REIT,12,42,42,0,0.0919600630583,0.0771653543307,-0.0147947087276,2026-09-07,2026-09-14,Sabra Health Care REIT moved from rank #42 to #42 across the watchlist at 12 months; return +9.2% to +7.7%.
overall_stock,stock,,SBRA,Sabra Health Care REIT,24,33,37,-4,0.204637681159,0.103819257665,-0.100818423494,2026-09-07,2026-09-14,Sabra Health Care REIT moved from rank #33 to #37 across the watchlist at 24 months; return +20.5% to +10.4%.
overall_stock,stock,,SGRY,Surgery Partners,3,54,64,-10,0.0401167031364,-0.0607446113651,-0.100861314502,2026-09-07,2026-09-14,Surgery Partners moved from rank #54 to #64 across the watchlist at 3 months; return +4.0% to -6.1%.
overall_stock,stock,,SGRY,Surgery Partners,12,72,69,3,-0.3665037761,-0.34247828075,0.0240254953501,2026-09-07,2026-09-14,Surgery Partners moved from rank #72 to #69 across the watchlist at 12 months; return -36.7% to -34.2%.
overall_stock,stock,,SGRY,Surgery Partners,24,71,71,0,-0.527501656726,-0.536129032258,-0.00862737553206,2026-09-07,2026-09-14,Surgery Partners moved from rank #71 to #71 across the watchlist at 24 months; return -52.8% to -53.6%.
overall_stock,stock,,SOLV,Solventum,3,40,37,3,0.131835575855,0.108786610879,-0.0230489649763,2026-09-07,2026-09-14,Solventum moved from rank #40 to #37 across the watchlist at 3 months; return +13.2% to +10.9%.
overall_stock,stock,,SOLV,Solventum,12,32,34,-2,0.260863586359,0.191579234228,-0.0692843521309,2026-09-07,2026-09-14,Solventum moved from rank #32 to #34 across the watchlist at 12 months; return +26.1% to +19.2%.
overall_stock,stock,,SOLV,Solventum,24,25,27,-2,0.385045317221,0.249285714286,-0.135759602935,2026-09-07,2026-09-14,Solventum moved from rank #25 to #27 across the watchlist at 24 months; return +38.5% to +24.9%.
overall_stock,stock,,TALK,Talkspace,3,62,55,7,0.00574712643678,0.00767754318618,0.0019304167494,2026-09-07,2026-09-14,Talkspace moved from rank #62 to #55 across the watchlist at 3 months; return +0.6% to +0.8%.
overall_stock,stock,,TALK,Talkspace,12,10,9,1,1.01149425287,1.05078125,0.03928699713,2026-09-07,2026-09-14,Talkspace moved from rank #10 to #9 across the watchlist at 12 months; return +101.1% to +105.1%.
overall_stock,stock,,TALK,Talkspace,24,3,4,-1,1.93296089385,1.67857142857,-0.254389465279,2026-09-07,2026-09-14,Talkspace moved from rank #3 to #4 across the watchlist at 24 months; return +193.3% to +167.9%.
overall_stock,stock,,TDOC,Teladoc,3,74,74,0,-0.109219858156,-0.160762942779,-0.0515430846233,2026-09-07,2026-09-14,Teladoc moved from rank #74 to #74 across the watchlist at 3 months; return -10.9% to -16.1%.
overall_stock,stock,,TDOC,Teladoc,12,67,65,2,-0.196930946292,-0.197916666667,-0.000985720374667,2026-09-07,2026-09-14,Teladoc moved from rank #67 to #65 across the watchlist at 12 months; return -19.7% to -19.8%.
overall_stock,stock,,TDOC,Teladoc,24,55,55,0,-0.163781624501,-0.238566131026,-0.074784506525,2026-09-07,2026-09-14,Teladoc moved from rank #55 to #55 across the watchlist at 24 months; return -16.4% to -23.9%.
overall_stock,stock,,TEM,Tempus AI,3,11,18,-7,0.391772560844,0.23400250941,-0.157770051434,2026-09-07,2026-09-14,Tempus AI moved from rank #11 to #18 across the watchlist at 3 months; return +39.2% to +23.4%.
overall_stock,stock,,TEM,Tempus AI,12,66,67,-1,-0.188394875659,-0.316855753647,-0.128460877988,2026-09-07,2026-09-14,Tempus AI moved from rank #66 to #67 across the watchlist at 12 months; return -18.8% to -31.7%.
overall_stock,stock,,TEM,Tempus AI,24,29,31,-2,0.287507471608,0.195018226002,-0.0924892456056,2026-09-07,2026-09-14,Tempus AI moved from rank #29 to #31 across the watchlist at 24 months; return +28.8% to +19.5%.
overall_stock,stock,,THC,Tenet Health,3,4,7,-3,0.635505368382,0.509733195924,-0.125772172458,2026-09-07,2026-09-14,Tenet Health moved from rank #4 to #7 across the watchlist at 3 months; return +63.6% to +51.0%.
overall_stock,stock,,THC,Tenet Health,12,21,22,-1,0.351055153431,0.367544860492,0.0164897070607,2026-09-07,2026-09-14,Tenet Health moved from rank #21 to #22 across the watchlist at 12 months; return +35.1% to +36.8%.
overall_stock,stock,,THC,Tenet Health,24,14,14,0,0.727835723598,0.623606920756,-0.104228802842,2026-09-07,2026-09-14,Tenet Health moved from rank #14 to #14 across the watchlist at 24 months; return +72.8% to +62.4%.
overall_stock,stock,,TXG,10x Genomics,3,2,1,1,1.01836340206,1.37829403606,0.359930634001,2026-09-07,2026-09-14,10x Genomics moved from rank #2 to #1 across the watchlist at 3 months; return +101.8% to +137.8%.
overall_stock,stock,,TXG,10x Genomics,12,1,1,0,3.48782234957,4.42642405063,0.938601701063,2026-09-07,2026-09-14,10x Genomics moved from rank #1 to #1 across the watchlist at 12 months; return +348.8% to +442.6%.
overall_stock,stock,,TXG,10x Genomics,24,4,3,1,1.90854224698,2.06616003576,0.157617788782,2026-09-07,2026-09-14,10x Genomics moved from rank #4 to #3 across the watchlist at 24 months; return +190.9% to +206.6%.
overall_stock,stock,,UHS,Universal Health Services,3,33,24,9,0.168629882207,0.1940308701,0.0254009878927,2026-09-07,2026-09-14,Universal Health Services moved from rank #33 to #24 across the watchlist at 3 months; return +16.9% to +19.4%.
overall_stock,stock,,UHS,Universal Health Services,12,60,57,3,-0.107668840732,-0.08809722512,0.019571615612,2026-09-07,2026-09-14,Universal Health Services moved from rank #60 to #57 across the watchlist at 12 months; return -10.8% to -8.8%.
overall_stock,stock,,UHS,Universal Health Services,24,61,58,3,-0.259655247654,-0.248237014104,0.0114182335501,2026-09-07,2026-09-14,Universal Health Services moved from rank #61 to #58 across the watchlist at 24 months; return -26.0% to -24.8%.
overall_stock,stock,,UNH,UnitedHealth,3,65,68,-3,-0.00583272836508,-0.072040536571,-0.066207808206,2026-09-07,2026-09-14,UnitedHealth moved from rank #65 to #68 across the watchlist at 3 months; return -0.6% to -7.2%.
overall_stock,stock,,UNH,UnitedHealth,12,33,43,-10,0.259202891658,0.075402116252,-0.183800775406,2026-09-07,2026-09-14,UnitedHealth moved from rank #33 to #43 across the watchlist at 12 months; return +25.9% to +7.5%.
overall_stock,stock,,UNH,UnitedHealth,24,64,64,0,-0.334640128669,-0.362144972405,-0.0275048437364,2026-09-07,2026-09-14,UnitedHealth moved from rank #64 to #64 across the watchlist at 24 months; return -33.5% to -36.2%.
overall_stock,stock,,USPH,US Physical Therapy,3,22,21,1,0.250591016548,0.200732153752,-0.0498588627957,2026-09-07,2026-09-14,US Physical Therapy moved from rank #22 to #21 across the watchlist at 3 months; return +25.1% to +20.1%.
overall_stock,stock,,USPH,US Physical Therapy,12,56,52,4,-0.0734469873891,-0.019309829326,0.0541371580631,2026-09-07,2026-09-14,US Physical Therapy moved from rank #56 to #52 across the watchlist at 12 months; return -7.3% to -1.9%.
overall_stock,stock,,USPH,US Physical Therapy,24,50,46,4,-0.0616130558184,-0.0693935453363,-0.00778048951793,2026-09-07,2026-09-14,US Physical Therapy moved from rank #50 to #46 across the watchlist at 24 months; return -6.2% to -6.9%.
overall_stock,stock,,VEEV,Veeva Systems,3,6,3,3,0.593708359886,0.64472859471,0.0510202348238,2026-09-07,2026-09-14,Veeva Systems moved from rank #6 to #3 across the watchlist at 3 months; return +59.4% to +64.5%.
overall_stock,stock,,VEEV,Veeva Systems,12,49,55,-6,0.0079141171729,-0.0507542596679,-0.0586683768408,2026-09-07,2026-09-14,Veeva Systems moved from rank #49 to #55 across the watchlist at 12 months; return +0.8% to -5.1%.
overall_stock,stock,,VEEV,Veeva Systems,24,30,30,0,0.27421371995,0.203945859142,-0.070267860808,2026-09-07,2026-09-14,Veeva Systems moved from rank #30 to #30 across the watchlist at 24 months; return +27.4% to +20.4%.
overall_stock,stock,,VTR,"Ventas, Inc",3,43,44,-1,0.100585223116,0.0637115839243,-0.0368736391917,2026-09-07,2026-09-14,"Ventas, Inc moved from rank #43 to #44 across the watchlist at 3 months; return +10.1% to +6.4%."
overall_stock,stock,,VTR,"Ventas, Inc",12,23,27,-4,0.329259313798,0.290549261437,-0.038710052361,2026-09-07,2026-09-14,"Ventas, Inc moved from rank #23 to #27 across the watchlist at 12 months; return +32.9% to +29.1%."
overall_stock,stock,,VTR,"Ventas, Inc",24,21,22,-1,0.436048361438,0.383184752536,-0.0528636089019,2026-09-07,2026-09-14,"Ventas, Inc moved from rank #21 to #22 across the watchlist at 24 months; return +43.6% to +38.3%."
overall_stock,stock,,WAY,Waystar,3,21,15,6,0.2535,0.251733333333,-0.00176666666667,2026-09-07,2026-09-14,Waystar moved from rank #21 to #15 across the watchlist at 3 months; return +25.4% to +25.2%.
overall_stock,stock,,WAY,Waystar,12,71,71,0,-0.327341024953,-0.371788008565,-0.0444469836123,2026-09-07,2026-09-14,Waystar moved from rank #71 to #71 across the watchlist at 12 months; return -32.7% to -37.2%.
overall_stock,stock,,WAY,Waystar,24,51,52,-1,-0.0830285296269,-0.125232948192,-0.0422044185654,2026-09-07,2026-09-14,Waystar moved from rank #51 to #52 across the watchlist at 24 months; return -8.3% to -12.5%.
overall_stock,stock,,WELL,Welltower,3,39,39,0,0.141303822549,0.0998459599496,-0.0414578625994,2026-09-07,2026-09-14,Welltower moved from rank #39 to #39 across the watchlist at 3 months; return +14.1% to +10.0%.
overall_stock,stock,,WELL,Welltower,12,20,21,-1,0.40728161125,0.39312954532,-0.0141520659298,2026-09-07,2026-09-14,Welltower moved from rank #20 to #21 across the watchlist at 12 months; return +40.7% to +39.3%.
overall_stock,stock,,WELL,Welltower,24,10,9,1,0.895425361156,0.815953757225,-0.0794716039306,2026-09-07,2026-09-14,Welltower moved from rank #10 to #9 across the watchlist at 24 months; return +89.5% to +81.6%.
