change_type,entity_type,category,ticker,name,horizon_months,previous_rank,current_rank,rank_delta,previous_return,current_return,return_delta,previous_report_date,current_report_date,detail
category_performance,category,"Digital Health, Specialty, Benefits",,"Digital Health, Specialty, Benefits",12,9,9,0,0.0983818669895,0.0434385003728,-0.0549433666167,2026-08-24,2026-08-31,"Digital Health, Specialty, Benefits moved from rank #9 to #9 among subcategories at 12 months; return +9.8% to +4.3%."
category_performance,category,"Digital Health, Specialty, Benefits",,"Digital Health, Specialty, Benefits",24,5,5,0,0.524977674259,0.422370213446,-0.102607460813,2026-08-24,2026-08-31,"Digital Health, Specialty, Benefits moved from rank #5 to #5 among subcategories at 24 months; return +52.5% to +42.2%."
category_performance,category,"Digital Health, Specialty, Benefits",,"Digital Health, Specialty, Benefits",3,2,4,-2,0.262445977574,0.131473489567,-0.130972488007,2026-08-24,2026-08-31,"Digital Health, Specialty, Benefits moved from rank #2 to #4 among subcategories at 3 months; return +26.2% to +13.1%."
category_performance,category,Health Care Real Estate,,Health Care Real Estate,12,5,5,0,0.378822717241,0.345454905936,-0.033367811305,2026-08-24,2026-08-31,Health Care Real Estate moved from rank #5 to #5 among subcategories at 12 months; return +37.9% to +34.5%.
category_performance,category,Health Care Real Estate,,Health Care Real Estate,24,3,3,0,0.763020422816,0.722360529922,-0.040659892894,2026-08-24,2026-08-31,Health Care Real Estate moved from rank #3 to #3 among subcategories at 24 months; return +76.3% to +72.2%.
category_performance,category,Health Care Real Estate,,Health Care Real Estate,3,7,6,1,0.0757824952374,0.116838716937,0.0410562216996,2026-08-24,2026-08-31,Health Care Real Estate moved from rank #7 to #6 among subcategories at 3 months; return +7.6% to +11.7%.
category_performance,category,Health IT and Data,,Health IT and Data,12,10,10,0,-0.284986712515,-0.23309424853,0.051892463985,2026-08-24,2026-08-31,Health IT and Data moved from rank #10 to #10 among subcategories at 12 months; return -28.5% to -23.3%.
category_performance,category,Health IT and Data,,Health IT and Data,24,8,8,0,0.0718686189088,0.0850840506466,0.0132154317378,2026-08-24,2026-08-31,Health IT and Data moved from rank #8 to #8 among subcategories at 24 months; return +7.2% to +8.5%.
category_performance,category,Health IT and Data,,Health IT and Data,3,10,10,0,-0.0955085497899,-0.176064224906,-0.0805556751161,2026-08-24,2026-08-31,Health IT and Data moved from rank #10 to #10 among subcategories at 3 months; return -9.6% to -17.6%.
category_performance,category,Health System Providers,,Health System Providers,12,8,8,0,0.134615820699,0.0953627625204,-0.0392530581786,2026-08-24,2026-08-31,Health System Providers moved from rank #8 to #8 among subcategories at 12 months; return +13.5% to +9.5%.
category_performance,category,Health System Providers,,Health System Providers,24,6,6,0,0.170069852566,0.114021133947,-0.056048718619,2026-08-24,2026-08-31,Health System Providers moved from rank #6 to #6 among subcategories at 24 months; return +17.0% to +11.4%.
category_performance,category,Health System Providers,,Health System Providers,3,3,3,0,0.183430253775,0.182364407069,-0.001065846706,2026-08-24,2026-08-31,Health System Providers moved from rank #3 to #3 among subcategories at 3 months; return +18.3% to +18.2%.
category_performance,category,Inpatient Non-Acute Providers,,Inpatient Non-Acute Providers,12,2,2,0,0.646226912686,0.640059024401,-0.006167888285,2026-08-24,2026-08-31,Inpatient Non-Acute Providers moved from rank #2 to #2 among subcategories at 12 months; return +64.6% to +64.0%.
category_performance,category,Inpatient Non-Acute Providers,,Inpatient Non-Acute Providers,24,7,7,0,0.139745824274,0.11270732015,-0.027038504124,2026-08-24,2026-08-31,Inpatient Non-Acute Providers moved from rank #7 to #7 among subcategories at 24 months; return +14.0% to +11.3%.
category_performance,category,Inpatient Non-Acute Providers,,Inpatient Non-Acute Providers,3,5,5,0,0.123167896365,0.118933532941,-0.004234363424,2026-08-24,2026-08-31,Inpatient Non-Acute Providers moved from rank #5 to #5 among subcategories at 3 months; return +12.3% to +11.9%.
category_performance,category,Outpatient and Home Providers,,Outpatient and Home Providers,12,4,4,0,0.409790015212,0.442084602732,0.03229458752,2026-08-24,2026-08-31,Outpatient and Home Providers moved from rank #4 to #4 among subcategories at 12 months; return +41.0% to +44.2%.
category_performance,category,Outpatient and Home Providers,,Outpatient and Home Providers,24,2,2,0,0.846060549753,0.853566590902,0.007506041149,2026-08-24,2026-08-31,Outpatient and Home Providers moved from rank #2 to #2 among subcategories at 24 months; return +84.6% to +85.4%.
category_performance,category,Outpatient and Home Providers,,Outpatient and Home Providers,3,6,7,-1,0.109075506728,0.101737079742,-0.007338426986,2026-08-24,2026-08-31,Outpatient and Home Providers moved from rank #6 to #7 among subcategories at 3 months; return +10.9% to +10.2%.
category_performance,category,Payers,,Payers,12,6,7,-1,0.283183332117,0.275369007692,-0.007814324425,2026-08-24,2026-08-31,Payers moved from rank #6 to #7 among subcategories at 12 months; return +28.3% to +27.5%.
category_performance,category,Payers,,Payers,24,9,9,0,-0.106739559235,-0.103925913373,0.002813645862,2026-08-24,2026-08-31,Payers moved from rank #9 to #9 among subcategories at 24 months; return -10.7% to -10.4%.
category_performance,category,Payers,,Payers,3,8,8,0,0.0232656074223,0.0458930789299,0.0226274715076,2026-08-24,2026-08-31,Payers moved from rank #8 to #8 among subcategories at 3 months; return +2.3% to +4.6%.
category_performance,category,Pharma Distribution,,Pharma Distribution,12,7,6,1,0.276409890953,0.312598270857,0.036188379904,2026-08-24,2026-08-31,Pharma Distribution moved from rank #7 to #6 among subcategories at 12 months; return +27.6% to +31.3%.
category_performance,category,Pharma Distribution,,Pharma Distribution,24,4,4,0,0.612217498445,0.626797445461,0.014579947016,2026-08-24,2026-08-31,Pharma Distribution moved from rank #4 to #4 among subcategories at 24 months; return +61.2% to +62.7%.
category_performance,category,Pharma Distribution,,Pharma Distribution,3,4,2,2,0.137123697744,0.194250746802,0.057127049058,2026-08-24,2026-08-31,Pharma Distribution moved from rank #4 to #2 among subcategories at 3 months; return +13.7% to +19.4%.
category_performance,category,Precision Diagnostics,,Precision Diagnostics,12,1,1,0,0.930599629379,0.844969415247,-0.085630214132,2026-08-24,2026-08-31,Precision Diagnostics moved from rank #1 to #1 among subcategories at 12 months; return +93.1% to +84.5%.
category_performance,category,Precision Diagnostics,,Precision Diagnostics,24,1,1,0,1.41768118838,1.4698153239,0.05213413552,2026-08-24,2026-08-31,Precision Diagnostics moved from rank #1 to #1 among subcategories at 24 months; return +141.8% to +147.0%.
category_performance,category,Precision Diagnostics,,Precision Diagnostics,3,1,1,0,0.493346143171,0.34472234787,-0.148623795301,2026-08-24,2026-08-31,Precision Diagnostics moved from rank #1 to #1 among subcategories at 3 months; return +49.3% to +34.5%.
category_performance,category,Value-Based Care,,Value-Based Care,12,3,3,0,0.578913120566,0.525624182714,-0.053288937852,2026-08-24,2026-08-31,Value-Based Care moved from rank #3 to #3 among subcategories at 12 months; return +57.9% to +52.6%.
category_performance,category,Value-Based Care,,Value-Based Care,24,10,10,0,-0.12311298042,-0.10792650882,0.0151864716,2026-08-24,2026-08-31,Value-Based Care moved from rank #10 to #10 among subcategories at 24 months; return -12.3% to -10.8%.
category_performance,category,Value-Based Care,,Value-Based Care,3,9,9,0,0.0219806297408,-0.00400188461683,-0.0259825143576,2026-08-24,2026-08-31,Value-Based Care moved from rank #9 to #9 among subcategories at 3 months; return +2.2% to -0.4%.
within_category,stock,"Digital Health, Specialty, Benefits",AMWL,Amwell,12,2,2,0,0.664335664336,0.728985507246,0.06464984291,2026-08-24,2026-08-31,"Amwell moved from rank #2 to #2 within Digital Health, Specialty, Benefits at 12 months; return +66.4% to +72.9%."
within_category,stock,"Digital Health, Specialty, Benefits",AMWL,Amwell,24,5,3,2,0.319290465632,0.43734939759,0.118058931958,2026-08-24,2026-08-31,"Amwell moved from rank #5 to #3 within Digital Health, Specialty, Benefits at 24 months; return +31.9% to +43.7%."
within_category,stock,"Digital Health, Specialty, Benefits",AMWL,Amwell,3,1,3,-2,0.494974874372,0.213631739573,-0.281343134799,2026-08-24,2026-08-31,"Amwell moved from rank #1 to #3 within Digital Health, Specialty, Benefits at 3 months; return +49.5% to +21.4%."
within_category,stock,"Digital Health, Specialty, Benefits",CON,Concentra Group,12,3,3,0,0.479915433404,0.439495798319,-0.040419635085,2026-08-24,2026-08-31,"Concentra Group moved from rank #3 to #3 within Digital Health, Specialty, Benefits at 12 months; return +48.0% to +43.9%."
within_category,stock,"Digital Health, Specialty, Benefits",CON,Concentra Group,24,3,4,-1,0.495726495726,0.401226993865,-0.094499501861,2026-08-24,2026-08-31,"Concentra Group moved from rank #3 to #4 within Digital Health, Specialty, Benefits at 24 months; return +49.6% to +40.1%."
within_category,stock,"Digital Health, Specialty, Benefits",CON,Concentra Group,3,4,1,3,0.382306477093,0.377563329312,-0.004743147781,2026-08-24,2026-08-31,"Concentra Group moved from rank #4 to #1 within Digital Health, Specialty, Benefits at 3 months; return +38.2% to +37.8%."
within_category,stock,"Digital Health, Specialty, Benefits",GDRX,GoodRx,12,9,8,1,-0.243421052632,-0.188505747126,0.054915305506,2026-08-24,2026-08-31,"GoodRx moved from rank #9 to #8 within Digital Health, Specialty, Benefits at 12 months; return -24.3% to -18.9%."
within_category,stock,"Digital Health, Specialty, Benefits",GDRX,GoodRx,24,9,9,0,-0.580801944107,-0.553164556962,0.027637387145,2026-08-24,2026-08-31,"GoodRx moved from rank #9 to #9 within Digital Health, Specialty, Benefits at 24 months; return -58.1% to -55.3%."
within_category,stock,"Digital Health, Specialty, Benefits",GDRX,GoodRx,3,5,4,1,0.301886792453,0.208904109589,-0.092982682864,2026-08-24,2026-08-31,"GoodRx moved from rank #5 to #4 within Digital Health, Specialty, Benefits at 3 months; return +30.2% to +20.9%."
within_category,stock,"Digital Health, Specialty, Benefits",HIMS,Hims & Hers,12,8,9,-1,-0.242091092663,-0.319008264463,-0.0769171718,2026-08-24,2026-08-31,"Hims & Hers moved from rank #8 to #9 within Digital Health, Specialty, Benefits at 12 months; return -24.2% to -31.9%."
within_category,stock,"Digital Health, Specialty, Benefits",HIMS,Hims & Hers,24,2,2,0,1.0191273162,0.957909029192,-0.061218287008,2026-08-24,2026-08-31,"Hims & Hers moved from rank #2 to #2 within Digital Health, Specialty, Benefits at 24 months; return +101.9% to +95.8%."
within_category,stock,"Digital Health, Specialty, Benefits",HIMS,Hims & Hers,3,3,5,-2,0.422315789474,0.102868068834,-0.31944772064,2026-08-24,2026-08-31,"Hims & Hers moved from rank #3 to #5 within Digital Health, Specialty, Benefits at 3 months; return +42.2% to +10.3%."
within_category,stock,"Digital Health, Specialty, Benefits",HQY,HealthEquity,12,4,5,-1,0.173569360944,0.0788089107803,-0.0947604501637,2026-08-24,2026-08-31,"HealthEquity moved from rank #4 to #5 within Digital Health, Specialty, Benefits at 12 months; return +17.4% to +7.9%."
within_category,stock,"Digital Health, Specialty, Benefits",HQY,HealthEquity,24,4,5,-1,0.3757504568,0.211287078934,-0.164463377866,2026-08-24,2026-08-31,"HealthEquity moved from rank #4 to #5 within Digital Health, Specialty, Benefits at 24 months; return +37.6% to +21.1%."
within_category,stock,"Digital Health, Specialty, Benefits",HQY,HealthEquity,3,6,6,0,0.196345477244,0.0952380952381,-0.101107382006,2026-08-24,2026-08-31,"HealthEquity moved from rank #6 to #6 within Digital Health, Specialty, Benefits at 3 months; return +19.6% to +9.5%."
within_category,stock,"Digital Health, Specialty, Benefits",LFMD,LifeMD,12,10,10,0,-0.477093206951,-0.492730210016,-0.015637003065,2026-08-24,2026-08-31,"LifeMD moved from rank #10 to #10 within Digital Health, Specialty, Benefits at 12 months; return -47.7% to -49.3%."
within_category,stock,"Digital Health, Specialty, Benefits",LFMD,LifeMD,24,8,8,0,-0.392660550459,-0.397312859885,-0.004652309426,2026-08-24,2026-08-31,"LifeMD moved from rank #8 to #8 within Digital Health, Specialty, Benefits at 24 months; return -39.3% to -39.7%."
within_category,stock,"Digital Health, Specialty, Benefits",LFMD,LifeMD,3,10,10,0,-0.210023866348,-0.266355140187,-0.056331273839,2026-08-24,2026-08-31,"LifeMD moved from rank #10 to #10 within Digital Health, Specialty, Benefits at 3 months; return -21.0% to -26.6%."
within_category,stock,"Digital Health, Specialty, Benefits",OMDA,Omada Health,12,5,6,-1,0.120806943467,0,-0.120806943467,2026-08-24,2026-08-31,"Omada Health moved from rank #5 to #6 within Digital Health, Specialty, Benefits at 12 months; return +12.1% to +0.0%."
within_category,stock,"Digital Health, Specialty, Benefits",OMDA,Omada Health,24,,,,,,,2026-08-24,2026-08-31,"Omada Health moved from rank unavailable within Digital Health, Specialty, Benefits at 24 months; return unavailable."
within_category,stock,"Digital Health, Specialty, Benefits",OMDA,Omada Health,3,2,2,0,0.447001817081,0.318308291597,-0.128693525484,2026-08-24,2026-08-31,"Omada Health moved from rank #2 to #2 within Digital Health, Specialty, Benefits at 3 months; return +44.7% to +31.8%."
within_category,stock,"Digital Health, Specialty, Benefits",PGNY,Progyny,12,6,4,2,0.0900977475563,0.0984368398817,0.0083390923254,2026-08-24,2026-08-31,"Progyny moved from rank #6 to #4 within Digital Health, Specialty, Benefits at 12 months; return +9.0% to +9.8%."
within_category,stock,"Digital Health, Specialty, Benefits",PGNY,Progyny,24,6,6,0,0.176605504587,0.106853980417,-0.06975152417,2026-08-24,2026-08-31,"Progyny moved from rank #6 to #6 within Digital Health, Specialty, Benefits at 24 months; return +17.7% to +10.7%."
within_category,stock,"Digital Health, Specialty, Benefits",PGNY,Progyny,3,7,7,0,0.0309485530547,0.0172143974961,-0.0137341555586,2026-08-24,2026-08-31,"Progyny moved from rank #7 to #7 within Digital Health, Specialty, Benefits at 3 months; return +3.1% to +1.7%."
within_category,stock,"Digital Health, Specialty, Benefits",TALK,Talkspace,12,1,1,0,0.875,0.973684210526,0.098684210526,2026-08-24,2026-08-31,"Talkspace moved from rank #1 to #1 within Digital Health, Specialty, Benefits at 12 months; return +87.5% to +97.4%."
within_category,stock,"Digital Health, Specialty, Benefits",TALK,Talkspace,24,1,1,0,1.96610169492,1.625,-0.34110169492,2026-08-24,2026-08-31,"Talkspace moved from rank #1 to #1 within Digital Health, Specialty, Benefits at 24 months; return +196.6% to +162.5%."
within_category,stock,"Digital Health, Specialty, Benefits",TALK,Talkspace,3,8,8,0,0.00961538461538,0.00961538461538,0,2026-08-24,2026-08-31,"Talkspace moved from rank #8 to #8 within Digital Health, Specialty, Benefits at 3 months; return +1.0% to +1.0%."
within_category,stock,"Digital Health, Specialty, Benefits",TDOC,Teladoc,12,7,7,0,-0.16796875,-0.159120310479,0.008848439521,2026-08-24,2026-08-31,"Teladoc moved from rank #7 to #7 within Digital Health, Specialty, Benefits at 12 months; return -16.8% to -15.9%."
within_category,stock,"Digital Health, Specialty, Benefits",TDOC,Teladoc,24,7,7,0,-0.138814016173,-0.0934449093445,0.0453691068285,2026-08-24,2026-08-31,"Teladoc moved from rank #7 to #7 within Digital Health, Specialty, Benefits at 24 months; return -13.9% to -9.3%."
within_category,stock,"Digital Health, Specialty, Benefits",TDOC,Teladoc,3,9,9,0,-0.027397260274,-0.145860709593,-0.118463449319,2026-08-24,2026-08-31,"Teladoc moved from rank #9 to #9 within Digital Health, Specialty, Benefits at 3 months; return -2.7% to -14.6%."
within_category,stock,Health Care Real Estate,CTRE,CareTrust REIT,12,4,4,0,0.149245063879,0.134263295554,-0.014981768325,2026-08-24,2026-08-31,CareTrust REIT moved from rank #4 to #4 within Health Care Real Estate at 12 months; return +14.9% to +13.4%.
within_category,stock,Health Care Real Estate,CTRE,CareTrust REIT,24,3,3,0,0.355015405683,0.306224899598,-0.048790506085,2026-08-24,2026-08-31,CareTrust REIT moved from rank #3 to #3 within Health Care Real Estate at 24 months; return +35.5% to +30.6%.
within_category,stock,Health Care Real Estate,CTRE,CareTrust REIT,3,6,7,-1,-0.0379192999514,-0.0438510534052,-0.0059317534538,2026-08-24,2026-08-31,CareTrust REIT moved from rank #6 to #7 within Health Care Real Estate at 3 months; return -3.8% to -4.4%.
within_category,stock,Health Care Real Estate,DOC,Healthpeak properties,12,3,3,0,0.205633802817,0.168338907469,-0.037294895348,2026-08-24,2026-08-31,Healthpeak properties moved from rank #3 to #3 within Health Care Real Estate at 12 months; return +20.6% to +16.8%.
within_category,stock,Health Care Real Estate,DOC,Healthpeak properties,24,6,6,0,-0.0471950133571,-0.0592459605027,-0.0120509471456,2026-08-24,2026-08-31,Healthpeak properties moved from rank #6 to #6 within Health Care Real Estate at 24 months; return -4.7% to -5.9%.
within_category,stock,Health Care Real Estate,DOC,Healthpeak properties,3,2,2,0,0.0846426761277,0.0945169712794,0.0098742951517,2026-08-24,2026-08-31,Healthpeak properties moved from rank #2 to #2 within Health Care Real Estate at 3 months; return +8.5% to +9.5%.
within_category,stock,Health Care Real Estate,MPT,Medical Properties Trust,12,,,,,,,2026-08-24,2026-08-31,Medical Properties Trust moved from rank unavailable within Health Care Real Estate at 12 months; return unavailable.
within_category,stock,Health Care Real Estate,MPT,Medical Properties Trust,24,,,,,,,2026-08-24,2026-08-31,Medical Properties Trust moved from rank unavailable within Health Care Real Estate at 24 months; return unavailable.
within_category,stock,Health Care Real Estate,MPT,Medical Properties Trust,3,8,8,0,-0.188976377953,-0.199608610568,-0.010632232615,2026-08-24,2026-08-31,Medical Properties Trust moved from rank #8 to #8 within Health Care Real Estate at 3 months; return -18.9% to -20.0%.
within_category,stock,Health Care Real Estate,NHI,National Health Investors,12,7,7,0,-0.0579170412226,-0.0799591263252,-0.0220420851026,2026-08-24,2026-08-31,National Health Investors moved from rank #7 to #7 within Health Care Real Estate at 12 months; return -5.8% to -8.0%.
within_category,stock,Health Care Real Estate,NHI,National Health Investors,24,7,7,0,-0.067022764848,-0.115436571288,-0.04841380644,2026-08-24,2026-08-31,National Health Investors moved from rank #7 to #7 within Health Care Real Estate at 24 months; return -6.7% to -11.5%.
within_category,stock,Health Care Real Estate,NHI,National Health Investors,3,7,6,1,-0.040041873855,-0.0171919770774,0.0228498967776,2026-08-24,2026-08-31,National Health Investors moved from rank #7 to #6 within Health Care Real Estate at 3 months; return -4.0% to -1.7%.
within_category,stock,Health Care Real Estate,OHI,Omega Healthcare Investors,12,5,5,0,0.102934216753,0.0803382663848,-0.0225959503682,2026-08-24,2026-08-31,Omega Healthcare Investors moved from rank #5 to #5 within Health Care Real Estate at 12 months; return +10.3% to +8.0%.
within_category,stock,Health Care Real Estate,OHI,Omega Healthcare Investors,24,5,5,0,0.20036054597,0.163125948407,-0.037234597563,2026-08-24,2026-08-31,Omega Healthcare Investors moved from rank #5 to #5 within Health Care Real Estate at 24 months; return +20.0% to +16.3%.
within_category,stock,Health Care Real Estate,OHI,Omega Healthcare Investors,3,5,5,0,-0.0269311064718,-0.0164670658683,0.0104640406035,2026-08-24,2026-08-31,Omega Healthcare Investors moved from rank #5 to #5 within Health Care Real Estate at 3 months; return -2.7% to -1.6%.
within_category,stock,Health Care Real Estate,SBRA,Sabra Health Care REIT,12,6,6,0,0.0429667519182,0.0784929356358,0.0355261837176,2026-08-24,2026-08-31,Sabra Health Care REIT moved from rank #6 to #6 within Health Care Real Estate at 12 months; return +4.3% to +7.8%.
within_category,stock,Health Care Real Estate,SBRA,Sabra Health Care REIT,24,4,4,0,0.226097414311,0.209507042254,-0.016590372057,2026-08-24,2026-08-31,Sabra Health Care REIT moved from rank #4 to #4 within Health Care Real Estate at 24 months; return +22.6% to +21.0%.
within_category,stock,Health Care Real Estate,SBRA,Sabra Health Care REIT,3,4,4,0,-0.0159266409266,0.0361990950226,0.0521257359492,2026-08-24,2026-08-31,Sabra Health Care REIT moved from rank #4 to #4 within Health Care Real Estate at 3 months; return -1.6% to +3.6%.
within_category,stock,Health Care Real Estate,VTR,"Ventas, Inc",12,2,2,0,0.372768844962,0.348560517039,-0.024208327923,2026-08-24,2026-08-31,"Ventas, Inc moved from rank #2 to #2 within Health Care Real Estate at 12 months; return +37.3% to +34.9%."
within_category,stock,Health Care Real Estate,VTR,"Ventas, Inc",24,2,2,0,0.561933534743,0.478183867332,-0.083749667411,2026-08-24,2026-08-31,"Ventas, Inc moved from rank #2 to #2 within Health Care Real Estate at 24 months; return +56.2% to +47.8%."
within_category,stock,Health Care Real Estate,VTR,"Ventas, Inc",3,3,3,0,0.0553413472443,0.0875384979863,0.032197150742,2026-08-24,2026-08-31,"Ventas, Inc moved from rank #3 to #3 within Health Care Real Estate at 3 months; return +5.5% to +8.8%."
within_category,stock,Health Care Real Estate,WELL,Welltower,12,1,1,0,0.454844006568,0.414725457571,-0.040118548997,2026-08-24,2026-08-31,Welltower moved from rank #1 to #1 within Health Care Real Estate at 12 months; return +45.5% to +41.5%.
within_category,stock,Health Care Real Estate,WELL,Welltower,24,1,1,0,1.00402111083,0.972737819026,-0.031283291804,2026-08-24,2026-08-31,Welltower moved from rank #1 to #1 within Health Care Real Estate at 24 months; return +100.4% to +97.3%.
within_category,stock,Health Care Real Estate,WELL,Welltower,3,1,1,0,0.106629041958,0.159450640432,0.052821598474,2026-08-24,2026-08-31,Welltower moved from rank #1 to #1 within Health Care Real Estate at 3 months; return +10.7% to +15.9%.
within_category,stock,Health IT and Data,CCSI,Consensus Cloud Solutions,12,1,1,0,0.444485842027,0.430184418517,-0.01430142351,2026-08-24,2026-08-31,Consensus Cloud Solutions moved from rank #1 to #1 within Health IT and Data at 12 months; return +44.4% to +43.0%.
within_category,stock,Health IT and Data,CCSI,Consensus Cloud Solutions,24,1,1,0,0.775996335318,0.577418015774,-0.198578319544,2026-08-24,2026-08-31,Consensus Cloud Solutions moved from rank #1 to #1 within Health IT and Data at 24 months; return +77.6% to +57.7%.
within_category,stock,Health IT and Data,CCSI,Consensus Cloud Solutions,3,3,8,-5,0.376042590949,0.106259097525,-0.269783493424,2026-08-24,2026-08-31,Consensus Cloud Solutions moved from rank #3 to #8 within Health IT and Data at 3 months; return +37.6% to +10.6%.
within_category,stock,Health IT and Data,DH,Definitive Healthcare,12,12,12,0,-0.824113300493,-0.800893300248,0.023220000245,2026-08-24,2026-08-31,Definitive Healthcare moved from rank #12 to #12 within Health IT and Data at 12 months; return -82.4% to -80.1%.
within_category,stock,Health IT and Data,DH,Definitive Healthcare,24,12,12,0,-0.842362030905,-0.828912579957,0.013449450948,2026-08-24,2026-08-31,Definitive Healthcare moved from rank #12 to #12 within Health IT and Data at 24 months; return -84.2% to -82.9%.
within_category,stock,Health IT and Data,DH,Definitive Healthcare,3,10,10,0,-0.162051161699,-0.13794585303,0.024105308669,2026-08-24,2026-08-31,Definitive Healthcare moved from rank #10 to #10 within Health IT and Data at 3 months; return -16.2% to -13.8%.
within_category,stock,Health IT and Data,DOCS,Doximity,12,11,10,1,-0.626070268674,-0.606564615838,0.019505652836,2026-08-24,2026-08-31,Doximity moved from rank #11 to #10 within Health IT and Data at 12 months; return -62.6% to -60.7%.
within_category,stock,Health IT and Data,DOCS,Doximity,24,8,8,0,-0.306217474664,-0.273246329527,0.032971145137,2026-08-24,2026-08-31,Doximity moved from rank #8 to #8 within Health IT and Data at 24 months; return -30.6% to -27.3%.
within_category,stock,Health IT and Data,DOCS,Doximity,3,6,4,2,0.270310932798,0.249065420561,-0.021245512237,2026-08-24,2026-08-31,Doximity moved from rank #6 to #4 within Health IT and Data at 3 months; return +27.0% to +24.9%.
within_category,stock,Health IT and Data,HCAT,Health Catalyst,12,9,9,0,-0.533536585366,-0.530973451327,0.002563134039,2026-08-24,2026-08-31,Health Catalyst moved from rank #9 to #9 within Health IT and Data at 12 months; return -53.4% to -53.1%.
within_category,stock,Health IT and Data,HCAT,Health Catalyst,24,11,11,0,-0.78954607978,-0.778859527121,0.010686552659,2026-08-24,2026-08-31,Health Catalyst moved from rank #11 to #11 within Health IT and Data at 24 months; return -79.0% to -77.9%.
within_category,stock,Health IT and Data,HCAT,Health Catalyst,3,7,7,0,0.186046511628,0.152173913043,-0.033872598585,2026-08-24,2026-08-31,Health Catalyst moved from rank #7 to #7 within Health IT and Data at 3 months; return +18.6% to +15.2%.
within_category,stock,Health IT and Data,IQV,Iqvia,12,2,2,0,0.359246664923,0.371783449505,0.012536784582,2026-08-24,2026-08-31,Iqvia moved from rank #2 to #2 within Health IT and Data at 12 months; return +35.9% to +37.2%.
within_category,stock,Health IT and Data,IQV,Iqvia,24,5,5,0,0.0437472381794,0.0405485986881,-0.0031986394913,2026-08-24,2026-08-31,Iqvia moved from rank #5 to #5 within Health IT and Data at 24 months; return +4.4% to +4.1%.
within_category,stock,Health IT and Data,IQV,Iqvia,3,2,2,0,0.547468731388,0.436529279403,-0.110939451985,2026-08-24,2026-08-31,Iqvia moved from rank #2 to #2 within Health IT and Data at 3 months; return +54.7% to +43.7%.
within_category,stock,Health IT and Data,MDRX,Veradigm,12,5,6,-1,-0.0103092783505,-0.0204081632653,-0.0100988849148,2026-08-24,2026-08-31,Veradigm moved from rank #5 to #6 within Health IT and Data at 12 months; return -1.0% to -2.0%.
within_category,stock,Health IT and Data,MDRX,Veradigm,24,9,9,0,-0.505154639175,-0.517587939698,-0.012433300523,2026-08-24,2026-08-31,Veradigm moved from rank #9 to #9 within Health IT and Data at 24 months; return -50.5% to -51.8%.
within_category,stock,Health IT and Data,MDRX,Veradigm,3,9,9,0,0.0105263157895,-0.04,-0.0505263157895,2026-08-24,2026-08-31,Veradigm moved from rank #9 to #9 within Health IT and Data at 3 months; return +1.1% to -4.0%.
within_category,stock,Health IT and Data,OMCL,Omnicell,12,4,5,-1,0.0582986317668,0.0150352868978,-0.043263344869,2026-08-24,2026-08-31,Omnicell moved from rank #4 to #5 within Health IT and Data at 12 months; return +5.8% to +1.5%.
within_category,stock,Health IT and Data,OMCL,Omnicell,24,7,7,0,-0.205803571429,-0.256294964029,-0.0504913926,2026-08-24,2026-08-31,Omnicell moved from rank #7 to #7 within Health IT and Data at 24 months; return -20.6% to -25.6%.
within_category,stock,Health IT and Data,OMCL,Omnicell,3,11,11,0,-0.198829092547,-0.250566379701,-0.051737287154,2026-08-24,2026-08-31,Omnicell moved from rank #11 to #11 within Health IT and Data at 3 months; return -19.9% to -25.1%.
within_category,stock,Health IT and Data,ORCL,Oracle-Cerner,12,8,8,0,-0.380335914033,-0.332905850617,0.047430063416,2026-08-24,2026-08-31,Oracle-Cerner moved from rank #8 to #8 within Health IT and Data at 12 months; return -38.0% to -33.3%.
within_category,stock,Health IT and Data,ORCL,Oracle-Cerner,24,4,4,0,0.052302607946,0.0676622549367,0.0153596469907,2026-08-24,2026-08-31,Oracle-Cerner moved from rank #4 to #4 within Health IT and Data at 24 months; return +5.2% to +6.8%.
within_category,stock,Health IT and Data,ORCL,Oracle-Cerner,3,12,12,0,-0.237453144523,-0.331871733546,-0.094418589023,2026-08-24,2026-08-31,Oracle-Cerner moved from rank #12 to #12 within Health IT and Data at 3 months; return -23.7% to -33.2%.
within_category,stock,Health IT and Data,PHR,Phreesia,12,10,11,-1,-0.592605042017,-0.616234996841,-0.023629954824,2026-08-24,2026-08-31,Phreesia moved from rank #10 to #11 within Health IT and Data at 12 months; return -59.3% to -61.6%.
within_category,stock,Health IT and Data,PHR,Phreesia,24,10,10,0,-0.523022432113,-0.527421236873,-0.00439880476,2026-08-24,2026-08-31,Phreesia moved from rank #10 to #10 within Health IT and Data at 24 months; return -52.3% to -52.7%.
within_category,stock,Health IT and Data,PHR,Phreesia,3,4,5,-1,0.358744394619,0.232251521298,-0.126492873321,2026-08-24,2026-08-31,Phreesia moved from rank #4 to #5 within Health IT and Data at 3 months; return +35.9% to +23.2%.
within_category,stock,Health IT and Data,SOLV,Solventum,12,3,3,0,0.217811012916,0.246682172664,0.028871159748,2026-08-24,2026-08-31,Solventum moved from rank #3 to #3 within Health IT and Data at 12 months; return +21.8% to +24.7%.
within_category,stock,Health IT and Data,SOLV,Solventum,24,2,2,0,0.458794788274,0.421307128373,-0.037487659901,2026-08-24,2026-08-31,Solventum moved from rank #2 to #2 within Health IT and Data at 24 months; return +45.9% to +42.1%.
within_category,stock,Health IT and Data,SOLV,Solventum,3,8,6,2,0.165820642978,0.215743829219,0.049923186241,2026-08-24,2026-08-31,Solventum moved from rank #8 to #6 within Health IT and Data at 3 months; return +16.6% to +21.6%.
within_category,stock,Health IT and Data,VEEV,Veeva Systems,12,6,4,2,-0.147699924362,0.027823179792,0.175523104154,2026-08-24,2026-08-31,Veeva Systems moved from rank #6 to #4 within Health IT and Data at 12 months; return -14.8% to +2.8%.
within_category,stock,Health IT and Data,VEEV,Veeva Systems,24,3,3,0,0.244165621079,0.278368138976,0.034202517897,2026-08-24,2026-08-31,Veeva Systems moved from rank #3 to #3 within Health IT and Data at 24 months; return +24.4% to +27.8%.
within_category,stock,Health IT and Data,VEEV,Veeva Systems,3,1,1,0,0.547730536305,0.587071240106,0.039340703801,2026-08-24,2026-08-31,Veeva Systems moved from rank #1 to #1 within Health IT and Data at 3 months; return +54.8% to +58.7%.
within_category,stock,Health IT and Data,WAY,Waystar,12,7,7,0,-0.309878587196,-0.307286166843,0.002592420353,2026-08-24,2026-08-31,Waystar moved from rank #7 to #7 within Health IT and Data at 12 months; return -31.0% to -30.7%.
within_category,stock,Health IT and Data,WAY,Waystar,24,6,6,0,-0.0522925350512,-0.0360029390154,0.0162895960358,2026-08-24,2026-08-31,Waystar moved from rank #6 to #6 within Health IT and Data at 24 months; return -5.2% to -3.6%.
within_category,stock,Health IT and Data,WAY,Waystar,3,5,3,2,0.277976494635,0.317930688096,0.039954193461,2026-08-24,2026-08-31,Waystar moved from rank #5 to #3 within Health IT and Data at 3 months; return +27.8% to +31.8%.
within_category,stock,Health System Providers,ARDT,Ardent Health Partners,12,5,5,0,-0.153312788906,-0.136327817179,0.016984971727,2026-08-24,2026-08-31,Ardent Health Partners moved from rank #5 to #5 within Health System Providers at 12 months; return -15.3% to -13.6%.
within_category,stock,Health System Providers,ARDT,Ardent Health Partners,24,4,4,0,-0.363636363636,-0.447302067574,-0.083665703938,2026-08-24,2026-08-31,Ardent Health Partners moved from rank #4 to #4 within Health System Providers at 24 months; return -36.4% to -44.7%.
within_category,stock,Health System Providers,ARDT,Ardent Health Partners,3,2,2,0,0.19068255688,0.187432286024,-0.003250270856,2026-08-24,2026-08-31,Ardent Health Partners moved from rank #2 to #2 within Health System Providers at 3 months; return +19.1% to +18.7%.
within_category,stock,Health System Providers,CYH,Community Health Systems,12,2,2,0,0.0905797101449,0.0615942028986,-0.0289855072463,2026-08-24,2026-08-31,Community Health Systems moved from rank #2 to #2 within Health System Providers at 12 months; return +9.1% to +6.2%.
within_category,stock,Health System Providers,CYH,Community Health Systems,24,5,5,0,-0.405138339921,-0.462385321101,-0.05724698118,2026-08-24,2026-08-31,Community Health Systems moved from rank #5 to #5 within Health System Providers at 24 months; return -40.5% to -46.2%.
within_category,stock,Health System Providers,CYH,Community Health Systems,3,5,5,0,0.075,0.0772058823529,0.0022058823529,2026-08-24,2026-08-31,Community Health Systems moved from rank #5 to #5 within Health System Providers at 3 months; return +7.5% to +7.7%.
within_category,stock,Health System Providers,HCA,HCA Healthcare,12,3,3,0,0.0598068992765,0.0343103277552,-0.0254965715213,2026-08-24,2026-08-31,HCA Healthcare moved from rank #3 to #3 within Health System Providers at 12 months; return +6.0% to +3.4%.
within_category,stock,Health System Providers,HCA,HCA Healthcare,24,2,2,0,0.10394053192,0.056194544857,-0.047745987063,2026-08-24,2026-08-31,HCA Healthcare moved from rank #2 to #2 within Health System Providers at 24 months; return +10.4% to +5.6%.
within_category,stock,Health System Providers,HCA,HCA Healthcare,3,4,4,0,0.0891212221179,0.103767105194,0.0146458830761,2026-08-24,2026-08-31,HCA Healthcare moved from rank #4 to #4 within Health System Providers at 3 months; return +8.9% to +10.4%.
within_category,stock,Health System Providers,THC,Tenet Health,12,1,1,0,0.564178272981,0.44740411219,-0.116774160791,2026-08-24,2026-08-31,Tenet Health moved from rank #1 to #1 within Health System Providers at 12 months; return +56.4% to +44.7%.
within_category,stock,Health System Providers,THC,Tenet Health,24,1,1,0,0.706497295326,0.608779546551,-0.097717748775,2026-08-24,2026-08-31,Tenet Health moved from rank #1 to #1 within Health System Providers at 24 months; return +70.6% to +60.9%.
within_category,stock,Health System Providers,THC,Tenet Health,3,1,1,0,0.615663482564,0.521788729181,-0.093874753383,2026-08-24,2026-08-31,Tenet Health moved from rank #1 to #1 within Health System Providers at 3 months; return +61.6% to +52.2%.
within_category,stock,Health System Providers,UHS,Universal Health Services,12,4,4,0,-0.0448324172863,-0.0546315673532,-0.0097991500669,2026-08-24,2026-08-31,Universal Health Services moved from rank #4 to #4 within Health System Providers at 12 months; return -4.5% to -5.5%.
within_category,stock,Health System Providers,UHS,Universal Health Services,24,3,3,0,-0.239684309857,-0.278648569147,-0.03896425929,2026-08-24,2026-08-31,Universal Health Services moved from rank #3 to #3 within Health System Providers at 24 months; return -24.0% to -27.9%.
within_category,stock,Health System Providers,UHS,Universal Health Services,3,3,3,0,0.123320659062,0.174868249949,0.051547590887,2026-08-24,2026-08-31,Universal Health Services moved from rank #3 to #3 within Health System Providers at 3 months; return +12.3% to +17.5%.
within_category,stock,Inpatient Non-Acute Providers,ACHC,Acadia Healthcare,12,2,2,0,0.239750445633,0.243466898955,0.003716453322,2026-08-24,2026-08-31,Acadia Healthcare moved from rank #2 to #2 within Inpatient Non-Acute Providers at 12 months; return +24.0% to +24.3%.
within_category,stock,Inpatient Non-Acute Providers,ACHC,Acadia Healthcare,24,4,4,0,-0.651858340633,-0.651531795435,0.000326545198,2026-08-24,2026-08-31,Acadia Healthcare moved from rank #4 to #4 within Inpatient Non-Acute Providers at 24 months; return -65.2% to -65.2%.
within_category,stock,Inpatient Non-Acute Providers,ACHC,Acadia Healthcare,3,1,1,0,0.200172562554,0.230603448276,0.030430885722,2026-08-24,2026-08-31,Acadia Healthcare moved from rank #1 to #1 within Inpatient Non-Acute Providers at 3 months; return +20.0% to +23.1%.
within_category,stock,Inpatient Non-Acute Providers,EHC,Encompass Health,12,4,4,0,-0.0205161605471,-0.00747371879106,0.013042441756,2026-08-24,2026-08-31,Encompass Health moved from rank #4 to #4 within Inpatient Non-Acute Providers at 12 months; return -2.1% to -0.7%.
within_category,stock,Inpatient Non-Acute Providers,EHC,Encompass Health,24,1,1,0,0.315150852645,0.29876410532,-0.016386747325,2026-08-24,2026-08-31,Encompass Health moved from rank #1 to #1 within Inpatient Non-Acute Providers at 24 months; return +31.5% to +29.9%.
within_category,stock,Inpatient Non-Acute Providers,EHC,Encompass Health,3,3,3,0,0.146246189024,0.141709966934,-0.00453622209,2026-08-24,2026-08-31,Encompass Health moved from rank #3 to #3 within Inpatient Non-Acute Providers at 3 months; return +14.6% to +14.2%.
within_category,stock,Inpatient Non-Acute Providers,ENSG,The Ensign Group,12,3,3,0,0.0408257944792,0.00698567935732,-0.0338401151219,2026-08-24,2026-08-31,The Ensign Group moved from rank #3 to #3 within Inpatient Non-Acute Providers at 12 months; return +4.1% to +0.7%.
within_category,stock,Inpatient Non-Acute Providers,ENSG,The Ensign Group,24,2,2,0,0.212129398258,0.142838266385,-0.069291131873,2026-08-24,2026-08-31,The Ensign Group moved from rank #2 to #2 within Inpatient Non-Acute Providers at 24 months; return +21.2% to +14.3%.
within_category,stock,Inpatient Non-Acute Providers,ENSG,The Ensign Group,3,4,4,0,0.0438525066884,0.0317924246943,-0.0120600819941,2026-08-24,2026-08-31,The Ensign Group moved from rank #4 to #4 within Inpatient Non-Acute Providers at 3 months; return +4.4% to +3.2%.
within_category,stock,Inpatient Non-Acute Providers,PACS,PACS Group,12,1,1,0,2.67219917012,2.67268041237,0.00048124225,2026-08-24,2026-08-31,PACS Group moved from rank #1 to #1 within Inpatient Non-Acute Providers at 12 months; return +267.2% to +267.3%.
within_category,stock,Inpatient Non-Acute Providers,PACS,PACS Group,24,3,3,0,0.0709099709584,0.0776405344089,0.0067305634505,2026-08-24,2026-08-31,PACS Group moved from rank #3 to #3 within Inpatient Non-Acute Providers at 24 months; return +7.1% to +7.8%.
within_category,stock,Inpatient Non-Acute Providers,PACS,PACS Group,3,2,2,0,0.172185430464,0.166439290587,-0.005746139877,2026-08-24,2026-08-31,PACS Group moved from rank #2 to #2 within Inpatient Non-Acute Providers at 3 months; return +17.2% to +16.6%.
within_category,stock,Outpatient and Home Providers,ADUS,Addus HomeCare,12,7,7,0,0.0202685583988,0.00329947034818,-0.0169690880506,2026-08-24,2026-08-31,Addus HomeCare moved from rank #7 to #7 within Outpatient and Home Providers at 12 months; return +2.0% to +0.3%.
within_category,stock,Outpatient and Home Providers,ADUS,Addus HomeCare,24,9,9,0,-0.0955981434346,-0.13126832569,-0.0356701822554,2026-08-24,2026-08-31,Addus HomeCare moved from rank #9 to #9 within Outpatient and Home Providers at 24 months; return -9.6% to -13.1%.
within_category,stock,Outpatient and Home Providers,ADUS,Addus HomeCare,3,3,3,0,0.303939557474,0.260362129145,-0.043577428329,2026-08-24,2026-08-31,Addus HomeCare moved from rank #3 to #3 within Outpatient and Home Providers at 3 months; return +30.4% to +26.0%.
within_category,stock,Outpatient and Home Providers,AVAH,Aveanna Healthcare,12,3,3,0,0.76171352075,0.665,-0.09671352075,2026-08-24,2026-08-31,Aveanna Healthcare moved from rank #3 to #3 within Outpatient and Home Providers at 12 months; return +76.2% to +66.5%.
within_category,stock,Outpatient and Home Providers,AVAH,Aveanna Healthcare,24,2,2,0,1.35,1.35752212389,0.00752212389,2026-08-24,2026-08-31,Aveanna Healthcare moved from rank #2 to #2 within Outpatient and Home Providers at 24 months; return +135.0% to +135.8%.
within_category,stock,Outpatient and Home Providers,AVAH,Aveanna Healthcare,3,1,1,0,0.795361527967,0.857740585774,0.062379057807,2026-08-24,2026-08-31,Aveanna Healthcare moved from rank #1 to #1 within Outpatient and Home Providers at 3 months; return +79.5% to +85.8%.
within_category,stock,Outpatient and Home Providers,BTSG,BrightSpring Health Services,12,1,1,0,1.36710896663,1.49598986914,0.12888090251,2026-08-24,2026-08-31,BrightSpring Health Services moved from rank #1 to #1 within Outpatient and Home Providers at 12 months; return +136.7% to +149.6%.
within_category,stock,Outpatient and Home Providers,BTSG,BrightSpring Health Services,24,1,1,0,3.68337311058,3.71155378486,0.02818067428,2026-08-24,2026-08-31,BrightSpring Health Services moved from rank #1 to #1 within Outpatient and Home Providers at 24 months; return +368.3% to +371.2%.
within_category,stock,Outpatient and Home Providers,BTSG,BrightSpring Health Services,3,10,10,0,0.00632478632479,-0.0413424124514,-0.0476671987762,2026-08-24,2026-08-31,BrightSpring Health Services moved from rank #10 to #10 within Outpatient and Home Providers at 3 months; return +0.6% to -4.1%.
within_category,stock,Outpatient and Home Providers,CHE,Chemed (Vitas),12,6,6,0,0.177584141161,0.14287585981,-0.034708281351,2026-08-24,2026-08-31,Chemed (Vitas) moved from rank #6 to #6 within Outpatient and Home Providers at 12 months; return +17.8% to +14.3%.
within_category,stock,Outpatient and Home Providers,CHE,Chemed (Vitas),24,7,8,-1,-0.0555584674249,-0.107119095143,-0.0515606277181,2026-08-24,2026-08-31,Chemed (Vitas) moved from rank #7 to #8 within Outpatient and Home Providers at 24 months; return -5.6% to -10.7%.
within_category,stock,Outpatient and Home Providers,CHE,Chemed (Vitas),3,5,4,1,0.230357793154,0.227410238972,-0.002947554182,2026-08-24,2026-08-31,Chemed (Vitas) moved from rank #5 to #4 within Outpatient and Home Providers at 3 months; return +23.0% to +22.7%.
within_category,stock,Outpatient and Home Providers,DVA,Davita,12,5,5,0,0.238387004845,0.311556329849,0.073169325004,2026-08-24,2026-08-31,Davita moved from rank #5 to #5 within Outpatient and Home Providers at 12 months; return +23.8% to +31.2%.
within_category,stock,Outpatient and Home Providers,DVA,Davita,24,5,4,1,0.128774595753,0.197190564538,0.068415968785,2026-08-24,2026-08-31,Davita moved from rank #5 to #4 within Outpatient and Home Providers at 24 months; return +12.9% to +19.7%.
within_category,stock,Outpatient and Home Providers,DVA,Davita,3,11,11,0,-0.124420713278,-0.0703848528504,0.0540358604276,2026-08-24,2026-08-31,Davita moved from rank #11 to #11 within Outpatient and Home Providers at 3 months; return -12.4% to -7.0%.
within_category,stock,Outpatient and Home Providers,FMS,Fresenius,12,8,9,-1,-0.084765625,-0.101167315175,-0.016401690175,2026-08-24,2026-08-31,Fresenius moved from rank #8 to #9 within Outpatient and Home Providers at 12 months; return -8.5% to -10.1%.
within_category,stock,Outpatient and Home Providers,FMS,Fresenius,24,4,5,-1,0.204627249357,0.191335740072,-0.013291509285,2026-08-24,2026-08-31,Fresenius moved from rank #4 to #5 within Outpatient and Home Providers at 24 months; return +20.5% to +19.1%.
within_category,stock,Outpatient and Home Providers,FMS,Fresenius,3,9,8,1,0.0827171903882,0.0709318497914,-0.0117853405968,2026-08-24,2026-08-31,Fresenius moved from rank #9 to #8 within Outpatient and Home Providers at 3 months; return +8.3% to +7.1%.
within_category,stock,Outpatient and Home Providers,LFST,Lifestance Health,12,2,2,0,1.24684684685,1.24635036496,-0.00049648189,2026-08-24,2026-08-31,Lifestance Health moved from rank #2 to #2 within Outpatient and Home Providers at 12 months; return +124.7% to +124.6%.
within_category,stock,Outpatient and Home Providers,LFST,Lifestance Health,24,3,3,0,1.01779935275,0.95087163233,-0.06692772042,2026-08-24,2026-08-31,Lifestance Health moved from rank #3 to #3 within Outpatient and Home Providers at 24 months; return +101.8% to +95.1%.
within_category,stock,Outpatient and Home Providers,LFST,Lifestance Health,3,2,2,0,0.687415426252,0.596627756161,-0.090787670091,2026-08-24,2026-08-31,Lifestance Health moved from rank #2 to #2 within Outpatient and Home Providers at 3 months; return +68.7% to +59.7%.
within_category,stock,Outpatient and Home Providers,OPCH,Option Care Health,12,10,10,0,-0.175365344468,-0.166666666667,0.008698677801,2026-08-24,2026-08-31,Option Care Health moved from rank #10 to #10 within Outpatient and Home Providers at 12 months; return -17.5% to -16.7%.
within_category,stock,Outpatient and Home Providers,OPCH,Option Care Health,24,10,10,0,-0.255419415646,-0.253591505309,0.001827910337,2026-08-24,2026-08-31,Option Care Health moved from rank #10 to #10 within Outpatient and Home Providers at 24 months; return -25.5% to -25.4%.
within_category,stock,Outpatient and Home Providers,OPCH,Option Care Health,3,7,6,1,0.132345914955,0.145184475323,0.012838560368,2026-08-24,2026-08-31,Option Care Health moved from rank #7 to #6 within Outpatient and Home Providers at 3 months; return +13.2% to +14.5%.
within_category,stock,Outpatient and Home Providers,PNTG,Pennant Group,12,4,4,0,0.544696066746,0.544356518117,-0.000339548629,2026-08-24,2026-08-31,Pennant Group moved from rank #4 to #4 within Outpatient and Home Providers at 12 months; return +54.5% to +54.4%.
within_category,stock,Outpatient and Home Providers,PNTG,Pennant Group,24,6,6,0,0.112128146453,0.0823117338004,-0.0298164126526,2026-08-24,2026-08-31,Pennant Group moved from rank #6 to #6 within Outpatient and Home Providers at 24 months; return +11.2% to +8.2%.
within_category,stock,Outpatient and Home Providers,PNTG,Pennant Group,3,6,7,-1,0.146226415094,0.0826277372263,-0.0635986778677,2026-08-24,2026-08-31,Pennant Group moved from rank #6 to #7 within Outpatient and Home Providers at 3 months; return +14.6% to +8.3%.
within_category,stock,Outpatient and Home Providers,SGRY,Surgery Partners,12,11,11,0,-0.38578680203,-0.396650506831,-0.010863704801,2026-08-24,2026-08-31,Surgery Partners moved from rank #11 to #11 within Outpatient and Home Providers at 12 months; return -38.6% to -39.7%.
within_category,stock,Outpatient and Home Providers,SGRY,Surgery Partners,24,11,11,0,-0.569011576135,-0.57151799687,-0.002506420735,2026-08-24,2026-08-31,Surgery Partners moved from rank #11 to #11 within Outpatient and Home Providers at 24 months; return -56.9% to -57.2%.
within_category,stock,Outpatient and Home Providers,SGRY,Surgery Partners,3,8,9,-1,0.0835820895522,0.0247005988024,-0.0588814907498,2026-08-24,2026-08-31,Surgery Partners moved from rank #8 to #9 within Outpatient and Home Providers at 3 months; return +8.4% to +2.5%.
within_category,stock,Outpatient and Home Providers,USPH,US Physical Therapy,12,9,8,1,-0.105455793206,-0.0513934129569,0.0540623802491,2026-08-24,2026-08-31,US Physical Therapy moved from rank #9 to #8 within Outpatient and Home Providers at 12 months; return -10.5% to -5.1%.
within_category,stock,Outpatient and Home Providers,USPH,US Physical Therapy,24,8,7,1,-0.0778210116732,-0.0814252336449,-0.0036042219717,2026-08-24,2026-08-31,US Physical Therapy moved from rank #8 to #7 within Outpatient and Home Providers at 24 months; return -7.8% to -8.1%.
within_category,stock,Outpatient and Home Providers,USPH,US Physical Therapy,3,4,5,-1,0.26226597805,0.223622782446,-0.038643195604,2026-08-24,2026-08-31,US Physical Therapy moved from rank #4 to #5 within Outpatient and Home Providers at 3 months; return +26.2% to +22.4%.
within_category,stock,Payers,ALHC,Alignment Health,12,10,10,0,-0.169191919192,-0.167481662592,0.0017102566,2026-08-24,2026-08-31,Alignment Health moved from rank #10 to #10 within Payers at 12 months; return -16.9% to -16.7%.
within_category,stock,Payers,ALHC,Alignment Health,24,3,4,-1,0.419633225458,0.511653718091,0.092020492633,2026-08-24,2026-08-31,Alignment Health moved from rank #3 to #4 within Payers at 24 months; return +42.0% to +51.2%.
within_category,stock,Payers,ALHC,Alignment Health,3,10,10,0,-0.195107033639,-0.110966057441,0.084140976198,2026-08-24,2026-08-31,Alignment Health moved from rank #10 to #10 within Payers at 3 months; return -19.5% to -11.1%.
within_category,stock,Payers,CI,Cigna,12,9,9,0,-0.0881879415147,-0.0730880446705,0.0150998968442,2026-08-24,2026-08-31,Cigna moved from rank #9 to #9 within Payers at 12 months; return -8.8% to -7.3%.
within_category,stock,Payers,CI,Cigna,24,7,7,0,-0.216051300884,-0.229208700699,-0.013157399815,2026-08-24,2026-08-31,Cigna moved from rank #7 to #7 within Payers at 24 months; return -21.6% to -22.9%.
within_category,stock,Payers,CI,Cigna,3,9,8,1,-0.030498882057,0.00533525594809,0.0358341380051,2026-08-24,2026-08-31,Cigna moved from rank #9 to #8 within Payers at 3 months; return -3.0% to +0.5%.
within_category,stock,Payers,CLOV,Clover Health,12,3,3,0,0.520146520147,0.614503816794,0.094357296647,2026-08-24,2026-08-31,Clover Health moved from rank #3 to #3 within Payers at 12 months; return +52.0% to +61.5%.
within_category,stock,Payers,CLOV,Clover Health,24,4,3,1,0.24251497006,0.608365019011,0.365850048951,2026-08-24,2026-08-31,Clover Health moved from rank #4 to #3 within Payers at 24 months; return +24.3% to +60.8%.
within_category,stock,Payers,CLOV,Clover Health,3,3,5,-2,0.169014084507,0.0628140703518,-0.106200014155,2026-08-24,2026-08-31,Clover Health moved from rank #3 to #5 within Payers at 3 months; return +16.9% to +6.3%.
within_category,stock,Payers,CNC,Centene,12,1,1,0,1.21081264876,1.22968319559,0.01887054683,2026-08-24,2026-08-31,Centene moved from rank #1 to #1 within Payers at 12 months; return +121.1% to +123.0%.
within_category,stock,Payers,CNC,Centene,24,6,6,0,-0.172246976448,-0.178612203476,-0.006365227028,2026-08-24,2026-08-31,Centene moved from rank #6 to #6 within Payers at 24 months; return -17.2% to -17.9%.
within_category,stock,Payers,CNC,Centene,3,4,4,0,0.0994250929997,0.0864093959732,-0.0130156970265,2026-08-24,2026-08-31,Centene moved from rank #4 to #4 within Payers at 3 months; return +9.9% to +8.6%.
within_category,stock,Payers,CVS,CVS Health,12,4,4,0,0.304628330996,0.272180451128,-0.032447879868,2026-08-24,2026-08-31,CVS Health moved from rank #4 to #4 within Payers at 12 months; return +30.5% to +27.2%.
within_category,stock,Payers,CVS,CVS Health,24,2,2,0,0.583319148936,0.625786163522,0.042467014586,2026-08-24,2026-08-31,CVS Health moved from rank #2 to #2 within Payers at 24 months; return +58.3% to +62.6%.
within_category,stock,Payers,CVS,CVS Health,3,8,7,1,-0.0025734505683,0.0228621675093,0.0254356180776,2026-08-24,2026-08-31,CVS Health moved from rank #8 to #7 within Payers at 3 months; return -0.3% to +2.3%.
within_category,stock,Payers,ELV,Elevance,12,6,7,-1,0.265329331859,0.237815785344,-0.027513546515,2026-08-24,2026-08-31,Elevance moved from rank #6 to #7 within Payers at 12 months; return +26.5% to +23.8%.
within_category,stock,Payers,ELV,Elevance,24,8,8,0,-0.266356509634,-0.291727271095,-0.025370761461,2026-08-24,2026-08-31,Elevance moved from rank #8 to #8 within Payers at 24 months; return -26.6% to -29.2%.
within_category,stock,Payers,ELV,Elevance,3,6,9,-3,0.0148217588487,0.00315369159948,-0.0116680672492,2026-08-24,2026-08-31,Elevance moved from rank #6 to #9 within Payers at 3 months; return +1.5% to +0.3%.
within_category,stock,Payers,HUM,Humana,12,7,5,2,0.264999499182,0.269643680432,0.00464418125,2026-08-24,2026-08-31,Humana moved from rank #7 to #5 within Payers at 12 months; return +26.5% to +27.0%.
within_category,stock,Payers,HUM,Humana,24,5,5,0,0.0736185888354,0.0876519874743,0.0140333986389,2026-08-24,2026-08-31,Humana moved from rank #5 to #5 within Payers at 24 months; return +7.4% to +8.8%.
within_category,stock,Payers,HUM,Humana,3,2,2,0,0.230329598961,0.262327287015,0.031997688054,2026-08-24,2026-08-31,Humana moved from rank #2 to #2 within Payers at 3 months; return +23.0% to +26.2%.
within_category,stock,Payers,MOH,Molina Healthcare,12,8,8,0,0.148188488879,0.106011170713,-0.042177318166,2026-08-24,2026-08-31,Molina Healthcare moved from rank #8 to #8 within Payers at 12 months; return +14.8% to +10.6%.
within_category,stock,Payers,MOH,Molina Healthcare,24,10,10,0,-0.420825863166,-0.428228365591,-0.007402502425,2026-08-24,2026-08-31,Molina Healthcare moved from rank #10 to #10 within Payers at 24 months; return -42.1% to -42.8%.
within_category,stock,Payers,MOH,Molina Healthcare,3,5,3,2,0.0877050070598,0.152073732719,0.0643687256592,2026-08-24,2026-08-31,Molina Healthcare moved from rank #5 to #3 within Payers at 3 months; return +8.8% to +15.2%.
within_category,stock,Payers,OSCR,Oscar Health,12,2,2,0,0.907142857143,0.828931572629,-0.078211284514,2026-08-24,2026-08-31,Oscar Health moved from rank #2 to #2 within Payers at 12 months; return +90.7% to +82.9%.
within_category,stock,Payers,OSCR,Oscar Health,24,1,1,0,0.808126410835,0.665027322404,-0.143099088431,2026-08-24,2026-08-31,Oscar Health moved from rank #1 to #1 within Payers at 24 months; return +80.8% to +66.5%.
within_category,stock,Payers,OSCR,Oscar Health,3,1,1,0,0.41519434629,0.370670265407,-0.044524080883,2026-08-24,2026-08-31,Oscar Health moved from rank #1 to #1 within Payers at 3 months; return +41.5% to +37.1%.
within_category,stock,Payers,UNH,UnitedHealth,12,5,6,-1,0.268980547785,0.268112434247,-0.000868113538,2026-08-24,2026-08-31,UnitedHealth moved from rank #5 to #6 within Payers at 12 months; return +26.9% to +26.8%.
within_category,stock,Payers,UNH,UnitedHealth,24,9,9,0,-0.332586268841,-0.334208742799,-0.001622473958,2026-08-24,2026-08-31,UnitedHealth moved from rank #9 to #9 within Payers at 24 months; return -33.3% to -33.4%.
within_category,stock,Payers,UNH,UnitedHealth,3,7,6,1,0.00422169022061,0.0332360442797,0.0290143540591,2026-08-24,2026-08-31,UnitedHealth moved from rank #7 to #6 within Payers at 3 months; return +0.4% to +3.3%.
within_category,stock,Pharma Distribution,AHCO,Accendra Health,12,5,5,0,-0.414151925078,-0.389884088514,0.024267836564,2026-08-24,2026-08-31,Accendra Health moved from rank #5 to #5 within Pharma Distribution at 12 months; return -41.4% to -39.0%.
within_category,stock,Pharma Distribution,AHCO,Accendra Health,24,5,5,0,-0.461244019139,-0.473157415833,-0.011913396694,2026-08-24,2026-08-31,Accendra Health moved from rank #5 to #5 within Pharma Distribution at 24 months; return -46.1% to -47.3%.
within_category,stock,Pharma Distribution,AHCO,Accendra Health,3,5,5,0,-0.461244019139,-0.428430404738,0.032813614401,2026-08-24,2026-08-31,Accendra Health moved from rank #5 to #5 within Pharma Distribution at 3 months; return -46.1% to -42.8%.
within_category,stock,Pharma Distribution,CAH,Cardinal Health,12,1,1,0,0.549696151249,0.576488775373,0.026792624124,2026-08-24,2026-08-31,Cardinal Health moved from rank #1 to #1 within Pharma Distribution at 12 months; return +55.0% to +57.6%.
within_category,stock,Pharma Distribution,CAH,Cardinal Health,24,1,1,0,1.09713084795,1.08081973031,-0.01631111764,2026-08-24,2026-08-31,Cardinal Health moved from rank #1 to #1 within Pharma Distribution at 24 months; return +109.7% to +108.1%.
within_category,stock,Pharma Distribution,CAH,Cardinal Health,3,3,3,0,0.143661550728,0.191819105691,0.048157554963,2026-08-24,2026-08-31,Cardinal Health moved from rank #3 to #3 within Pharma Distribution at 3 months; return +14.4% to +19.2%.
within_category,stock,Pharma Distribution,COR,Cencora,12,4,4,0,0.0869446343131,0.10431741024,0.0173727759269,2026-08-24,2026-08-31,Cencora moved from rank #4 to #4 within Pharma Distribution at 12 months; return +8.7% to +10.4%.
within_category,stock,Pharma Distribution,COR,Cencora,24,3,3,0,0.337763943804,0.344200025045,0.006436081241,2026-08-24,2026-08-31,Cencora moved from rank #3 to #3 within Pharma Distribution at 24 months; return +33.8% to +34.4%.
within_category,stock,Pharma Distribution,COR,Cencora,3,2,2,0,0.156887708705,0.195537570538,0.038649861833,2026-08-24,2026-08-31,Cencora moved from rank #2 to #2 within Pharma Distribution at 3 months; return +15.7% to +19.6%.
within_category,stock,Pharma Distribution,HSIC,Henry Schein,12,2,3,-1,0.271551724138,0.286576602472,0.015024878334,2026-08-24,2026-08-31,Henry Schein moved from rank #2 to #3 within Pharma Distribution at 12 months; return +27.2% to +28.7%.
within_category,stock,Pharma Distribution,HSIC,Henry Schein,24,4,4,0,0.249646992375,0.268887313962,0.019240321587,2026-08-24,2026-08-31,Henry Schein moved from rank #4 to #4 within Pharma Distribution at 24 months; return +25.0% to +26.9%.
within_category,stock,Pharma Distribution,HSIC,Henry Schein,3,1,4,-3,0.192561649373,0.168973622356,-0.023588027017,2026-08-24,2026-08-31,Henry Schein moved from rank #1 to #4 within Pharma Distribution at 3 months; return +19.3% to +16.9%.
within_category,stock,Pharma Distribution,MCK,McKesson,12,3,2,1,0.245775618246,0.301103926366,0.05532830812,2026-08-24,2026-08-31,McKesson moved from rank #3 to #2 within Pharma Distribution at 12 months; return +24.6% to +30.1%.
within_category,stock,Pharma Distribution,MCK,McKesson,24,2,2,0,0.555555555556,0.592268482213,0.036712926657,2026-08-24,2026-08-31,McKesson moved from rank #2 to #2 within Pharma Distribution at 24 months; return +55.6% to +59.2%.
within_category,stock,Pharma Distribution,MCK,McKesson,3,4,1,3,0.121162280702,0.203316092883,0.082153812181,2026-08-24,2026-08-31,McKesson moved from rank #4 to #1 within Pharma Distribution at 3 months; return +12.1% to +20.3%.
within_category,stock,Precision Diagnostics,BLLN,BillionToOne,12,,,,,,,2026-08-24,2026-08-31,BillionToOne moved from rank unavailable within Precision Diagnostics at 12 months; return unavailable.
within_category,stock,Precision Diagnostics,BLLN,BillionToOne,24,,,,,,,2026-08-24,2026-08-31,BillionToOne moved from rank unavailable within Precision Diagnostics at 24 months; return unavailable.
within_category,stock,Precision Diagnostics,BLLN,BillionToOne,3,12,11,1,0.10602886406,-0.0580866754218,-0.164115539482,2026-08-24,2026-08-31,BillionToOne moved from rank #12 to #11 within Precision Diagnostics at 3 months; return +10.6% to -5.8%.
within_category,stock,Precision Diagnostics,CERT,Certara,12,10,10,0,-0.265039232781,-0.229704797048,0.035334435733,2026-08-24,2026-08-31,Certara moved from rank #10 to #10 within Precision Diagnostics at 12 months; return -26.5% to -23.0%.
within_category,stock,Precision Diagnostics,CERT,Certara,24,10,10,0,-0.365688487585,-0.318367346939,0.047321140646,2026-08-24,2026-08-31,Certara moved from rank #10 to #10 within Precision Diagnostics at 24 months; return -36.6% to -31.8%.
within_category,stock,Precision Diagnostics,CERT,Certara,3,4,4,0,0.608778625954,0.43470790378,-0.174070722174,2026-08-24,2026-08-31,Certara moved from rank #4 to #4 within Precision Diagnostics at 3 months; return +60.9% to +43.5%.
within_category,stock,Precision Diagnostics,DGX,Quest Diagnostics,12,6,6,0,0.355989568884,0.336489759965,-0.019499808919,2026-08-24,2026-08-31,Quest Diagnostics moved from rank #6 to #6 within Precision Diagnostics at 12 months; return +35.6% to +33.6%.
within_category,stock,Precision Diagnostics,DGX,Quest Diagnostics,24,5,5,0,0.591495181037,0.546537554947,-0.04495762609,2026-08-24,2026-08-31,Quest Diagnostics moved from rank #5 to #5 within Precision Diagnostics at 24 months; return +59.1% to +54.7%.
within_category,stock,Precision Diagnostics,DGX,Quest Diagnostics,3,9,8,1,0.251933814866,0.245561826578,-0.006371988288,2026-08-24,2026-08-31,Quest Diagnostics moved from rank #9 to #8 within Precision Diagnostics at 3 months; return +25.2% to +24.6%.
within_category,stock,Precision Diagnostics,GH,Guardant Health,12,2,2,0,1.77996742671,1.39543162266,-0.38453580405,2026-08-24,2026-08-31,Guardant Health moved from rank #2 to #2 within Precision Diagnostics at 12 months; return +178.0% to +139.5%.
within_category,stock,Precision Diagnostics,GH,Guardant Health,24,1,1,0,4.88180565127,5.31352619234,0.43172054107,2026-08-24,2026-08-31,Guardant Health moved from rank #1 to #1 within Precision Diagnostics at 24 months; return +488.2% to +531.4%.
within_category,stock,Precision Diagnostics,GH,Guardant Health,3,7,9,-2,0.434972677596,0.245277199476,-0.18969547812,2026-08-24,2026-08-31,Guardant Health moved from rank #7 to #9 within Precision Diagnostics at 3 months; return +43.5% to +24.5%.
within_category,stock,Precision Diagnostics,ILMN,Illumina,12,4,3,1,1.15520628684,1.15676270508,0.00155641824,2026-08-24,2026-08-31,Illumina moved from rank #4 to #3 within Precision Diagnostics at 12 months; return +115.5% to +115.7%.
within_category,stock,Precision Diagnostics,ILMN,Illumina,24,4,4,0,0.669837887206,0.640715372907,-0.029122514299,2026-08-24,2026-08-31,Illumina moved from rank #4 to #4 within Precision Diagnostics at 24 months; return +67.0% to +64.1%.
within_category,stock,Precision Diagnostics,ILMN,Illumina,3,6,5,1,0.519285368049,0.322962690231,-0.196322677818,2026-08-24,2026-08-31,Illumina moved from rank #6 to #5 within Precision Diagnostics at 3 months; return +51.9% to +32.3%.
within_category,stock,Precision Diagnostics,LH,Labcorp Holdings,12,7,7,0,0.209073261917,0.205475017087,-0.00359824483,2026-08-24,2026-08-31,Labcorp Holdings moved from rank #7 to #7 within Precision Diagnostics at 12 months; return +20.9% to +20.5%.
within_category,stock,Precision Diagnostics,LH,Labcorp Holdings,24,6,6,0,0.456710987916,0.457697159511,0.000986171595,2026-08-24,2026-08-31,Labcorp Holdings moved from rank #6 to #6 within Precision Diagnostics at 24 months; return +45.7% to +45.8%.
within_category,stock,Precision Diagnostics,LH,Labcorp Holdings,3,8,6,2,0.293963759474,0.288587249096,-0.005376510378,2026-08-24,2026-08-31,Labcorp Holdings moved from rank #8 to #6 within Precision Diagnostics at 3 months; return +29.4% to +28.9%.
within_category,stock,Precision Diagnostics,NEO,NeoGenomics,12,3,4,-1,1.57077971234,1.05580865604,-0.5149710563,2026-08-24,2026-08-31,NeoGenomics moved from rank #3 to #4 within Precision Diagnostics at 12 months; return +157.1% to +105.6%.
within_category,stock,Precision Diagnostics,NEO,NeoGenomics,24,8,7,1,0.0192076830732,0.0926150121065,0.0734073290333,2026-08-24,2026-08-31,NeoGenomics moved from rank #8 to #7 within Precision Diagnostics at 24 months; return +1.9% to +9.3%.
within_category,stock,Precision Diagnostics,NEO,NeoGenomics,3,2,2,0,0.839653304442,0.715779467681,-0.123873836761,2026-08-24,2026-08-31,NeoGenomics moved from rank #2 to #2 within Precision Diagnostics at 3 months; return +84.0% to +71.6%.
within_category,stock,Precision Diagnostics,NTRA,Natera,12,5,5,0,1.00501207729,0.939138187221,-0.065873890069,2026-08-24,2026-08-31,Natera moved from rank #5 to #5 within Precision Diagnostics at 12 months; return +100.5% to +93.9%.
within_category,stock,Precision Diagnostics,NTRA,Natera,24,3,2,1,1.7058104474,1.75883646203,0.05302601463,2026-08-24,2026-08-31,Natera moved from rank #3 to #2 within Precision Diagnostics at 24 months; return +170.6% to +175.9%.
within_category,stock,Precision Diagnostics,NTRA,Natera,3,3,3,0,0.634086323146,0.460625867395,-0.173460455751,2026-08-24,2026-08-31,Natera moved from rank #3 to #3 within Precision Diagnostics at 3 months; return +63.4% to +46.1%.
within_category,stock,Precision Diagnostics,PACB,PacBio,12,8,8,0,-0.0217391304348,0.0687022900763,0.0904414205111,2026-08-24,2026-08-31,PacBio moved from rank #8 to #8 within Precision Diagnostics at 12 months; return -2.2% to +6.9%.
within_category,stock,Precision Diagnostics,PACB,PacBio,24,9,9,0,-0.134615384615,0.021897810219,0.156513194834,2026-08-24,2026-08-31,PacBio moved from rank #9 to #9 within Precision Diagnostics at 24 months; return -13.5% to +2.2%.
within_category,stock,Precision Diagnostics,PACB,PacBio,3,11,12,-1,0.106557377049,-0.0604026845638,-0.166960061613,2026-08-24,2026-08-31,PacBio moved from rank #11 to #12 within Precision Diagnostics at 3 months; return +10.7% to -6.0%.
within_category,stock,Precision Diagnostics,QDEL,QuidelOrtho,12,11,11,0,-0.471684587814,-0.486232136633,-0.014547548819,2026-08-24,2026-08-31,QuidelOrtho moved from rank #11 to #11 within Precision Diagnostics at 12 months; return -47.2% to -48.6%.
within_category,stock,Precision Diagnostics,QDEL,QuidelOrtho,24,11,11,0,-0.672517218396,-0.651124260355,0.021392958041,2026-08-24,2026-08-31,QuidelOrtho moved from rank #11 to #11 within Precision Diagnostics at 24 months; return -67.3% to -65.1%.
within_category,stock,Precision Diagnostics,QDEL,QuidelOrtho,3,10,10,0,0.242833052277,0.132104454685,-0.110728597592,2026-08-24,2026-08-31,QuidelOrtho moved from rank #10 to #10 within Precision Diagnostics at 3 months; return +24.3% to +13.2%.
within_category,stock,Precision Diagnostics,TEM,Tempus AI,12,9,9,0,-0.0972429210134,-0.155813340364,-0.0585704193506,2026-08-24,2026-08-31,Tempus AI moved from rank #9 to #9 within Precision Diagnostics at 12 months; return -9.7% to -15.6%.
within_category,stock,Precision Diagnostics,TEM,Tempus AI,24,7,8,-1,0.119168591224,0.0784776018862,-0.0406909893378,2026-08-24,2026-08-31,Tempus AI moved from rank #7 to #8 within Precision Diagnostics at 24 months; return +11.9% to +7.8%.
within_category,stock,Precision Diagnostics,TEM,Tempus AI,3,5,7,-2,0.574058033781,0.268872597583,-0.305185436198,2026-08-24,2026-08-31,Tempus AI moved from rank #5 to #7 within Precision Diagnostics at 3 months; return +57.4% to +26.9%.
within_category,stock,Precision Diagnostics,TXG,10x Genomics,12,1,1,0,3.55384615385,3.39257673091,-0.16126942294,2026-08-24,2026-08-31,10x Genomics moved from rank #1 to #1 within Precision Diagnostics at 12 months; return +355.4% to +339.3%.
within_category,stock,Precision Diagnostics,TXG,10x Genomics,24,2,3,-1,1.77224350788,1.63554603854,-0.13669746934,2026-08-24,2026-08-31,10x Genomics moved from rank #2 to #3 within Precision Diagnostics at 24 months; return +177.2% to +163.6%.
within_category,stock,Precision Diagnostics,TXG,10x Genomics,3,1,1,0,1.75,1.17417417417,-0.57582582583,2026-08-24,2026-08-31,10x Genomics moved from rank #1 to #1 within Precision Diagnostics at 3 months; return +175.0% to +117.4%.
within_category,stock,Value-Based Care,AGL,Agilon Health,12,1,1,0,1.90466165414,1.891875,-0.01278665414,2026-08-24,2026-08-31,Agilon Health moved from rank #1 to #1 within Value-Based Care at 12 months; return +190.5% to +189.2%.
within_category,stock,Value-Based Care,AGL,Agilon Health,24,2,2,0,-0.137678571429,-0.0927450980392,0.0449334733898,2026-08-24,2026-08-31,Agilon Health moved from rank #2 to #2 within Value-Based Care at 24 months; return -13.8% to -9.3%.
within_category,stock,Value-Based Care,AGL,Agilon Health,3,2,3,-1,0.117953466836,0.00281751192024,-0.115135954916,2026-08-24,2026-08-31,Agilon Health moved from rank #2 to #3 within Value-Based Care at 3 months; return +11.8% to +0.3%.
within_category,stock,Value-Based Care,ASTH,Astrana Health,12,3,2,1,0.28259452412,0.187734668335,-0.094859855785,2026-08-24,2026-08-31,Astrana Health moved from rank #3 to #2 within Value-Based Care at 12 months; return +28.3% to +18.8%.
within_category,stock,Value-Based Care,ASTH,Astrana Health,24,3,3,0,-0.182252701579,-0.205691567273,-0.023438865694,2026-08-24,2026-08-31,Astrana Health moved from rank #3 to #3 within Value-Based Care at 24 months; return -18.2% to -20.6%.
within_category,stock,Value-Based Care,ASTH,Astrana Health,3,3,2,1,0.0396301188904,0.00903774587985,-0.0305923730106,2026-08-24,2026-08-31,Astrana Health moved from rank #3 to #2 within Value-Based Care at 3 months; return +4.0% to +0.9%.
within_category,stock,Value-Based Care,EVH,Evolent Health,12,5,5,0,-0.50625,-0.523316062176,-0.017066062176,2026-08-24,2026-08-31,Evolent Health moved from rank #5 to #5 within Value-Based Care at 12 months; return -50.6% to -52.3%.
within_category,stock,Value-Based Care,EVH,Evolent Health,24,5,5,0,-0.856232939035,-0.856160100063,7.28389719999e-05,2026-08-24,2026-08-31,Evolent Health moved from rank #5 to #5 within Value-Based Care at 24 months; return -85.6% to -85.6%.
within_category,stock,Value-Based Care,EVH,Evolent Health,3,1,1,0,0.2,0.164556962025,-0.035443037975,2026-08-24,2026-08-31,Evolent Health moved from rank #1 to #1 within Value-Based Care at 3 months; return +20.0% to +16.5%.
within_category,stock,Value-Based Care,PIII,P3 Health,12,2,3,-1,0.433936022253,0.106869312589,-0.327066709664,2026-08-24,2026-08-31,P3 Health moved from rank #2 to #3 within Value-Based Care at 12 months; return +43.4% to +10.7%.
within_category,stock,Value-Based Care,PIII,P3 Health,24,4,4,0,-0.585027168444,-0.634634436299,-0.049607267855,2026-08-24,2026-08-31,P3 Health moved from rank #4 to #4 within Value-Based Care at 24 months; return -58.5% to -63.5%.
within_category,stock,Value-Based Care,PIII,P3 Health,3,5,5,0,-0.218939393939,-0.24302134647,-0.024081952531,2026-08-24,2026-08-31,P3 Health moved from rank #5 to #5 within Value-Based Care at 3 months; return -21.9% to -24.3%.
within_category,stock,Value-Based Care,PRVA,Privia Health Group,12,4,4,0,-0.0395634379263,-0.09765625,-0.0580928120737,2026-08-24,2026-08-31,Privia Health Group moved from rank #4 to #4 within Value-Based Care at 12 months; return -4.0% to -9.8%.
within_category,stock,Value-Based Care,PRVA,Privia Health Group,24,1,1,0,0.0124640460211,0.03227408143,0.0198100354089,2026-08-24,2026-08-31,Privia Health Group moved from rank #1 to #1 within Value-Based Care at 24 months; return +1.2% to +3.2%.
within_category,stock,Value-Based Care,PRVA,Privia Health Group,3,4,4,0,-0.0732777534006,-0.0334728033473,0.0398049500533,2026-08-24,2026-08-31,Privia Health Group moved from rank #4 to #4 within Value-Based Care at 3 months; return -7.3% to -3.3%.
overall_stock,stock,,ACHC,Acadia Healthcare,3,30,23,7,0.200172562554,0.230603448276,0.030430885722,2026-08-24,2026-08-31,Acadia Healthcare moved from rank #30 to #23 across the watchlist at 3 months; return +20.0% to +23.1%.
overall_stock,stock,,ACHC,Acadia Healthcare,12,33,32,1,0.239750445633,0.243466898955,0.003716453322,2026-08-24,2026-08-31,Acadia Healthcare moved from rank #33 to #32 across the watchlist at 12 months; return +24.0% to +24.3%.
overall_stock,stock,,ACHC,Acadia Healthcare,24,75,76,-1,-0.651858340633,-0.651531795435,0.000326545198,2026-08-24,2026-08-31,Acadia Healthcare moved from rank #75 to #76 across the watchlist at 24 months; return -65.2% to -65.2%.
overall_stock,stock,,ADUS,Addus HomeCare,3,20,18,2,0.303939557474,0.260362129145,-0.043577428329,2026-08-24,2026-08-31,Addus HomeCare moved from rank #20 to #18 across the watchlist at 3 months; return +30.4% to +26.0%.
overall_stock,stock,,ADUS,Addus HomeCare,12,51,52,-1,0.0202685583988,0.00329947034818,-0.0169690880506,2026-08-24,2026-08-31,Addus HomeCare moved from rank #51 to #52 across the watchlist at 12 months; return +2.0% to +0.3%.
overall_stock,stock,,ADUS,Addus HomeCare,24,51,54,-3,-0.0955981434346,-0.13126832569,-0.0356701822554,2026-08-24,2026-08-31,Addus HomeCare moved from rank #51 to #54 across the watchlist at 24 months; return -9.6% to -13.1%.
overall_stock,stock,,AGL,Agilon Health,3,46,64,-18,0.117953466836,0.00281751192024,-0.115135954916,2026-08-24,2026-08-31,Agilon Health moved from rank #46 to #64 across the watchlist at 3 months; return +11.8% to +0.3%.
overall_stock,stock,,AGL,Agilon Health,12,3,3,0,1.90466165414,1.891875,-0.01278665414,2026-08-24,2026-08-31,Agilon Health moved from rank #3 to #3 across the watchlist at 12 months; return +190.5% to +189.2%.
overall_stock,stock,,AGL,Agilon Health,24,53,50,3,-0.137678571429,-0.0927450980392,0.0449334733898,2026-08-24,2026-08-31,Agilon Health moved from rank #53 to #50 across the watchlist at 24 months; return -13.8% to -9.3%.
overall_stock,stock,,AHCO,Accendra Health,3,82,82,0,-0.461244019139,-0.428430404738,0.032813614401,2026-08-24,2026-08-31,Accendra Health moved from rank #82 to #82 across the watchlist at 3 months; return -46.1% to -42.8%.
overall_stock,stock,,AHCO,Accendra Health,12,73,72,1,-0.414151925078,-0.389884088514,0.024267836564,2026-08-24,2026-08-31,Accendra Health moved from rank #73 to #72 across the watchlist at 12 months; return -41.4% to -39.0%.
overall_stock,stock,,AHCO,Accendra Health,24,69,69,0,-0.461244019139,-0.473157415833,-0.011913396694,2026-08-24,2026-08-31,Accendra Health moved from rank #69 to #69 across the watchlist at 24 months; return -46.1% to -47.3%.
overall_stock,stock,,ALHC,Alignment Health,3,77,74,3,-0.195107033639,-0.110966057441,0.084140976198,2026-08-24,2026-08-31,Alignment Health moved from rank #77 to #74 across the watchlist at 3 months; return -19.5% to -11.1%.
overall_stock,stock,,ALHC,Alignment Health,12,65,66,-1,-0.169191919192,-0.167481662592,0.0017102566,2026-08-24,2026-08-31,Alignment Health moved from rank #65 to #66 across the watchlist at 12 months; return -16.9% to -16.7%.
overall_stock,stock,,ALHC,Alignment Health,24,22,19,3,0.419633225458,0.511653718091,0.092020492633,2026-08-24,2026-08-31,Alignment Health moved from rank #22 to #19 across the watchlist at 24 months; return +42.0% to +51.2%.
overall_stock,stock,,AMWL,Amwell,3,12,27,-15,0.494974874372,0.213631739573,-0.281343134799,2026-08-24,2026-08-31,Amwell moved from rank #12 to #27 across the watchlist at 3 months; return +49.5% to +21.4%.
overall_stock,stock,,AMWL,Amwell,12,14,13,1,0.664335664336,0.728985507246,0.06464984291,2026-08-24,2026-08-31,Amwell moved from rank #14 to #13 across the watchlist at 12 months; return +66.4% to +72.9%.
overall_stock,stock,,AMWL,Amwell,24,26,22,4,0.319290465632,0.43734939759,0.118058931958,2026-08-24,2026-08-31,Amwell moved from rank #26 to #22 across the watchlist at 24 months; return +31.9% to +43.7%.
overall_stock,stock,,ARDT,Ardent Health Partners,3,34,32,2,0.19068255688,0.187432286024,-0.003250270856,2026-08-24,2026-08-31,Ardent Health Partners moved from rank #34 to #32 across the watchlist at 3 months; return +19.1% to +18.7%.
overall_stock,stock,,ARDT,Ardent Health Partners,12,63,62,1,-0.153312788906,-0.136327817179,0.016984971727,2026-08-24,2026-08-31,Ardent Health Partners moved from rank #63 to #62 across the watchlist at 12 months; return -15.3% to -13.6%.
overall_stock,stock,,ARDT,Ardent Health Partners,24,64,67,-3,-0.363636363636,-0.447302067574,-0.083665703938,2026-08-24,2026-08-31,Ardent Health Partners moved from rank #64 to #67 across the watchlist at 24 months; return -36.4% to -44.7%.
overall_stock,stock,,ASTH,Astrana Health,3,59,61,-2,0.0396301188904,0.00903774587985,-0.0305923730106,2026-08-24,2026-08-31,Astrana Health moved from rank #59 to #61 across the watchlist at 3 months; return +4.0% to +0.9%.
overall_stock,stock,,ASTH,Astrana Health,12,27,35,-8,0.28259452412,0.187734668335,-0.094859855785,2026-08-24,2026-08-31,Astrana Health moved from rank #27 to #35 across the watchlist at 12 months; return +28.3% to +18.8%.
overall_stock,stock,,ASTH,Astrana Health,24,56,56,0,-0.182252701579,-0.205691567273,-0.023438865694,2026-08-24,2026-08-31,Astrana Health moved from rank #56 to #56 across the watchlist at 24 months; return -18.2% to -20.6%.
overall_stock,stock,,AVAH,Aveanna Healthcare,3,3,2,1,0.795361527967,0.857740585774,0.062379057807,2026-08-24,2026-08-31,Aveanna Healthcare moved from rank #3 to #2 across the watchlist at 3 months; return +79.5% to +85.8%.
overall_stock,stock,,AVAH,Aveanna Healthcare,12,13,14,-1,0.76171352075,0.665,-0.09671352075,2026-08-24,2026-08-31,Aveanna Healthcare moved from rank #13 to #14 across the watchlist at 12 months; return +76.2% to +66.5%.
overall_stock,stock,,AVAH,Aveanna Healthcare,24,6,6,0,1.35,1.35752212389,0.00752212389,2026-08-24,2026-08-31,Aveanna Healthcare moved from rank #6 to #6 across the watchlist at 24 months; return +135.0% to +135.8%.
overall_stock,stock,,BLLN,BillionToOne,3,49,71,-22,0.10602886406,-0.0580866754218,-0.164115539482,2026-08-24,2026-08-31,BillionToOne moved from rank #49 to #71 across the watchlist at 3 months; return +10.6% to -5.8%.
overall_stock,stock,,BLLN,BillionToOne,12,,,,,,,2026-08-24,2026-08-31,BillionToOne moved from rank unavailable across the watchlist at 12 months; return unavailable.
overall_stock,stock,,BLLN,BillionToOne,24,,,,,,,2026-08-24,2026-08-31,BillionToOne moved from rank unavailable across the watchlist at 24 months; return unavailable.
overall_stock,stock,,BTSG,BrightSpring Health Services,3,64,69,-5,0.00632478632479,-0.0413424124514,-0.0476671987762,2026-08-24,2026-08-31,BrightSpring Health Services moved from rank #64 to #69 across the watchlist at 3 months; return +0.6% to -4.1%.
overall_stock,stock,,BTSG,BrightSpring Health Services,12,6,4,2,1.36710896663,1.49598986914,0.12888090251,2026-08-24,2026-08-31,BrightSpring Health Services moved from rank #6 to #4 across the watchlist at 12 months; return +136.7% to +149.6%.
overall_stock,stock,,BTSG,BrightSpring Health Services,24,2,2,0,3.68337311058,3.71155378486,0.02818067428,2026-08-24,2026-08-31,BrightSpring Health Services moved from rank #2 to #2 across the watchlist at 24 months; return +368.3% to +371.2%.
overall_stock,stock,,CAH,Cardinal Health,3,42,31,11,0.143661550728,0.191819105691,0.048157554963,2026-08-24,2026-08-31,Cardinal Health moved from rank #42 to #31 across the watchlist at 3 months; return +14.4% to +19.2%.
overall_stock,stock,,CAH,Cardinal Health,12,16,16,0,0.549696151249,0.576488775373,0.026792624124,2026-08-24,2026-08-31,Cardinal Health moved from rank #16 to #16 across the watchlist at 12 months; return +55.0% to +57.6%.
overall_stock,stock,,CAH,Cardinal Health,24,7,7,0,1.09713084795,1.08081973031,-0.01631111764,2026-08-24,2026-08-31,Cardinal Health moved from rank #7 to #7 across the watchlist at 24 months; return +109.7% to +108.1%.
overall_stock,stock,,CCSI,Consensus Cloud Solutions,3,18,43,-25,0.376042590949,0.106259097525,-0.269783493424,2026-08-24,2026-08-31,Consensus Cloud Solutions moved from rank #18 to #43 across the watchlist at 3 months; return +37.6% to +10.6%.
overall_stock,stock,,CCSI,Consensus Cloud Solutions,12,21,20,1,0.444485842027,0.430184418517,-0.01430142351,2026-08-24,2026-08-31,Consensus Cloud Solutions moved from rank #21 to #20 across the watchlist at 12 months; return +44.4% to +43.0%.
overall_stock,stock,,CCSI,Consensus Cloud Solutions,24,12,17,-5,0.775996335318,0.577418015774,-0.198578319544,2026-08-24,2026-08-31,Consensus Cloud Solutions moved from rank #12 to #17 across the watchlist at 24 months; return +77.6% to +57.7%.
overall_stock,stock,,CERT,Certara,3,7,9,-2,0.608778625954,0.43470790378,-0.174070722174,2026-08-24,2026-08-31,Certara moved from rank #7 to #9 across the watchlist at 3 months; return +60.9% to +43.5%.
overall_stock,stock,,CERT,Certara,12,69,68,1,-0.265039232781,-0.229704797048,0.035334435733,2026-08-24,2026-08-31,Certara moved from rank #69 to #68 across the watchlist at 12 months; return -26.5% to -23.0%.
overall_stock,stock,,CERT,Certara,24,65,63,2,-0.365688487585,-0.318367346939,0.047321140646,2026-08-24,2026-08-31,Certara moved from rank #65 to #63 across the watchlist at 24 months; return -36.6% to -31.8%.
overall_stock,stock,,CHE,Chemed (Vitas),3,28,24,4,0.230357793154,0.227410238972,-0.002947554182,2026-08-24,2026-08-31,Chemed (Vitas) moved from rank #28 to #24 across the watchlist at 3 months; return +23.0% to +22.7%.
overall_stock,stock,,CHE,Chemed (Vitas),12,38,37,1,0.177584141161,0.14287585981,-0.034708281351,2026-08-24,2026-08-31,Chemed (Vitas) moved from rank #38 to #37 across the watchlist at 12 months; return +17.8% to +14.3%.
overall_stock,stock,,CHE,Chemed (Vitas),24,48,52,-4,-0.0555584674249,-0.107119095143,-0.0515606277181,2026-08-24,2026-08-31,Chemed (Vitas) moved from rank #48 to #52 across the watchlist at 24 months; return -5.6% to -10.7%.
overall_stock,stock,,CI,Cigna,3,70,62,8,-0.030498882057,0.00533525594809,0.0358341380051,2026-08-24,2026-08-31,Cigna moved from rank #70 to #62 across the watchlist at 3 months; return -3.0% to +0.5%.
overall_stock,stock,,CI,Cigna,12,59,58,1,-0.0881879415147,-0.0730880446705,0.0150998968442,2026-08-24,2026-08-31,Cigna moved from rank #59 to #58 across the watchlist at 12 months; return -8.8% to -7.3%.
overall_stock,stock,,CI,Cigna,24,58,57,1,-0.216051300884,-0.229208700699,-0.013157399815,2026-08-24,2026-08-31,Cigna moved from rank #58 to #57 across the watchlist at 24 months; return -21.6% to -22.9%.
overall_stock,stock,,CLOV,Clover Health,3,37,53,-16,0.169014084507,0.0628140703518,-0.106200014155,2026-08-24,2026-08-31,Clover Health moved from rank #37 to #53 across the watchlist at 3 months; return +16.9% to +6.3%.
overall_stock,stock,,CLOV,Clover Health,12,18,15,3,0.520146520147,0.614503816794,0.094357296647,2026-08-24,2026-08-31,Clover Health moved from rank #18 to #15 across the watchlist at 12 months; return +52.0% to +61.5%.
overall_stock,stock,,CLOV,Clover Health,24,30,15,15,0.24251497006,0.608365019011,0.365850048951,2026-08-24,2026-08-31,Clover Health moved from rank #30 to #15 across the watchlist at 24 months; return +24.3% to +60.8%.
overall_stock,stock,,CNC,Centene,3,50,49,1,0.0994250929997,0.0864093959732,-0.0130156970265,2026-08-24,2026-08-31,Centene moved from rank #50 to #49 across the watchlist at 3 months; return +9.9% to +8.6%.
overall_stock,stock,,CNC,Centene,12,8,7,1,1.21081264876,1.22968319559,0.01887054683,2026-08-24,2026-08-31,Centene moved from rank #8 to #7 across the watchlist at 12 months; return +121.1% to +123.0%.
overall_stock,stock,,CNC,Centene,24,55,55,0,-0.172246976448,-0.178612203476,-0.006365227028,2026-08-24,2026-08-31,Centene moved from rank #55 to #55 across the watchlist at 24 months; return -17.2% to -17.9%.
overall_stock,stock,,CON,Concentra Group,3,17,10,7,0.382306477093,0.377563329312,-0.004743147781,2026-08-24,2026-08-31,Concentra Group moved from rank #17 to #10 across the watchlist at 3 months; return +38.2% to +37.8%.
overall_stock,stock,,CON,Concentra Group,12,19,19,0,0.479915433404,0.439495798319,-0.040419635085,2026-08-24,2026-08-31,Concentra Group moved from rank #19 to #19 across the watchlist at 12 months; return +48.0% to +43.9%.
overall_stock,stock,,CON,Concentra Group,24,19,24,-5,0.495726495726,0.401226993865,-0.094499501861,2026-08-24,2026-08-31,Concentra Group moved from rank #19 to #24 across the watchlist at 24 months; return +49.6% to +40.1%.
overall_stock,stock,,COR,Cencora,3,39,30,9,0.156887708705,0.195537570538,0.038649861833,2026-08-24,2026-08-31,Cencora moved from rank #39 to #30 across the watchlist at 3 months; return +15.7% to +19.6%.
overall_stock,stock,,COR,Cencora,12,46,41,5,0.0869446343131,0.10431741024,0.0173727759269,2026-08-24,2026-08-31,Cencora moved from rank #46 to #41 across the watchlist at 12 months; return +8.7% to +10.4%.
overall_stock,stock,,COR,Cencora,24,25,25,0,0.337763943804,0.344200025045,0.006436081241,2026-08-24,2026-08-31,Cencora moved from rank #25 to #25 across the watchlist at 24 months; return +33.8% to +34.4%.
overall_stock,stock,,CTRE,CareTrust REIT,3,71,70,1,-0.0379192999514,-0.0438510534052,-0.0059317534538,2026-08-24,2026-08-31,CareTrust REIT moved from rank #71 to #70 across the watchlist at 3 months; return -3.8% to -4.4%.
overall_stock,stock,,CTRE,CareTrust REIT,12,40,38,2,0.149245063879,0.134263295554,-0.014981768325,2026-08-24,2026-08-31,CareTrust REIT moved from rank #40 to #38 across the watchlist at 12 months; return +14.9% to +13.4%.
overall_stock,stock,,CTRE,CareTrust REIT,24,24,26,-2,0.355015405683,0.306224899598,-0.048790506085,2026-08-24,2026-08-31,CareTrust REIT moved from rank #24 to #26 across the watchlist at 24 months; return +35.5% to +30.6%.
overall_stock,stock,,CVS,CVS Health,3,66,58,8,-0.0025734505683,0.0228621675093,0.0254356180776,2026-08-24,2026-08-31,CVS Health moved from rank #66 to #58 across the watchlist at 3 months; return -0.3% to +2.3%.
overall_stock,stock,,CVS,CVS Health,12,26,28,-2,0.304628330996,0.272180451128,-0.032447879868,2026-08-24,2026-08-31,CVS Health moved from rank #26 to #28 across the watchlist at 12 months; return +30.5% to +27.2%.
overall_stock,stock,,CVS,CVS Health,24,16,13,3,0.583319148936,0.625786163522,0.042467014586,2026-08-24,2026-08-31,CVS Health moved from rank #16 to #13 across the watchlist at 24 months; return +58.3% to +62.6%.
overall_stock,stock,,CYH,Community Health Systems,3,56,51,5,0.075,0.0772058823529,0.0022058823529,2026-08-24,2026-08-31,Community Health Systems moved from rank #56 to #51 across the watchlist at 3 months; return +7.5% to +7.7%.
overall_stock,stock,,CYH,Community Health Systems,12,44,47,-3,0.0905797101449,0.0615942028986,-0.0289855072463,2026-08-24,2026-08-31,Community Health Systems moved from rank #44 to #47 across the watchlist at 12 months; return +9.1% to +6.2%.
overall_stock,stock,,CYH,Community Health Systems,24,67,68,-1,-0.405138339921,-0.462385321101,-0.05724698118,2026-08-24,2026-08-31,Community Health Systems moved from rank #67 to #68 across the watchlist at 24 months; return -40.5% to -46.2%.
overall_stock,stock,,DGX,Quest Diagnostics,3,26,20,6,0.251933814866,0.245561826578,-0.006371988288,2026-08-24,2026-08-31,Quest Diagnostics moved from rank #26 to #20 across the watchlist at 3 months; return +25.2% to +24.6%.
overall_stock,stock,,DGX,Quest Diagnostics,12,25,24,1,0.355989568884,0.336489759965,-0.019499808919,2026-08-24,2026-08-31,Quest Diagnostics moved from rank #25 to #24 across the watchlist at 12 months; return +35.6% to +33.6%.
overall_stock,stock,,DGX,Quest Diagnostics,24,15,18,-3,0.591495181037,0.546537554947,-0.04495762609,2026-08-24,2026-08-31,Quest Diagnostics moved from rank #15 to #18 across the watchlist at 24 months; return +59.1% to +54.7%.
overall_stock,stock,,DH,Definitive Healthcare,3,75,75,0,-0.162051161699,-0.13794585303,0.024105308669,2026-08-24,2026-08-31,Definitive Healthcare moved from rank #75 to #75 across the watchlist at 3 months; return -16.2% to -13.8%.
overall_stock,stock,,DH,Definitive Healthcare,12,80,80,0,-0.824113300493,-0.800893300248,0.023220000245,2026-08-24,2026-08-31,Definitive Healthcare moved from rank #80 to #80 across the watchlist at 12 months; return -82.4% to -80.1%.
overall_stock,stock,,DH,Definitive Healthcare,24,78,78,0,-0.842362030905,-0.828912579957,0.013449450948,2026-08-24,2026-08-31,Definitive Healthcare moved from rank #78 to #78 across the watchlist at 24 months; return -84.2% to -82.9%.
overall_stock,stock,,DOC,Healthpeak properties,3,53,47,6,0.0846426761277,0.0945169712794,0.0098742951517,2026-08-24,2026-08-31,Healthpeak properties moved from rank #53 to #47 across the watchlist at 3 months; return +8.5% to +9.5%.
overall_stock,stock,,DOC,Healthpeak properties,12,37,36,1,0.205633802817,0.168338907469,-0.037294895348,2026-08-24,2026-08-31,Healthpeak properties moved from rank #37 to #36 across the watchlist at 12 months; return +20.6% to +16.8%.
overall_stock,stock,,DOC,Healthpeak properties,24,46,48,-2,-0.0471950133571,-0.0592459605027,-0.0120509471456,2026-08-24,2026-08-31,Healthpeak properties moved from rank #46 to #48 across the watchlist at 24 months; return -4.7% to -5.9%.
overall_stock,stock,,DOCS,Doximity,3,24,19,5,0.270310932798,0.249065420561,-0.021245512237,2026-08-24,2026-08-31,Doximity moved from rank #24 to #19 across the watchlist at 3 months; return +27.0% to +24.9%.
overall_stock,stock,,DOCS,Doximity,12,79,78,1,-0.626070268674,-0.606564615838,0.019505652836,2026-08-24,2026-08-31,Doximity moved from rank #79 to #78 across the watchlist at 12 months; return -62.6% to -60.7%.
overall_stock,stock,,DOCS,Doximity,24,62,60,2,-0.306217474664,-0.273246329527,0.032971145137,2026-08-24,2026-08-31,Doximity moved from rank #62 to #60 across the watchlist at 24 months; return -30.6% to -27.3%.
overall_stock,stock,,DVA,Davita,3,74,73,1,-0.124420713278,-0.0703848528504,0.0540358604276,2026-08-24,2026-08-31,Davita moved from rank #74 to #73 across the watchlist at 3 months; return -12.4% to -7.0%.
overall_stock,stock,,DVA,Davita,12,34,25,9,0.238387004845,0.311556329849,0.073169325004,2026-08-24,2026-08-31,Davita moved from rank #34 to #25 across the watchlist at 12 months; return +23.8% to +31.2%.
overall_stock,stock,,DVA,Davita,24,36,32,4,0.128774595753,0.197190564538,0.068415968785,2026-08-24,2026-08-31,Davita moved from rank #36 to #32 across the watchlist at 24 months; return +12.9% to +19.7%.
overall_stock,stock,,EHC,Encompass Health,3,40,41,-1,0.146246189024,0.141709966934,-0.00453622209,2026-08-24,2026-08-31,Encompass Health moved from rank #40 to #41 across the watchlist at 3 months; return +14.6% to +14.2%.
overall_stock,stock,,EHC,Encompass Health,12,53,54,-1,-0.0205161605471,-0.00747371879106,0.013042441756,2026-08-24,2026-08-31,Encompass Health moved from rank #53 to #54 across the watchlist at 12 months; return -2.1% to -0.7%.
overall_stock,stock,,EHC,Encompass Health,24,27,27,0,0.315150852645,0.29876410532,-0.016386747325,2026-08-24,2026-08-31,Encompass Health moved from rank #27 to #27 across the watchlist at 24 months; return +31.5% to +29.9%.
overall_stock,stock,,ELV,Elevance,3,61,63,-2,0.0148217588487,0.00315369159948,-0.0116680672492,2026-08-24,2026-08-31,Elevance moved from rank #61 to #63 across the watchlist at 3 months; return +1.5% to +0.3%.
overall_stock,stock,,ELV,Elevance,12,30,33,-3,0.265329331859,0.237815785344,-0.027513546515,2026-08-24,2026-08-31,Elevance moved from rank #30 to #33 across the watchlist at 12 months; return +26.5% to +23.8%.
overall_stock,stock,,ELV,Elevance,24,61,62,-1,-0.266356509634,-0.291727271095,-0.025370761461,2026-08-24,2026-08-31,Elevance moved from rank #61 to #62 across the watchlist at 24 months; return -26.6% to -29.2%.
overall_stock,stock,,ENSG,The Ensign Group,3,58,56,2,0.0438525066884,0.0317924246943,-0.0120600819941,2026-08-24,2026-08-31,The Ensign Group moved from rank #58 to #56 across the watchlist at 3 months; return +4.4% to +3.2%.
overall_stock,stock,,ENSG,The Ensign Group,12,50,51,-1,0.0408257944792,0.00698567935732,-0.0338401151219,2026-08-24,2026-08-31,The Ensign Group moved from rank #50 to #51 across the watchlist at 12 months; return +4.1% to +0.7%.
overall_stock,stock,,ENSG,The Ensign Group,24,32,35,-3,0.212129398258,0.142838266385,-0.069291131873,2026-08-24,2026-08-31,The Ensign Group moved from rank #32 to #35 across the watchlist at 24 months; return +21.2% to +14.3%.
overall_stock,stock,,EVH,Evolent Health,3,31,36,-5,0.2,0.164556962025,-0.035443037975,2026-08-24,2026-08-31,Evolent Health moved from rank #31 to #36 across the watchlist at 3 months; return +20.0% to +16.5%.
overall_stock,stock,,EVH,Evolent Health,12,76,76,0,-0.50625,-0.523316062176,-0.017066062176,2026-08-24,2026-08-31,Evolent Health moved from rank #76 to #76 across the watchlist at 12 months; return -50.6% to -52.3%.
overall_stock,stock,,EVH,Evolent Health,24,79,79,0,-0.856232939035,-0.856160100063,7.28389719999e-05,2026-08-24,2026-08-31,Evolent Health moved from rank #79 to #79 across the watchlist at 24 months; return -85.6% to -85.6%.
overall_stock,stock,,FMS,Fresenius,3,55,52,3,0.0827171903882,0.0709318497914,-0.0117853405968,2026-08-24,2026-08-31,Fresenius moved from rank #55 to #52 across the watchlist at 3 months; return +8.3% to +7.1%.
overall_stock,stock,,FMS,Fresenius,12,58,61,-3,-0.084765625,-0.101167315175,-0.016401690175,2026-08-24,2026-08-31,Fresenius moved from rank #58 to #61 across the watchlist at 12 months; return -8.5% to -10.1%.
overall_stock,stock,,FMS,Fresenius,24,33,33,0,0.204627249357,0.191335740072,-0.013291509285,2026-08-24,2026-08-31,Fresenius moved from rank #33 to #33 across the watchlist at 24 months; return +20.5% to +19.1%.
overall_stock,stock,,GDRX,GoodRx,3,21,28,-7,0.301886792453,0.208904109589,-0.092982682864,2026-08-24,2026-08-31,GoodRx moved from rank #21 to #28 across the watchlist at 3 months; return +30.2% to +20.9%.
overall_stock,stock,,GDRX,GoodRx,12,68,67,1,-0.243421052632,-0.188505747126,0.054915305506,2026-08-24,2026-08-31,GoodRx moved from rank #68 to #67 across the watchlist at 12 months; return -24.3% to -18.9%.
overall_stock,stock,,GDRX,GoodRx,24,73,72,1,-0.580801944107,-0.553164556962,0.027637387145,2026-08-24,2026-08-31,GoodRx moved from rank #73 to #72 across the watchlist at 24 months; return -58.1% to -55.3%.
overall_stock,stock,,GH,Guardant Health,3,14,21,-7,0.434972677596,0.245277199476,-0.18969547812,2026-08-24,2026-08-31,Guardant Health moved from rank #14 to #21 across the watchlist at 3 months; return +43.5% to +24.5%.
overall_stock,stock,,GH,Guardant Health,12,4,5,-1,1.77996742671,1.39543162266,-0.38453580405,2026-08-24,2026-08-31,Guardant Health moved from rank #4 to #5 across the watchlist at 12 months; return +178.0% to +139.5%.
overall_stock,stock,,GH,Guardant Health,24,1,1,0,4.88180565127,5.31352619234,0.43172054107,2026-08-24,2026-08-31,Guardant Health moved from rank #1 to #1 across the watchlist at 24 months; return +488.2% to +531.4%.
overall_stock,stock,,HCA,HCA Healthcare,3,51,44,7,0.0891212221179,0.103767105194,0.0146458830761,2026-08-24,2026-08-31,HCA Healthcare moved from rank #51 to #44 across the watchlist at 3 months; return +8.9% to +10.4%.
overall_stock,stock,,HCA,HCA Healthcare,12,47,48,-1,0.0598068992765,0.0343103277552,-0.0254965715213,2026-08-24,2026-08-31,HCA Healthcare moved from rank #47 to #48 across the watchlist at 12 months; return +6.0% to +3.4%.
overall_stock,stock,,HCA,HCA Healthcare,24,39,43,-4,0.10394053192,0.056194544857,-0.047745987063,2026-08-24,2026-08-31,HCA Healthcare moved from rank #39 to #43 across the watchlist at 24 months; return +10.4% to +5.6%.
overall_stock,stock,,HCAT,Health Catalyst,3,35,38,-3,0.186046511628,0.152173913043,-0.033872598585,2026-08-24,2026-08-31,Health Catalyst moved from rank #35 to #38 across the watchlist at 3 months; return +18.6% to +15.2%.
overall_stock,stock,,HCAT,Health Catalyst,12,77,77,0,-0.533536585366,-0.530973451327,0.002563134039,2026-08-24,2026-08-31,Health Catalyst moved from rank #77 to #77 across the watchlist at 12 months; return -53.4% to -53.1%.
overall_stock,stock,,HCAT,Health Catalyst,24,77,77,0,-0.78954607978,-0.778859527121,0.010686552659,2026-08-24,2026-08-31,Health Catalyst moved from rank #77 to #77 across the watchlist at 24 months; return -79.0% to -77.9%.
overall_stock,stock,,HIMS,Hims & Hers,3,15,45,-30,0.422315789474,0.102868068834,-0.31944772064,2026-08-24,2026-08-31,Hims & Hers moved from rank #15 to #45 across the watchlist at 3 months; return +42.2% to +10.3%.
overall_stock,stock,,HIMS,Hims & Hers,12,67,70,-3,-0.242091092663,-0.319008264463,-0.0769171718,2026-08-24,2026-08-31,Hims & Hers moved from rank #67 to #70 across the watchlist at 12 months; return -24.2% to -31.9%.
overall_stock,stock,,HIMS,Hims & Hers,24,8,9,-1,1.0191273162,0.957909029192,-0.061218287008,2026-08-24,2026-08-31,Hims & Hers moved from rank #8 to #9 across the watchlist at 24 months; return +101.9% to +95.8%.
overall_stock,stock,,HQY,HealthEquity,3,32,46,-14,0.196345477244,0.0952380952381,-0.101107382006,2026-08-24,2026-08-31,HealthEquity moved from rank #32 to #46 across the watchlist at 3 months; return +19.6% to +9.5%.
overall_stock,stock,,HQY,HealthEquity,12,39,44,-5,0.173569360944,0.0788089107803,-0.0947604501637,2026-08-24,2026-08-31,HealthEquity moved from rank #39 to #44 across the watchlist at 12 months; return +17.4% to +7.9%.
overall_stock,stock,,HQY,HealthEquity,24,23,30,-7,0.3757504568,0.211287078934,-0.164463377866,2026-08-24,2026-08-31,HealthEquity moved from rank #23 to #30 across the watchlist at 24 months; return +37.6% to +21.1%.
overall_stock,stock,,HSIC,Henry Schein,3,33,34,-1,0.192561649373,0.168973622356,-0.023588027017,2026-08-24,2026-08-31,Henry Schein moved from rank #33 to #34 across the watchlist at 3 months; return +19.3% to +16.9%.
overall_stock,stock,,HSIC,Henry Schein,12,28,27,1,0.271551724138,0.286576602472,0.015024878334,2026-08-24,2026-08-31,Henry Schein moved from rank #28 to #27 across the watchlist at 12 months; return +27.2% to +28.7%.
overall_stock,stock,,HSIC,Henry Schein,24,28,29,-1,0.249646992375,0.268887313962,0.019240321587,2026-08-24,2026-08-31,Henry Schein moved from rank #28 to #29 across the watchlist at 24 months; return +25.0% to +26.9%.
overall_stock,stock,,HUM,Humana,3,29,17,12,0.230329598961,0.262327287015,0.031997688054,2026-08-24,2026-08-31,Humana moved from rank #29 to #17 across the watchlist at 3 months; return +23.0% to +26.2%.
overall_stock,stock,,HUM,Humana,12,31,29,2,0.264999499182,0.269643680432,0.00464418125,2026-08-24,2026-08-31,Humana moved from rank #31 to #29 across the watchlist at 12 months; return +26.5% to +27.0%.
overall_stock,stock,,HUM,Humana,24,40,38,2,0.0736185888354,0.0876519874743,0.0140333986389,2026-08-24,2026-08-31,Humana moved from rank #40 to #38 across the watchlist at 24 months; return +7.4% to +8.8%.
overall_stock,stock,,ILMN,Illumina,3,11,12,-1,0.519285368049,0.322962690231,-0.196322677818,2026-08-24,2026-08-31,Illumina moved from rank #11 to #12 across the watchlist at 3 months; return +51.9% to +32.3%.
overall_stock,stock,,ILMN,Illumina,12,9,8,1,1.15520628684,1.15676270508,0.00155641824,2026-08-24,2026-08-31,Illumina moved from rank #9 to #8 across the watchlist at 12 months; return +115.5% to +115.7%.
overall_stock,stock,,ILMN,Illumina,24,14,12,2,0.669837887206,0.640715372907,-0.029122514299,2026-08-24,2026-08-31,Illumina moved from rank #14 to #12 across the watchlist at 24 months; return +67.0% to +64.1%.
overall_stock,stock,,IQV,Iqvia,3,10,8,2,0.547468731388,0.436529279403,-0.110939451985,2026-08-24,2026-08-31,Iqvia moved from rank #10 to #8 across the watchlist at 3 months; return +54.7% to +43.7%.
overall_stock,stock,,IQV,Iqvia,12,24,22,2,0.359246664923,0.371783449505,0.012536784582,2026-08-24,2026-08-31,Iqvia moved from rank #24 to #22 across the watchlist at 12 months; return +35.9% to +37.2%.
overall_stock,stock,,IQV,Iqvia,24,43,44,-1,0.0437472381794,0.0405485986881,-0.0031986394913,2026-08-24,2026-08-31,Iqvia moved from rank #43 to #44 across the watchlist at 24 months; return +4.4% to +4.1%.
overall_stock,stock,,LFMD,LifeMD,3,79,80,-1,-0.210023866348,-0.266355140187,-0.056331273839,2026-08-24,2026-08-31,LifeMD moved from rank #79 to #80 across the watchlist at 3 months; return -21.0% to -26.6%.
overall_stock,stock,,LFMD,LifeMD,12,75,75,0,-0.477093206951,-0.492730210016,-0.015637003065,2026-08-24,2026-08-31,LifeMD moved from rank #75 to #75 across the watchlist at 12 months; return -47.7% to -49.3%.
overall_stock,stock,,LFMD,LifeMD,24,66,65,1,-0.392660550459,-0.397312859885,-0.004652309426,2026-08-24,2026-08-31,LifeMD moved from rank #66 to #65 across the watchlist at 24 months; return -39.3% to -39.7%.
overall_stock,stock,,LFST,Lifestance Health,3,4,4,0,0.687415426252,0.596627756161,-0.090787670091,2026-08-24,2026-08-31,Lifestance Health moved from rank #4 to #4 across the watchlist at 3 months; return +68.7% to +59.7%.
overall_stock,stock,,LFST,Lifestance Health,12,7,6,1,1.24684684685,1.24635036496,-0.00049648189,2026-08-24,2026-08-31,Lifestance Health moved from rank #7 to #6 across the watchlist at 12 months; return +124.7% to +124.6%.
overall_stock,stock,,LFST,Lifestance Health,24,9,10,-1,1.01779935275,0.95087163233,-0.06692772042,2026-08-24,2026-08-31,Lifestance Health moved from rank #9 to #10 across the watchlist at 24 months; return +101.8% to +95.1%.
overall_stock,stock,,LH,Labcorp Holdings,3,22,15,7,0.293963759474,0.288587249096,-0.005376510378,2026-08-24,2026-08-31,Labcorp Holdings moved from rank #22 to #15 across the watchlist at 3 months; return +29.4% to +28.9%.
overall_stock,stock,,LH,Labcorp Holdings,12,36,34,2,0.209073261917,0.205475017087,-0.00359824483,2026-08-24,2026-08-31,Labcorp Holdings moved from rank #36 to #34 across the watchlist at 12 months; return +20.9% to +20.5%.
overall_stock,stock,,LH,Labcorp Holdings,24,21,21,0,0.456710987916,0.457697159511,0.000986171595,2026-08-24,2026-08-31,Labcorp Holdings moved from rank #21 to #21 across the watchlist at 24 months; return +45.7% to +45.8%.
overall_stock,stock,,MCK,McKesson,3,45,29,16,0.121162280702,0.203316092883,0.082153812181,2026-08-24,2026-08-31,McKesson moved from rank #45 to #29 across the watchlist at 3 months; return +12.1% to +20.3%.
overall_stock,stock,,MCK,McKesson,12,32,26,6,0.245775618246,0.301103926366,0.05532830812,2026-08-24,2026-08-31,McKesson moved from rank #32 to #26 across the watchlist at 12 months; return +24.6% to +30.1%.
overall_stock,stock,,MCK,McKesson,24,18,16,2,0.555555555556,0.592268482213,0.036712926657,2026-08-24,2026-08-31,McKesson moved from rank #18 to #16 across the watchlist at 24 months; return +55.6% to +59.2%.
overall_stock,stock,,MDRX,Veradigm,3,62,68,-6,0.0105263157895,-0.04,-0.0505263157895,2026-08-24,2026-08-31,Veradigm moved from rank #62 to #68 across the watchlist at 3 months; return +1.1% to -4.0%.
overall_stock,stock,,MDRX,Veradigm,12,52,55,-3,-0.0103092783505,-0.0204081632653,-0.0100988849148,2026-08-24,2026-08-31,Veradigm moved from rank #52 to #55 across the watchlist at 12 months; return -1.0% to -2.0%.
overall_stock,stock,,MDRX,Veradigm,24,70,70,0,-0.505154639175,-0.517587939698,-0.012433300523,2026-08-24,2026-08-31,Veradigm moved from rank #70 to #70 across the watchlist at 24 months; return -50.5% to -51.8%.
overall_stock,stock,,MOH,Molina Healthcare,3,52,39,13,0.0877050070598,0.152073732719,0.0643687256592,2026-08-24,2026-08-31,Molina Healthcare moved from rank #52 to #39 across the watchlist at 3 months; return +8.8% to +15.2%.
overall_stock,stock,,MOH,Molina Healthcare,12,41,40,1,0.148188488879,0.106011170713,-0.042177318166,2026-08-24,2026-08-31,Molina Healthcare moved from rank #41 to #40 across the watchlist at 12 months; return +14.8% to +10.6%.
overall_stock,stock,,MOH,Molina Healthcare,24,68,66,2,-0.420825863166,-0.428228365591,-0.007402502425,2026-08-24,2026-08-31,Molina Healthcare moved from rank #68 to #66 across the watchlist at 24 months; return -42.1% to -42.8%.
overall_stock,stock,,MPT,Medical Properties Trust,3,76,77,-1,-0.188976377953,-0.199608610568,-0.010632232615,2026-08-24,2026-08-31,Medical Properties Trust moved from rank #76 to #77 across the watchlist at 3 months; return -18.9% to -20.0%.
overall_stock,stock,,MPT,Medical Properties Trust,12,,,,,,,2026-08-24,2026-08-31,Medical Properties Trust moved from rank unavailable across the watchlist at 12 months; return unavailable.
overall_stock,stock,,MPT,Medical Properties Trust,24,,,,,,,2026-08-24,2026-08-31,Medical Properties Trust moved from rank unavailable across the watchlist at 24 months; return unavailable.
overall_stock,stock,,NEO,NeoGenomics,3,2,3,-1,0.839653304442,0.715779467681,-0.123873836761,2026-08-24,2026-08-31,NeoGenomics moved from rank #2 to #3 across the watchlist at 3 months; return +84.0% to +71.6%.
overall_stock,stock,,NEO,NeoGenomics,12,5,9,-4,1.57077971234,1.05580865604,-0.5149710563,2026-08-24,2026-08-31,NeoGenomics moved from rank #5 to #9 across the watchlist at 12 months; return +157.1% to +105.6%.
overall_stock,stock,,NEO,NeoGenomics,24,44,37,7,0.0192076830732,0.0926150121065,0.0734073290333,2026-08-24,2026-08-31,NeoGenomics moved from rank #44 to #37 across the watchlist at 24 months; return +1.9% to +9.3%.
overall_stock,stock,,NHI,National Health Investors,3,72,66,6,-0.040041873855,-0.0171919770774,0.0228498967776,2026-08-24,2026-08-31,National Health Investors moved from rank #72 to #66 across the watchlist at 3 months; return -4.0% to -1.7%.
overall_stock,stock,,NHI,National Health Investors,12,57,59,-2,-0.0579170412226,-0.0799591263252,-0.0220420851026,2026-08-24,2026-08-31,National Health Investors moved from rank #57 to #59 across the watchlist at 12 months; return -5.8% to -8.0%.
overall_stock,stock,,NHI,National Health Investors,24,49,53,-4,-0.067022764848,-0.115436571288,-0.04841380644,2026-08-24,2026-08-31,National Health Investors moved from rank #49 to #53 across the watchlist at 24 months; return -6.7% to -11.5%.
overall_stock,stock,,NTRA,Natera,3,5,7,-2,0.634086323146,0.460625867395,-0.173460455751,2026-08-24,2026-08-31,Natera moved from rank #5 to #7 across the watchlist at 3 months; return +63.4% to +46.1%.
overall_stock,stock,,NTRA,Natera,12,10,11,-1,1.00501207729,0.939138187221,-0.065873890069,2026-08-24,2026-08-31,Natera moved from rank #10 to #11 across the watchlist at 12 months; return +100.5% to +93.9%.
overall_stock,stock,,NTRA,Natera,24,5,3,2,1.7058104474,1.75883646203,0.05302601463,2026-08-24,2026-08-31,Natera moved from rank #5 to #3 across the watchlist at 24 months; return +170.6% to +175.9%.
overall_stock,stock,,OHI,Omega Healthcare Investors,3,68,65,3,-0.0269311064718,-0.0164670658683,0.0104640406035,2026-08-24,2026-08-31,Omega Healthcare Investors moved from rank #68 to #65 across the watchlist at 3 months; return -2.7% to -1.6%.
overall_stock,stock,,OHI,Omega Healthcare Investors,12,43,43,0,0.102934216753,0.0803382663848,-0.0225959503682,2026-08-24,2026-08-31,Omega Healthcare Investors moved from rank #43 to #43 across the watchlist at 12 months; return +10.3% to +8.0%.
overall_stock,stock,,OHI,Omega Healthcare Investors,24,34,34,0,0.20036054597,0.163125948407,-0.037234597563,2026-08-24,2026-08-31,Omega Healthcare Investors moved from rank #34 to #34 across the watchlist at 24 months; return +20.0% to +16.3%.
overall_stock,stock,,OMCL,Omnicell,3,78,79,-1,-0.198829092547,-0.250566379701,-0.051737287154,2026-08-24,2026-08-31,Omnicell moved from rank #78 to #79 across the watchlist at 3 months; return -19.9% to -25.1%.
overall_stock,stock,,OMCL,Omnicell,12,48,50,-2,0.0582986317668,0.0150352868978,-0.043263344869,2026-08-24,2026-08-31,Omnicell moved from rank #48 to #50 across the watchlist at 12 months; return +5.8% to +1.5%.
overall_stock,stock,,OMCL,Omnicell,24,57,59,-2,-0.205803571429,-0.256294964029,-0.0504913926,2026-08-24,2026-08-31,Omnicell moved from rank #57 to #59 across the watchlist at 24 months; return -20.6% to -25.6%.
overall_stock,stock,,OMDA,Omada Health,3,13,13,0,0.447001817081,0.318308291597,-0.128693525484,2026-08-24,2026-08-31,Omada Health moved from rank #13 to #13 across the watchlist at 3 months; return +44.7% to +31.8%.
overall_stock,stock,,OMDA,Omada Health,12,42,53,-11,0.120806943467,0,-0.120806943467,2026-08-24,2026-08-31,Omada Health moved from rank #42 to #53 across the watchlist at 12 months; return +12.1% to +0.0%.
overall_stock,stock,,OMDA,Omada Health,24,,,,,,,2026-08-24,2026-08-31,Omada Health moved from rank unavailable across the watchlist at 24 months; return unavailable.
overall_stock,stock,,OPCH,Option Care Health,3,43,40,3,0.132345914955,0.145184475323,0.012838560368,2026-08-24,2026-08-31,Option Care Health moved from rank #43 to #40 across the watchlist at 3 months; return +13.2% to +14.5%.
overall_stock,stock,,OPCH,Option Care Health,12,66,65,1,-0.175365344468,-0.166666666667,0.008698677801,2026-08-24,2026-08-31,Option Care Health moved from rank #66 to #65 across the watchlist at 12 months; return -17.5% to -16.7%.
overall_stock,stock,,OPCH,Option Care Health,24,60,58,2,-0.255419415646,-0.253591505309,0.001827910337,2026-08-24,2026-08-31,Option Care Health moved from rank #60 to #58 across the watchlist at 24 months; return -25.5% to -25.4%.
overall_stock,stock,,ORCL,Oracle-Cerner,3,81,81,0,-0.237453144523,-0.331871733546,-0.094418589023,2026-08-24,2026-08-31,Oracle-Cerner moved from rank #81 to #81 across the watchlist at 3 months; return -23.7% to -33.2%.
overall_stock,stock,,ORCL,Oracle-Cerner,12,71,71,0,-0.380335914033,-0.332905850617,0.047430063416,2026-08-24,2026-08-31,Oracle-Cerner moved from rank #71 to #71 across the watchlist at 12 months; return -38.0% to -33.3%.
overall_stock,stock,,ORCL,Oracle-Cerner,24,42,42,0,0.052302607946,0.0676622549367,0.0153596469907,2026-08-24,2026-08-31,Oracle-Cerner moved from rank #42 to #42 across the watchlist at 24 months; return +5.2% to +6.8%.
overall_stock,stock,,OSCR,Oscar Health,3,16,11,5,0.41519434629,0.370670265407,-0.044524080883,2026-08-24,2026-08-31,Oscar Health moved from rank #16 to #11 across the watchlist at 3 months; return +41.5% to +37.1%.
overall_stock,stock,,OSCR,Oscar Health,12,11,12,-1,0.907142857143,0.828931572629,-0.078211284514,2026-08-24,2026-08-31,Oscar Health moved from rank #11 to #12 across the watchlist at 12 months; return +90.7% to +82.9%.
overall_stock,stock,,OSCR,Oscar Health,24,11,11,0,0.808126410835,0.665027322404,-0.143099088431,2026-08-24,2026-08-31,Oscar Health moved from rank #11 to #11 across the watchlist at 24 months; return +80.8% to +66.5%.
overall_stock,stock,,PACB,PacBio,3,48,72,-24,0.106557377049,-0.0604026845638,-0.166960061613,2026-08-24,2026-08-31,PacBio moved from rank #48 to #72 across the watchlist at 3 months; return +10.7% to -6.0%.
overall_stock,stock,,PACB,PacBio,12,54,46,8,-0.0217391304348,0.0687022900763,0.0904414205111,2026-08-24,2026-08-31,PacBio moved from rank #54 to #46 across the watchlist at 12 months; return -2.2% to +6.9%.
overall_stock,stock,,PACB,PacBio,24,52,46,6,-0.134615384615,0.021897810219,0.156513194834,2026-08-24,2026-08-31,PacBio moved from rank #52 to #46 across the watchlist at 24 months; return -13.5% to +2.2%.
overall_stock,stock,,PACS,PACS Group,3,36,35,1,0.172185430464,0.166439290587,-0.005746139877,2026-08-24,2026-08-31,PACS Group moved from rank #36 to #35 across the watchlist at 3 months; return +17.2% to +16.6%.
overall_stock,stock,,PACS,PACS Group,12,2,2,0,2.67219917012,2.67268041237,0.00048124225,2026-08-24,2026-08-31,PACS Group moved from rank #2 to #2 across the watchlist at 12 months; return +267.2% to +267.3%.
overall_stock,stock,,PACS,PACS Group,24,41,41,0,0.0709099709584,0.0776405344089,0.0067305634505,2026-08-24,2026-08-31,PACS Group moved from rank #41 to #41 across the watchlist at 24 months; return +7.1% to +7.8%.
overall_stock,stock,,PGNY,Progyny,3,60,59,1,0.0309485530547,0.0172143974961,-0.0137341555586,2026-08-24,2026-08-31,Progyny moved from rank #60 to #59 across the watchlist at 3 months; return +3.1% to +1.7%.
overall_stock,stock,,PGNY,Progyny,12,45,42,3,0.0900977475563,0.0984368398817,0.0083390923254,2026-08-24,2026-08-31,Progyny moved from rank #45 to #42 across the watchlist at 12 months; return +9.0% to +9.8%.
overall_stock,stock,,PGNY,Progyny,24,35,36,-1,0.176605504587,0.106853980417,-0.06975152417,2026-08-24,2026-08-31,Progyny moved from rank #35 to #36 across the watchlist at 24 months; return +17.7% to +10.7%.
overall_stock,stock,,PHR,Phreesia,3,19,22,-3,0.358744394619,0.232251521298,-0.126492873321,2026-08-24,2026-08-31,Phreesia moved from rank #19 to #22 across the watchlist at 3 months; return +35.9% to +23.2%.
overall_stock,stock,,PHR,Phreesia,12,78,79,-1,-0.592605042017,-0.616234996841,-0.023629954824,2026-08-24,2026-08-31,Phreesia moved from rank #78 to #79 across the watchlist at 12 months; return -59.3% to -61.6%.
overall_stock,stock,,PHR,Phreesia,24,71,71,0,-0.523022432113,-0.527421236873,-0.00439880476,2026-08-24,2026-08-31,Phreesia moved from rank #71 to #71 across the watchlist at 24 months; return -52.3% to -52.7%.
overall_stock,stock,,PIII,P3 Health,3,80,78,2,-0.218939393939,-0.24302134647,-0.024081952531,2026-08-24,2026-08-31,P3 Health moved from rank #80 to #78 across the watchlist at 3 months; return -21.9% to -24.3%.
overall_stock,stock,,PIII,P3 Health,12,22,39,-17,0.433936022253,0.106869312589,-0.327066709664,2026-08-24,2026-08-31,P3 Health moved from rank #22 to #39 across the watchlist at 12 months; return +43.4% to +10.7%.
overall_stock,stock,,PIII,P3 Health,24,74,74,0,-0.585027168444,-0.634634436299,-0.049607267855,2026-08-24,2026-08-31,P3 Health moved from rank #74 to #74 across the watchlist at 24 months; return -58.5% to -63.5%.
overall_stock,stock,,PNTG,Pennant Group,3,41,50,-9,0.146226415094,0.0826277372263,-0.0635986778677,2026-08-24,2026-08-31,Pennant Group moved from rank #41 to #50 across the watchlist at 3 months; return +14.6% to +8.3%.
overall_stock,stock,,PNTG,Pennant Group,12,17,17,0,0.544696066746,0.544356518117,-0.000339548629,2026-08-24,2026-08-31,Pennant Group moved from rank #17 to #17 across the watchlist at 12 months; return +54.5% to +54.4%.
overall_stock,stock,,PNTG,Pennant Group,24,38,39,-1,0.112128146453,0.0823117338004,-0.0298164126526,2026-08-24,2026-08-31,Pennant Group moved from rank #38 to #39 across the watchlist at 24 months; return +11.2% to +8.2%.
overall_stock,stock,,PRVA,Privia Health Group,3,73,67,6,-0.0732777534006,-0.0334728033473,0.0398049500533,2026-08-24,2026-08-31,Privia Health Group moved from rank #73 to #67 across the watchlist at 3 months; return -7.3% to -3.3%.
overall_stock,stock,,PRVA,Privia Health Group,12,55,60,-5,-0.0395634379263,-0.09765625,-0.0580928120737,2026-08-24,2026-08-31,Privia Health Group moved from rank #55 to #60 across the watchlist at 12 months; return -4.0% to -9.8%.
overall_stock,stock,,PRVA,Privia Health Group,24,45,45,0,0.0124640460211,0.03227408143,0.0198100354089,2026-08-24,2026-08-31,Privia Health Group moved from rank #45 to #45 across the watchlist at 24 months; return +1.2% to +3.2%.
overall_stock,stock,,QDEL,QuidelOrtho,3,27,42,-15,0.242833052277,0.132104454685,-0.110728597592,2026-08-24,2026-08-31,QuidelOrtho moved from rank #27 to #42 across the watchlist at 3 months; return +24.3% to +13.2%.
overall_stock,stock,,QDEL,QuidelOrtho,12,74,74,0,-0.471684587814,-0.486232136633,-0.014547548819,2026-08-24,2026-08-31,QuidelOrtho moved from rank #74 to #74 across the watchlist at 12 months; return -47.2% to -48.6%.
overall_stock,stock,,QDEL,QuidelOrtho,24,76,75,1,-0.672517218396,-0.651124260355,0.021392958041,2026-08-24,2026-08-31,QuidelOrtho moved from rank #76 to #75 across the watchlist at 24 months; return -67.3% to -65.1%.
overall_stock,stock,,SBRA,Sabra Health Care REIT,3,67,54,13,-0.0159266409266,0.0361990950226,0.0521257359492,2026-08-24,2026-08-31,Sabra Health Care REIT moved from rank #67 to #54 across the watchlist at 3 months; return -1.6% to +3.6%.
overall_stock,stock,,SBRA,Sabra Health Care REIT,12,49,45,4,0.0429667519182,0.0784929356358,0.0355261837176,2026-08-24,2026-08-31,Sabra Health Care REIT moved from rank #49 to #45 across the watchlist at 12 months; return +4.3% to +7.8%.
overall_stock,stock,,SBRA,Sabra Health Care REIT,24,31,31,0,0.226097414311,0.209507042254,-0.016590372057,2026-08-24,2026-08-31,Sabra Health Care REIT moved from rank #31 to #31 across the watchlist at 24 months; return +22.6% to +21.0%.
overall_stock,stock,,SGRY,Surgery Partners,3,54,57,-3,0.0835820895522,0.0247005988024,-0.0588814907498,2026-08-24,2026-08-31,Surgery Partners moved from rank #54 to #57 across the watchlist at 3 months; return +8.4% to +2.5%.
overall_stock,stock,,SGRY,Surgery Partners,12,72,73,-1,-0.38578680203,-0.396650506831,-0.010863704801,2026-08-24,2026-08-31,Surgery Partners moved from rank #72 to #73 across the watchlist at 12 months; return -38.6% to -39.7%.
overall_stock,stock,,SGRY,Surgery Partners,24,72,73,-1,-0.569011576135,-0.57151799687,-0.002506420735,2026-08-24,2026-08-31,Surgery Partners moved from rank #72 to #73 across the watchlist at 24 months; return -56.9% to -57.2%.
overall_stock,stock,,SOLV,Solventum,3,38,26,12,0.165820642978,0.215743829219,0.049923186241,2026-08-24,2026-08-31,Solventum moved from rank #38 to #26 across the watchlist at 3 months; return +16.6% to +21.6%.
overall_stock,stock,,SOLV,Solventum,12,35,31,4,0.217811012916,0.246682172664,0.028871159748,2026-08-24,2026-08-31,Solventum moved from rank #35 to #31 across the watchlist at 12 months; return +21.8% to +24.7%.
overall_stock,stock,,SOLV,Solventum,24,20,23,-3,0.458794788274,0.421307128373,-0.037487659901,2026-08-24,2026-08-31,Solventum moved from rank #20 to #23 across the watchlist at 24 months; return +45.9% to +42.1%.
overall_stock,stock,,TALK,Talkspace,3,63,60,3,0.00961538461538,0.00961538461538,0,2026-08-24,2026-08-31,Talkspace moved from rank #63 to #60 across the watchlist at 3 months; return +1.0% to +1.0%.
overall_stock,stock,,TALK,Talkspace,12,12,10,2,0.875,0.973684210526,0.098684210526,2026-08-24,2026-08-31,Talkspace moved from rank #12 to #10 across the watchlist at 12 months; return +87.5% to +97.4%.
overall_stock,stock,,TALK,Talkspace,24,3,5,-2,1.96610169492,1.625,-0.34110169492,2026-08-24,2026-08-31,Talkspace moved from rank #3 to #5 across the watchlist at 24 months; return +196.6% to +162.5%.
overall_stock,stock,,TDOC,Teladoc,3,69,76,-7,-0.027397260274,-0.145860709593,-0.118463449319,2026-08-24,2026-08-31,Teladoc moved from rank #69 to #76 across the watchlist at 3 months; return -2.7% to -14.6%.
overall_stock,stock,,TDOC,Teladoc,12,64,64,0,-0.16796875,-0.159120310479,0.008848439521,2026-08-24,2026-08-31,Teladoc moved from rank #64 to #64 across the watchlist at 12 months; return -16.8% to -15.9%.
overall_stock,stock,,TDOC,Teladoc,24,54,51,3,-0.138814016173,-0.0934449093445,0.0453691068285,2026-08-24,2026-08-31,Teladoc moved from rank #54 to #51 across the watchlist at 24 months; return -13.9% to -9.3%.
overall_stock,stock,,TEM,Tempus AI,3,8,16,-8,0.574058033781,0.268872597583,-0.305185436198,2026-08-24,2026-08-31,Tempus AI moved from rank #8 to #16 across the watchlist at 3 months; return +57.4% to +26.9%.
overall_stock,stock,,TEM,Tempus AI,12,60,63,-3,-0.0972429210134,-0.155813340364,-0.0585704193506,2026-08-24,2026-08-31,Tempus AI moved from rank #60 to #63 across the watchlist at 12 months; return -9.7% to -15.6%.
overall_stock,stock,,TEM,Tempus AI,24,37,40,-3,0.119168591224,0.0784776018862,-0.0406909893378,2026-08-24,2026-08-31,Tempus AI moved from rank #37 to #40 across the watchlist at 24 months; return +11.9% to +7.8%.
overall_stock,stock,,THC,Tenet Health,3,6,6,0,0.615663482564,0.521788729181,-0.093874753383,2026-08-24,2026-08-31,Tenet Health moved from rank #6 to #6 across the watchlist at 3 months; return +61.6% to +52.2%.
overall_stock,stock,,THC,Tenet Health,12,15,18,-3,0.564178272981,0.44740411219,-0.116774160791,2026-08-24,2026-08-31,Tenet Health moved from rank #15 to #18 across the watchlist at 12 months; return +56.4% to +44.7%.
overall_stock,stock,,THC,Tenet Health,24,13,14,-1,0.706497295326,0.608779546551,-0.097717748775,2026-08-24,2026-08-31,Tenet Health moved from rank #13 to #14 across the watchlist at 24 months; return +70.6% to +60.9%.
overall_stock,stock,,TXG,10x Genomics,3,1,1,0,1.75,1.17417417417,-0.57582582583,2026-08-24,2026-08-31,10x Genomics moved from rank #1 to #1 across the watchlist at 3 months; return +175.0% to +117.4%.
overall_stock,stock,,TXG,10x Genomics,12,1,1,0,3.55384615385,3.39257673091,-0.16126942294,2026-08-24,2026-08-31,10x Genomics moved from rank #1 to #1 across the watchlist at 12 months; return +355.4% to +339.3%.
overall_stock,stock,,TXG,10x Genomics,24,4,4,0,1.77224350788,1.63554603854,-0.13669746934,2026-08-24,2026-08-31,10x Genomics moved from rank #4 to #4 across the watchlist at 24 months; return +177.2% to +163.6%.
overall_stock,stock,,UHS,Universal Health Services,3,44,33,11,0.123320659062,0.174868249949,0.051547590887,2026-08-24,2026-08-31,Universal Health Services moved from rank #44 to #33 across the watchlist at 3 months; return +12.3% to +17.5%.
overall_stock,stock,,UHS,Universal Health Services,12,56,57,-1,-0.0448324172863,-0.0546315673532,-0.0097991500669,2026-08-24,2026-08-31,Universal Health Services moved from rank #56 to #57 across the watchlist at 12 months; return -4.5% to -5.5%.
overall_stock,stock,,UHS,Universal Health Services,24,59,61,-2,-0.239684309857,-0.278648569147,-0.03896425929,2026-08-24,2026-08-31,Universal Health Services moved from rank #59 to #61 across the watchlist at 24 months; return -24.0% to -27.9%.
overall_stock,stock,,UNH,UnitedHealth,3,65,55,10,0.00422169022061,0.0332360442797,0.0290143540591,2026-08-24,2026-08-31,UnitedHealth moved from rank #65 to #55 across the watchlist at 3 months; return +0.4% to +3.3%.
overall_stock,stock,,UNH,UnitedHealth,12,29,30,-1,0.268980547785,0.268112434247,-0.000868113538,2026-08-24,2026-08-31,UnitedHealth moved from rank #29 to #30 across the watchlist at 12 months; return +26.9% to +26.8%.
overall_stock,stock,,UNH,UnitedHealth,24,63,64,-1,-0.332586268841,-0.334208742799,-0.001622473958,2026-08-24,2026-08-31,UnitedHealth moved from rank #63 to #64 across the watchlist at 24 months; return -33.3% to -33.4%.
overall_stock,stock,,USPH,US Physical Therapy,3,25,25,0,0.26226597805,0.223622782446,-0.038643195604,2026-08-24,2026-08-31,US Physical Therapy moved from rank #25 to #25 across the watchlist at 3 months; return +26.2% to +22.4%.
overall_stock,stock,,USPH,US Physical Therapy,12,61,56,5,-0.105455793206,-0.0513934129569,0.0540623802491,2026-08-24,2026-08-31,US Physical Therapy moved from rank #61 to #56 across the watchlist at 12 months; return -10.5% to -5.1%.
overall_stock,stock,,USPH,US Physical Therapy,24,50,49,1,-0.0778210116732,-0.0814252336449,-0.0036042219717,2026-08-24,2026-08-31,US Physical Therapy moved from rank #50 to #49 across the watchlist at 24 months; return -7.8% to -8.1%.
overall_stock,stock,,VEEV,Veeva Systems,3,9,5,4,0.547730536305,0.587071240106,0.039340703801,2026-08-24,2026-08-31,Veeva Systems moved from rank #9 to #5 across the watchlist at 3 months; return +54.8% to +58.7%.
overall_stock,stock,,VEEV,Veeva Systems,12,62,49,13,-0.147699924362,0.027823179792,0.175523104154,2026-08-24,2026-08-31,Veeva Systems moved from rank #62 to #49 across the watchlist at 12 months; return -14.8% to +2.8%.
overall_stock,stock,,VEEV,Veeva Systems,24,29,28,1,0.244165621079,0.278368138976,0.034202517897,2026-08-24,2026-08-31,Veeva Systems moved from rank #29 to #28 across the watchlist at 24 months; return +24.4% to +27.8%.
overall_stock,stock,,VTR,"Ventas, Inc",3,57,48,9,0.0553413472443,0.0875384979863,0.032197150742,2026-08-24,2026-08-31,"Ventas, Inc moved from rank #57 to #48 across the watchlist at 3 months; return +5.5% to +8.8%."
overall_stock,stock,,VTR,"Ventas, Inc",12,23,23,0,0.372768844962,0.348560517039,-0.024208327923,2026-08-24,2026-08-31,"Ventas, Inc moved from rank #23 to #23 across the watchlist at 12 months; return +37.3% to +34.9%."
overall_stock,stock,,VTR,"Ventas, Inc",24,17,20,-3,0.561933534743,0.478183867332,-0.083749667411,2026-08-24,2026-08-31,"Ventas, Inc moved from rank #17 to #20 across the watchlist at 24 months; return +56.2% to +47.8%."
overall_stock,stock,,WAY,Waystar,3,23,14,9,0.277976494635,0.317930688096,0.039954193461,2026-08-24,2026-08-31,Waystar moved from rank #23 to #14 across the watchlist at 3 months; return +27.8% to +31.8%.
overall_stock,stock,,WAY,Waystar,12,70,69,1,-0.309878587196,-0.307286166843,0.002592420353,2026-08-24,2026-08-31,Waystar moved from rank #70 to #69 across the watchlist at 12 months; return -31.0% to -30.7%.
overall_stock,stock,,WAY,Waystar,24,47,47,0,-0.0522925350512,-0.0360029390154,0.0162895960358,2026-08-24,2026-08-31,Waystar moved from rank #47 to #47 across the watchlist at 24 months; return -5.2% to -3.6%.
overall_stock,stock,,WELL,Welltower,3,47,37,10,0.106629041958,0.159450640432,0.052821598474,2026-08-24,2026-08-31,Welltower moved from rank #47 to #37 across the watchlist at 3 months; return +10.7% to +15.9%.
overall_stock,stock,,WELL,Welltower,12,20,21,-1,0.454844006568,0.414725457571,-0.040118548997,2026-08-24,2026-08-31,Welltower moved from rank #20 to #21 across the watchlist at 12 months; return +45.5% to +41.5%.
overall_stock,stock,,WELL,Welltower,24,10,8,2,1.00402111083,0.972737819026,-0.031283291804,2026-08-24,2026-08-31,Welltower moved from rank #10 to #8 across the watchlist at 24 months; return +100.4% to +97.3%.
