change_type,entity_type,category,ticker,name,horizon_months,previous_rank,current_rank,rank_delta,previous_return,current_return,return_delta,previous_report_date,current_report_date,detail
category_performance,category,"Digital Health, Specialty, Benefits",,"Digital Health, Specialty, Benefits",12,9,9,0,0.091407915079,0.0983818669895,0.0069739519105,2026-08-17,2026-08-24,"Digital Health, Specialty, Benefits moved from rank #9 to #9 among subcategories at 12 months; return +9.1% to +9.8%."
category_performance,category,"Digital Health, Specialty, Benefits",,"Digital Health, Specialty, Benefits",24,5,5,0,0.499253980766,0.524977674259,0.025723693493,2026-08-17,2026-08-24,"Digital Health, Specialty, Benefits moved from rank #5 to #5 among subcategories at 24 months; return +49.9% to +52.5%."
category_performance,category,"Digital Health, Specialty, Benefits",,"Digital Health, Specialty, Benefits",3,2,2,0,0.238011985332,0.262445977574,0.024433992242,2026-08-17,2026-08-24,"Digital Health, Specialty, Benefits moved from rank #2 to #2 among subcategories at 3 months; return +23.8% to +26.2%."
category_performance,category,Health Care Real Estate,,Health Care Real Estate,12,5,5,0,0.372038086192,0.378822717241,0.006784631049,2026-08-17,2026-08-24,Health Care Real Estate moved from rank #5 to #5 among subcategories at 12 months; return +37.2% to +37.9%.
category_performance,category,Health Care Real Estate,,Health Care Real Estate,24,3,3,0,0.787393680745,0.763020422816,-0.024373257929,2026-08-17,2026-08-24,Health Care Real Estate moved from rank #3 to #3 among subcategories at 24 months; return +78.7% to +76.3%.
category_performance,category,Health Care Real Estate,,Health Care Real Estate,3,6,7,-1,0.070882384272,0.0757824952374,0.0049001109654,2026-08-17,2026-08-24,Health Care Real Estate moved from rank #6 to #7 among subcategories at 3 months; return +7.1% to +7.6%.
category_performance,category,Health IT and Data,,Health IT and Data,12,10,10,0,-0.303148912292,-0.284986712515,0.018162199777,2026-08-17,2026-08-24,Health IT and Data moved from rank #10 to #10 among subcategories at 12 months; return -30.3% to -28.5%.
category_performance,category,Health IT and Data,,Health IT and Data,24,8,8,0,0.104340175233,0.0718686189088,-0.0324715563242,2026-08-17,2026-08-24,Health IT and Data moved from rank #8 to #8 among subcategories at 24 months; return +10.4% to +7.2%.
category_performance,category,Health IT and Data,,Health IT and Data,3,10,10,0,-0.0922876267273,-0.0955085497899,-0.0032209230626,2026-08-17,2026-08-24,Health IT and Data moved from rank #10 to #10 among subcategories at 3 months; return -9.2% to -9.6%.
category_performance,category,Health System Providers,,Health System Providers,12,8,8,0,0.106456369394,0.134615820699,0.028159451305,2026-08-17,2026-08-24,Health System Providers moved from rank #8 to #8 among subcategories at 12 months; return +10.6% to +13.5%.
category_performance,category,Health System Providers,,Health System Providers,24,7,6,1,0.154536781621,0.170069852566,0.015533070945,2026-08-17,2026-08-24,Health System Providers moved from rank #7 to #6 among subcategories at 24 months; return +15.5% to +17.0%.
category_performance,category,Health System Providers,,Health System Providers,3,9,3,6,0.0324636421947,0.183430253775,0.15096661158,2026-08-17,2026-08-24,Health System Providers moved from rank #9 to #3 among subcategories at 3 months; return +3.2% to +18.3%.
category_performance,category,Inpatient Non-Acute Providers,,Inpatient Non-Acute Providers,12,3,2,1,0.744697156406,0.646226912686,-0.09847024372,2026-08-17,2026-08-24,Inpatient Non-Acute Providers moved from rank #3 to #2 among subcategories at 12 months; return +74.5% to +64.6%.
category_performance,category,Inpatient Non-Acute Providers,,Inpatient Non-Acute Providers,24,6,7,-1,0.21507869941,0.139745824274,-0.075332875136,2026-08-17,2026-08-24,Inpatient Non-Acute Providers moved from rank #6 to #7 among subcategories at 24 months; return +21.5% to +14.0%.
category_performance,category,Inpatient Non-Acute Providers,,Inpatient Non-Acute Providers,3,5,5,0,0.123166111549,0.123167896365,1.78481599999e-06,2026-08-17,2026-08-24,Inpatient Non-Acute Providers moved from rank #5 to #5 among subcategories at 3 months; return +12.3% to +12.3%.
category_performance,category,Outpatient and Home Providers,,Outpatient and Home Providers,12,4,4,0,0.518902426763,0.409790015212,-0.109112411551,2026-08-17,2026-08-24,Outpatient and Home Providers moved from rank #4 to #4 among subcategories at 12 months; return +51.9% to +41.0%.
category_performance,category,Outpatient and Home Providers,,Outpatient and Home Providers,24,2,2,0,0.979466509081,0.846060549753,-0.133405959328,2026-08-17,2026-08-24,Outpatient and Home Providers moved from rank #2 to #2 among subcategories at 24 months; return +97.9% to +84.6%.
category_performance,category,Outpatient and Home Providers,,Outpatient and Home Providers,3,4,6,-2,0.123379759069,0.109075506728,-0.014304252341,2026-08-17,2026-08-24,Outpatient and Home Providers moved from rank #4 to #6 among subcategories at 3 months; return +12.3% to +10.9%.
category_performance,category,Payers,,Payers,12,6,6,0,0.351948184652,0.283183332117,-0.068764852535,2026-08-17,2026-08-24,Payers moved from rank #6 to #6 among subcategories at 12 months; return +35.2% to +28.3%.
category_performance,category,Payers,,Payers,24,9,9,0,-0.0692561963074,-0.106739559235,-0.0374833629276,2026-08-17,2026-08-24,Payers moved from rank #9 to #9 among subcategories at 24 months; return -6.9% to -10.7%.
category_performance,category,Payers,,Payers,3,8,8,0,0.0426670980521,0.0232656074223,-0.0194014906298,2026-08-17,2026-08-24,Payers moved from rank #8 to #8 among subcategories at 3 months; return +4.3% to +2.3%.
category_performance,category,Pharma Distribution,,Pharma Distribution,12,7,7,0,0.300068673074,0.276409890953,-0.023658782121,2026-08-17,2026-08-24,Pharma Distribution moved from rank #7 to #7 among subcategories at 12 months; return +30.0% to +27.6%.
category_performance,category,Pharma Distribution,,Pharma Distribution,24,4,4,0,0.632957569658,0.612217498445,-0.020740071213,2026-08-17,2026-08-24,Pharma Distribution moved from rank #4 to #4 among subcategories at 24 months; return +63.3% to +61.2%.
category_performance,category,Pharma Distribution,,Pharma Distribution,3,3,4,-1,0.179712911409,0.137123697744,-0.042589213665,2026-08-17,2026-08-24,Pharma Distribution moved from rank #3 to #4 among subcategories at 3 months; return +18.0% to +13.7%.
category_performance,category,Precision Diagnostics,,Precision Diagnostics,12,1,1,0,0.806611434939,0.930599629379,0.12398819444,2026-08-17,2026-08-24,Precision Diagnostics moved from rank #1 to #1 among subcategories at 12 months; return +80.7% to +93.1%.
category_performance,category,Precision Diagnostics,,Precision Diagnostics,24,1,1,0,1.26603374331,1.41768118838,0.15164744507,2026-08-17,2026-08-24,Precision Diagnostics moved from rank #1 to #1 among subcategories at 24 months; return +126.6% to +141.8%.
category_performance,category,Precision Diagnostics,,Precision Diagnostics,3,1,1,0,0.473482583224,0.493346143171,0.019863559947,2026-08-17,2026-08-24,Precision Diagnostics moved from rank #1 to #1 among subcategories at 3 months; return +47.3% to +49.3%.
category_performance,category,Value-Based Care,,Value-Based Care,12,2,3,-1,0.806406698893,0.578913120566,-0.227493578327,2026-08-17,2026-08-24,Value-Based Care moved from rank #2 to #3 among subcategories at 12 months; return +80.6% to +57.9%.
category_performance,category,Value-Based Care,,Value-Based Care,24,10,10,0,-0.0947416879046,-0.12311298042,-0.0283712925154,2026-08-17,2026-08-24,Value-Based Care moved from rank #10 to #10 among subcategories at 24 months; return -9.5% to -12.3%.
category_performance,category,Value-Based Care,,Value-Based Care,3,7,9,-2,0.0611654291943,0.0219806297408,-0.0391847994535,2026-08-17,2026-08-24,Value-Based Care moved from rank #7 to #9 among subcategories at 3 months; return +6.1% to +2.2%.
within_category,stock,"Digital Health, Specialty, Benefits",AMWL,Amwell,12,2,2,0,0.741258741259,0.664335664336,-0.076923076923,2026-08-17,2026-08-24,"Amwell moved from rank #2 to #2 within Digital Health, Specialty, Benefits at 12 months; return +74.1% to +66.4%."
within_category,stock,"Digital Health, Specialty, Benefits",AMWL,Amwell,24,4,5,-1,0.437644341801,0.319290465632,-0.118353876169,2026-08-17,2026-08-24,"Amwell moved from rank #4 to #5 within Digital Health, Specialty, Benefits at 24 months; return +43.8% to +31.9%."
within_category,stock,"Digital Health, Specialty, Benefits",AMWL,Amwell,3,1,1,0,0.64464993395,0.494974874372,-0.149675059578,2026-08-17,2026-08-24,"Amwell moved from rank #1 to #1 within Digital Health, Specialty, Benefits at 3 months; return +64.5% to +49.5%."
within_category,stock,"Digital Health, Specialty, Benefits",CON,Concentra Group,12,3,3,0,0.524526678141,0.479915433404,-0.044611244737,2026-08-17,2026-08-24,"Concentra Group moved from rank #3 to #3 within Digital Health, Specialty, Benefits at 12 months; return +52.5% to +48.0%."
within_category,stock,"Digital Health, Specialty, Benefits",CON,Concentra Group,24,3,3,0,0.513455788125,0.495726495726,-0.017729292399,2026-08-17,2026-08-24,"Concentra Group moved from rank #3 to #3 within Digital Health, Specialty, Benefits at 24 months; return +51.3% to +49.6%."
within_category,stock,"Digital Health, Specialty, Benefits",CON,Concentra Group,3,4,4,0,0.369540007731,0.382306477093,0.012766469362,2026-08-17,2026-08-24,"Concentra Group moved from rank #4 to #4 within Digital Health, Specialty, Benefits at 3 months; return +37.0% to +38.2%."
within_category,stock,"Digital Health, Specialty, Benefits",GDRX,GoodRx,12,7,9,-2,0,-0.243421052632,-0.243421052632,2026-08-17,2026-08-24,"GoodRx moved from rank #7 to #9 within Digital Health, Specialty, Benefits at 12 months; return +0.0% to -24.3%."
within_category,stock,"Digital Health, Specialty, Benefits",GDRX,GoodRx,24,9,9,0,-0.479776847978,-0.580801944107,-0.101025096129,2026-08-17,2026-08-24,"GoodRx moved from rank #9 to #9 within Digital Health, Specialty, Benefits at 24 months; return -48.0% to -58.1%."
within_category,stock,"Digital Health, Specialty, Benefits",GDRX,GoodRx,3,2,5,-3,0.534979423868,0.301886792453,-0.233092631415,2026-08-17,2026-08-24,"GoodRx moved from rank #2 to #5 within Digital Health, Specialty, Benefits at 3 months; return +53.5% to +30.2%."
within_category,stock,"Digital Health, Specialty, Benefits",HIMS,Hims & Hers,12,9,8,1,-0.388309430682,-0.242091092663,0.146218338019,2026-08-17,2026-08-24,"Hims & Hers moved from rank #9 to #8 within Digital Health, Specialty, Benefits at 12 months; return -38.8% to -24.2%."
within_category,stock,"Digital Health, Specialty, Benefits",HIMS,Hims & Hers,24,2,2,0,0.806803594352,1.0191273162,0.212323721848,2026-08-17,2026-08-24,"Hims & Hers moved from rank #2 to #2 within Digital Health, Specialty, Benefits at 24 months; return +80.7% to +101.9%."
within_category,stock,"Digital Health, Specialty, Benefits",HIMS,Hims & Hers,3,7,3,4,0.12375249501,0.422315789474,0.298563294464,2026-08-17,2026-08-24,"Hims & Hers moved from rank #7 to #3 within Digital Health, Specialty, Benefits at 3 months; return +12.4% to +42.2%."
within_category,stock,"Digital Health, Specialty, Benefits",HQY,HealthEquity,12,5,4,1,0.16509066637,0.173569360944,0.008478694574,2026-08-17,2026-08-24,"HealthEquity moved from rank #5 to #4 within Digital Health, Specialty, Benefits at 12 months; return +16.5% to +17.4%."
within_category,stock,"Digital Health, Specialty, Benefits",HQY,HealthEquity,24,5,4,1,0.398637820513,0.3757504568,-0.022887363713,2026-08-17,2026-08-24,"HealthEquity moved from rank #5 to #4 within Digital Health, Specialty, Benefits at 24 months; return +39.9% to +37.6%."
within_category,stock,"Digital Health, Specialty, Benefits",HQY,HealthEquity,3,5,6,-1,0.27455275648,0.196345477244,-0.078207279236,2026-08-17,2026-08-24,"HealthEquity moved from rank #5 to #6 within Digital Health, Specialty, Benefits at 3 months; return +27.5% to +19.6%."
within_category,stock,"Digital Health, Specialty, Benefits",LFMD,LifeMD,12,10,10,0,-0.463452566096,-0.477093206951,-0.013640640855,2026-08-17,2026-08-24,"LifeMD moved from rank #10 to #10 within Digital Health, Specialty, Benefits at 12 months; return -46.3% to -47.7%."
within_category,stock,"Digital Health, Specialty, Benefits",LFMD,LifeMD,24,8,8,0,-0.337811900192,-0.392660550459,-0.054848650267,2026-08-17,2026-08-24,"LifeMD moved from rank #8 to #8 within Digital Health, Specialty, Benefits at 24 months; return -33.8% to -39.3%."
within_category,stock,"Digital Health, Specialty, Benefits",LFMD,LifeMD,3,10,10,0,-0.203233256351,-0.210023866348,-0.006790609997,2026-08-17,2026-08-24,"LifeMD moved from rank #10 to #10 within Digital Health, Specialty, Benefits at 3 months; return -20.3% to -21.0%."
within_category,stock,"Digital Health, Specialty, Benefits",OMDA,Omada Health,12,4,5,-1,0.1709693132,0.120806943467,-0.050162369733,2026-08-17,2026-08-24,"Omada Health moved from rank #4 to #5 within Digital Health, Specialty, Benefits at 12 months; return +17.1% to +12.1%."
within_category,stock,"Digital Health, Specialty, Benefits",OMDA,Omada Health,24,,,,,,,2026-08-17,2026-08-24,"Omada Health moved from rank unavailable within Digital Health, Specialty, Benefits at 24 months; return unavailable."
within_category,stock,"Digital Health, Specialty, Benefits",OMDA,Omada Health,3,3,2,1,0.451690821256,0.447001817081,-0.004689004175,2026-08-17,2026-08-24,"Omada Health moved from rank #3 to #2 within Digital Health, Specialty, Benefits at 3 months; return +45.2% to +44.7%."
within_category,stock,"Digital Health, Specialty, Benefits",PGNY,Progyny,12,6,6,0,0.123076923077,0.0900977475563,-0.0329791755207,2026-08-17,2026-08-24,"Progyny moved from rank #6 to #6 within Digital Health, Specialty, Benefits at 12 months; return +12.3% to +9.0%."
within_category,stock,"Digital Health, Specialty, Benefits",PGNY,Progyny,24,6,6,0,0.249049429658,0.176605504587,-0.072443925071,2026-08-17,2026-08-24,"Progyny moved from rank #6 to #6 within Digital Health, Specialty, Benefits at 24 months; return +24.9% to +17.7%."
within_category,stock,"Digital Health, Specialty, Benefits",PGNY,Progyny,3,6,7,-1,0.130322580645,0.0309485530547,-0.0993740275903,2026-08-17,2026-08-24,"Progyny moved from rank #6 to #7 within Digital Health, Specialty, Benefits at 3 months; return +13.0% to +3.1%."
within_category,stock,"Digital Health, Specialty, Benefits",TALK,Talkspace,12,1,1,0,1.05078125,0.875,-0.17578125,2026-08-17,2026-08-24,"Talkspace moved from rank #1 to #1 within Digital Health, Specialty, Benefits at 12 months; return +105.1% to +87.5%."
within_category,stock,"Digital Health, Specialty, Benefits",TALK,Talkspace,24,1,1,0,1.98295454545,1.96610169492,-0.01685285053,2026-08-17,2026-08-24,"Talkspace moved from rank #1 to #1 within Digital Health, Specialty, Benefits at 24 months; return +198.3% to +196.6%."
within_category,stock,"Digital Health, Specialty, Benefits",TALK,Talkspace,3,9,8,1,0.00961538461538,0.00961538461538,0,2026-08-17,2026-08-24,"Talkspace moved from rank #9 to #8 within Digital Health, Specialty, Benefits at 3 months; return +1.0% to +1.0%."
within_category,stock,"Digital Health, Specialty, Benefits",TDOC,Teladoc,12,8,7,1,-0.094414893617,-0.16796875,-0.073553856383,2026-08-17,2026-08-24,"Teladoc moved from rank #8 to #7 within Digital Health, Specialty, Benefits at 12 months; return -9.4% to -16.8%."
within_category,stock,"Digital Health, Specialty, Benefits",TDOC,Teladoc,24,7,7,0,-0.042194092827,-0.138814016173,-0.096619923346,2026-08-17,2026-08-24,"Teladoc moved from rank #7 to #7 within Digital Health, Specialty, Benefits at 24 months; return -4.2% to -13.9%."
within_category,stock,"Digital Health, Specialty, Benefits",TDOC,Teladoc,3,8,9,-1,0.0707547169811,-0.027397260274,-0.0981519772551,2026-08-17,2026-08-24,"Teladoc moved from rank #8 to #9 within Digital Health, Specialty, Benefits at 3 months; return +7.1% to -2.7%."
within_category,stock,Health Care Real Estate,CTRE,CareTrust REIT,12,4,4,0,0.143657817109,0.149245063879,0.00558724677,2026-08-17,2026-08-24,CareTrust REIT moved from rank #4 to #4 within Health Care Real Estate at 12 months; return +14.4% to +14.9%.
within_category,stock,Health Care Real Estate,CTRE,CareTrust REIT,24,3,3,0,0.393100970176,0.355015405683,-0.038085564493,2026-08-17,2026-08-24,CareTrust REIT moved from rank #3 to #3 within Health Care Real Estate at 24 months; return +39.3% to +35.5%.
within_category,stock,Health Care Real Estate,CTRE,CareTrust REIT,3,7,6,1,-0.0576081672338,-0.0379192999514,0.0196888672824,2026-08-17,2026-08-24,CareTrust REIT moved from rank #7 to #6 within Health Care Real Estate at 3 months; return -5.8% to -3.8%.
within_category,stock,Health Care Real Estate,DOC,Healthpeak properties,12,3,3,0,0.201039861352,0.205633802817,0.004593941465,2026-08-17,2026-08-24,Healthpeak properties moved from rank #3 to #3 within Health Care Real Estate at 12 months; return +20.1% to +20.6%.
within_category,stock,Health Care Real Estate,DOC,Healthpeak properties,24,7,6,1,-0.0321229050279,-0.0471950133571,-0.0150721083292,2026-08-17,2026-08-24,Healthpeak properties moved from rank #7 to #6 within Health Care Real Estate at 24 months; return -3.2% to -4.7%.
within_category,stock,Health Care Real Estate,DOC,Healthpeak properties,3,2,2,0,0.0738636363636,0.0846426761277,0.0107790397641,2026-08-17,2026-08-24,Healthpeak properties moved from rank #2 to #2 within Health Care Real Estate at 3 months; return +7.4% to +8.5%.
within_category,stock,Health Care Real Estate,MPT,Medical Properties Trust,12,,,,,,,2026-08-17,2026-08-24,Medical Properties Trust moved from rank unavailable within Health Care Real Estate at 12 months; return unavailable.
within_category,stock,Health Care Real Estate,MPT,Medical Properties Trust,24,,,,,,,2026-08-17,2026-08-24,Medical Properties Trust moved from rank unavailable within Health Care Real Estate at 24 months; return unavailable.
within_category,stock,Health Care Real Estate,MPT,Medical Properties Trust,3,8,8,0,-0.172277227723,-0.188976377953,-0.01669915023,2026-08-17,2026-08-24,Medical Properties Trust moved from rank #8 to #8 within Health Care Real Estate at 3 months; return -17.2% to -18.9%.
within_category,stock,Health Care Real Estate,NHI,National Health Investors,12,7,7,0,-0.0229038306992,-0.0579170412226,-0.0350132105234,2026-08-17,2026-08-24,National Health Investors moved from rank #7 to #7 within Health Care Real Estate at 12 months; return -2.3% to -5.8%.
within_category,stock,Health Care Real Estate,NHI,National Health Investors,24,6,7,-1,-0.018037420918,-0.067022764848,-0.04898534393,2026-08-17,2026-08-24,National Health Investors moved from rank #6 to #7 within Health Care Real Estate at 24 months; return -1.8% to -6.7%.
within_category,stock,Health Care Real Estate,NHI,National Health Investors,3,6,7,-1,-0.0225110545357,-0.040041873855,-0.0175308193193,2026-08-17,2026-08-24,National Health Investors moved from rank #6 to #7 within Health Care Real Estate at 3 months; return -2.3% to -4.0%.
within_category,stock,Health Care Real Estate,OHI,Omega Healthcare Investors,12,5,5,0,0.134601316752,0.102934216753,-0.031667099999,2026-08-17,2026-08-24,Omega Healthcare Investors moved from rank #5 to #5 within Health Care Real Estate at 12 months; return +13.5% to +10.3%.
within_category,stock,Health Care Real Estate,OHI,Omega Healthcare Investors,24,5,5,0,0.243120491584,0.20036054597,-0.042759945614,2026-08-17,2026-08-24,Omega Healthcare Investors moved from rank #5 to #5 within Health Care Real Estate at 24 months; return +24.3% to +20.0%.
within_category,stock,Health Care Real Estate,OHI,Omega Healthcare Investors,3,4,5,-1,-0.0169025987746,-0.0269311064718,-0.0100285076972,2026-08-17,2026-08-24,Omega Healthcare Investors moved from rank #4 to #5 within Health Care Real Estate at 3 months; return -1.7% to -2.7%.
within_category,stock,Health Care Real Estate,SBRA,Sabra Health Care REIT,12,6,6,0,0.100758396533,0.0429667519182,-0.0577916446148,2026-08-17,2026-08-24,Sabra Health Care REIT moved from rank #6 to #6 within Health Care Real Estate at 12 months; return +10.1% to +4.3%.
within_category,stock,Health Care Real Estate,SBRA,Sabra Health Care REIT,24,4,4,0,0.25509573811,0.226097414311,-0.028998323799,2026-08-17,2026-08-24,Sabra Health Care REIT moved from rank #4 to #4 within Health Care Real Estate at 24 months; return +25.5% to +22.6%.
within_category,stock,Health Care Real Estate,SBRA,Sabra Health Care REIT,3,5,4,1,-0.0169327527818,-0.0159266409266,0.0010061118552,2026-08-17,2026-08-24,Sabra Health Care REIT moved from rank #5 to #4 within Health Care Real Estate at 3 months; return -1.7% to -1.6%.
within_category,stock,Health Care Real Estate,VTR,"Ventas, Inc",12,2,2,0,0.350450051645,0.372768844962,0.022318793317,2026-08-17,2026-08-24,"Ventas, Inc moved from rank #2 to #2 within Health Care Real Estate at 12 months; return +35.0% to +37.3%."
within_category,stock,Health Care Real Estate,VTR,"Ventas, Inc",24,2,2,0,0.566586785347,0.561933534743,-0.004653250604,2026-08-17,2026-08-24,"Ventas, Inc moved from rank #2 to #2 within Health Care Real Estate at 24 months; return +56.7% to +56.2%."
within_category,stock,Health Care Real Estate,VTR,"Ventas, Inc",3,3,3,0,0.0465408805031,0.0553413472443,0.0088004667412,2026-08-17,2026-08-24,"Ventas, Inc moved from rank #3 to #3 within Health Care Real Estate at 3 months; return +4.7% to +5.5%."
within_category,stock,Health Care Real Estate,WELL,Welltower,12,1,1,0,0.445794966237,0.454844006568,0.009049040331,2026-08-17,2026-08-24,Welltower moved from rank #1 to #1 within Health Care Real Estate at 12 months; return +44.6% to +45.5%.
within_category,stock,Health Care Real Estate,WELL,Welltower,24,1,1,0,1.03174603175,1.00402111083,-0.02772492092,2026-08-17,2026-08-24,Welltower moved from rank #1 to #1 within Health Care Real Estate at 24 months; return +103.2% to +100.4%.
within_category,stock,Health Care Real Estate,WELL,Welltower,3,1,1,0,0.10189950407,0.106629041958,0.004729537888,2026-08-17,2026-08-24,Welltower moved from rank #1 to #1 within Health Care Real Estate at 3 months; return +10.2% to +10.7%.
within_category,stock,Health IT and Data,CCSI,Consensus Cloud Solutions,12,1,1,0,0.509659969088,0.444485842027,-0.065174127061,2026-08-17,2026-08-24,Consensus Cloud Solutions moved from rank #1 to #1 within Health IT and Data at 12 months; return +51.0% to +44.4%.
within_category,stock,Health IT and Data,CCSI,Consensus Cloud Solutions,24,1,1,0,0.937035200793,0.775996335318,-0.161038865475,2026-08-17,2026-08-24,Consensus Cloud Solutions moved from rank #1 to #1 within Health IT and Data at 24 months; return +93.7% to +77.6%.
within_category,stock,Health IT and Data,CCSI,Consensus Cloud Solutions,3,6,3,3,0.37959039548,0.376042590949,-0.003547804531,2026-08-17,2026-08-24,Consensus Cloud Solutions moved from rank #6 to #3 within Health IT and Data at 3 months; return +38.0% to +37.6%.
within_category,stock,Health IT and Data,DH,Definitive Healthcare,12,12,12,0,-0.834832041344,-0.824113300493,0.010718740851,2026-08-17,2026-08-24,Definitive Healthcare moved from rank #12 to #12 within Health IT and Data at 12 months; return -83.5% to -82.4%.
within_category,stock,Health IT and Data,DH,Definitive Healthcare,24,12,12,0,-0.840995024876,-0.842362030905,-0.001367006029,2026-08-17,2026-08-24,Definitive Healthcare moved from rank #12 to #12 within Health IT and Data at 24 months; return -84.1% to -84.2%.
within_category,stock,Health IT and Data,DH,Definitive Healthcare,3,11,10,1,-0.208812971902,-0.162051161699,0.046761810203,2026-08-17,2026-08-24,Definitive Healthcare moved from rank #11 to #10 within Health IT and Data at 3 months; return -20.9% to -16.2%.
within_category,stock,Health IT and Data,DOCS,Doximity,12,11,11,0,-0.619223092277,-0.626070268674,-0.006847176397,2026-08-17,2026-08-24,Doximity moved from rank #11 to #11 within Health IT and Data at 12 months; return -61.9% to -62.6%.
within_category,stock,Health IT and Data,DOCS,Doximity,24,8,8,0,-0.306293706294,-0.306217474664,7.623163e-05,2026-08-17,2026-08-24,Doximity moved from rank #8 to #8 within Health IT and Data at 24 months; return -30.6% to -30.6%.
within_category,stock,Health IT and Data,DOCS,Doximity,3,7,6,1,0.307327358988,0.270310932798,-0.03701642619,2026-08-17,2026-08-24,Doximity moved from rank #7 to #6 within Health IT and Data at 3 months; return +30.7% to +27.0%.
within_category,stock,Health IT and Data,HCAT,Health Catalyst,12,8,9,-1,-0.366438356164,-0.533536585366,-0.167098229202,2026-08-17,2026-08-24,Health Catalyst moved from rank #8 to #9 within Health IT and Data at 12 months; return -36.6% to -53.4%.
within_category,stock,Health IT and Data,HCAT,Health Catalyst,24,11,11,0,-0.726128793486,-0.78954607978,-0.063417286294,2026-08-17,2026-08-24,Health Catalyst moved from rank #11 to #11 within Health IT and Data at 24 months; return -72.6% to -79.0%.
within_category,stock,Health IT and Data,HCAT,Health Catalyst,3,1,7,-6,0.554621848739,0.186046511628,-0.368575337111,2026-08-17,2026-08-24,Health Catalyst moved from rank #1 to #7 within Health IT and Data at 3 months; return +55.5% to +18.6%.
within_category,stock,Health IT and Data,IQV,Iqvia,12,3,2,1,0.238474017479,0.359246664923,0.120772647444,2026-08-17,2026-08-24,Iqvia moved from rank #3 to #2 within Health IT and Data at 12 months; return +23.8% to +35.9%.
within_category,stock,Health IT and Data,IQV,Iqvia,24,5,5,0,-0.0123941075825,0.0437472381794,0.0561413457619,2026-08-17,2026-08-24,Iqvia moved from rank #5 to #5 within Health IT and Data at 24 months; return -1.2% to +4.4%.
within_category,stock,Health IT and Data,IQV,Iqvia,3,4,2,2,0.399361400189,0.547468731388,0.148107331199,2026-08-17,2026-08-24,Iqvia moved from rank #4 to #2 within Health IT and Data at 3 months; return +39.9% to +54.7%.
within_category,stock,Health IT and Data,MDRX,Veradigm,12,5,5,0,0.0434782608696,-0.0103092783505,-0.0537875392201,2026-08-17,2026-08-24,Veradigm moved from rank #5 to #5 within Health IT and Data at 12 months; return +4.3% to -1.0%.
within_category,stock,Health IT and Data,MDRX,Veradigm,24,10,9,1,-0.5,-0.505154639175,-0.005154639175,2026-08-17,2026-08-24,Veradigm moved from rank #10 to #9 within Health IT and Data at 24 months; return -50.0% to -50.5%.
within_category,stock,Health IT and Data,MDRX,Veradigm,3,9,9,0,-0.04,0.0105263157895,0.0505263157895,2026-08-17,2026-08-24,Veradigm moved from rank #9 to #9 within Health IT and Data at 3 months; return -4.0% to +1.1%.
within_category,stock,Health IT and Data,OMCL,Omnicell,12,4,4,0,0.177027453455,0.0582986317668,-0.118728821688,2026-08-17,2026-08-24,Omnicell moved from rank #4 to #4 within Health IT and Data at 12 months; return +17.7% to +5.8%.
within_category,stock,Health IT and Data,OMCL,Omnicell,24,7,7,0,-0.123384253819,-0.205803571429,-0.08241931761,2026-08-17,2026-08-24,Omnicell moved from rank #7 to #7 within Health IT and Data at 24 months; return -12.3% to -20.6%.
within_category,stock,Health IT and Data,OMCL,Omnicell,3,10,11,-1,-0.134972170686,-0.198829092547,-0.063856921861,2026-08-17,2026-08-24,Omnicell moved from rank #10 to #11 within Health IT and Data at 3 months; return -13.5% to -19.9%.
within_category,stock,Health IT and Data,ORCL,Oracle-Cerner,12,9,8,1,-0.393748993072,-0.380335914033,0.013413079039,2026-08-17,2026-08-24,Oracle-Cerner moved from rank #9 to #8 within Health IT and Data at 12 months; return -39.4% to -38.0%.
within_category,stock,Health IT and Data,ORCL,Oracle-Cerner,24,4,4,0,0.0949298028661,0.052302607946,-0.0426271949201,2026-08-17,2026-08-24,Oracle-Cerner moved from rank #4 to #4 within Health IT and Data at 24 months; return +9.5% to +5.2%.
within_category,stock,Health IT and Data,ORCL,Oracle-Cerner,3,12,12,0,-0.219901528893,-0.237453144523,-0.01755161563,2026-08-17,2026-08-24,Oracle-Cerner moved from rank #12 to #12 within Health IT and Data at 3 months; return -22.0% to -23.7%.
within_category,stock,Health IT and Data,PHR,Phreesia,12,10,10,0,-0.57212543554,-0.592605042017,-0.020479606477,2026-08-17,2026-08-24,Phreesia moved from rank #10 to #10 within Health IT and Data at 12 months; return -57.2% to -59.3%.
within_category,stock,Health IT and Data,PHR,Phreesia,24,9,10,-1,-0.493608247423,-0.523022432113,-0.02941418469,2026-08-17,2026-08-24,Phreesia moved from rank #9 to #10 within Health IT and Data at 24 months; return -49.4% to -52.3%.
within_category,stock,Health IT and Data,PHR,Phreesia,3,3,4,-1,0.400228050171,0.358744394619,-0.041483655552,2026-08-17,2026-08-24,Phreesia moved from rank #3 to #4 within Health IT and Data at 3 months; return +40.0% to +35.9%.
within_category,stock,Health IT and Data,SOLV,Solventum,12,2,3,-1,0.240408849062,0.217811012916,-0.022597836146,2026-08-17,2026-08-24,Solventum moved from rank #2 to #3 within Health IT and Data at 12 months; return +24.0% to +21.8%.
within_category,stock,Health IT and Data,SOLV,Solventum,24,2,2,0,0.491414141414,0.458794788274,-0.03261935314,2026-08-17,2026-08-24,Solventum moved from rank #2 to #2 within Health IT and Data at 24 months; return +49.1% to +45.9%.
within_category,stock,Health IT and Data,SOLV,Solventum,3,8,8,0,0.192970643684,0.165820642978,-0.027150000706,2026-08-17,2026-08-24,Solventum moved from rank #8 to #8 within Health IT and Data at 3 months; return +19.3% to +16.6%.
within_category,stock,Health IT and Data,VEEV,Veeva Systems,12,6,6,0,-0.131356687217,-0.147699924362,-0.016343237145,2026-08-17,2026-08-24,Veeva Systems moved from rank #6 to #6 within Health IT and Data at 12 months; return -13.1% to -14.8%.
within_category,stock,Health IT and Data,VEEV,Veeva Systems,24,3,3,0,0.266233766234,0.244165621079,-0.022068145155,2026-08-17,2026-08-24,Veeva Systems moved from rank #3 to #3 within Health IT and Data at 24 months; return +26.6% to +24.4%.
within_category,stock,Health IT and Data,VEEV,Veeva Systems,3,2,1,1,0.534369885434,0.547730536305,0.013360650871,2026-08-17,2026-08-24,Veeva Systems moved from rank #2 to #1 within Health IT and Data at 3 months; return +53.4% to +54.8%.
within_category,stock,Health IT and Data,WAY,Waystar,12,7,7,0,-0.313192904656,-0.309878587196,0.00331431746,2026-08-17,2026-08-24,Waystar moved from rank #7 to #7 within Health IT and Data at 12 months; return -31.3% to -31.0%.
within_category,stock,Health IT and Data,WAY,Waystar,24,6,6,0,-0.0384167636787,-0.0522925350512,-0.0138757713725,2026-08-17,2026-08-24,Waystar moved from rank #6 to #6 within Health IT and Data at 24 months; return -3.8% to -5.2%.
within_category,stock,Health IT and Data,WAY,Waystar,3,5,5,0,0.382041271612,0.277976494635,-0.104064776977,2026-08-17,2026-08-24,Waystar moved from rank #5 to #5 within Health IT and Data at 3 months; return +38.2% to +27.8%.
within_category,stock,Health System Providers,ARDT,Ardent Health Partners,12,5,5,0,-0.125801282051,-0.153312788906,-0.027511506855,2026-08-17,2026-08-24,Ardent Health Partners moved from rank #5 to #5 within Health System Providers at 12 months; return -12.6% to -15.3%.
within_category,stock,Health System Providers,ARDT,Ardent Health Partners,24,4,4,0,-0.355962219599,-0.363636363636,-0.007674144037,2026-08-17,2026-08-24,Ardent Health Partners moved from rank #4 to #4 within Health System Providers at 24 months; return -35.6% to -36.4%.
within_category,stock,Health System Providers,ARDT,Ardent Health Partners,3,2,2,0,0.080198019802,0.19068255688,0.110484537078,2026-08-17,2026-08-24,Ardent Health Partners moved from rank #2 to #2 within Health System Providers at 3 months; return +8.0% to +19.1%.
within_category,stock,Health System Providers,CYH,Community Health Systems,12,2,2,0,0.0989010989011,0.0905797101449,-0.0083213887562,2026-08-17,2026-08-24,Community Health Systems moved from rank #2 to #2 within Health System Providers at 12 months; return +9.9% to +9.1%.
within_category,stock,Health System Providers,CYH,Community Health Systems,24,5,5,0,-0.40119760479,-0.405138339921,-0.003940735131,2026-08-17,2026-08-24,Community Health Systems moved from rank #5 to #5 within Health System Providers at 24 months; return -40.1% to -40.5%.
within_category,stock,Health System Providers,CYH,Community Health Systems,3,3,5,-2,0.063829787234,0.075,0.011170212766,2026-08-17,2026-08-24,Community Health Systems moved from rank #3 to #5 within Health System Providers at 3 months; return +6.4% to +7.5%.
within_category,stock,Health System Providers,HCA,HCA Healthcare,12,3,3,0,0.0224614063013,0.0598068992765,0.0373454929752,2026-08-17,2026-08-24,HCA Healthcare moved from rank #3 to #3 within Health System Providers at 12 months; return +2.2% to +6.0%.
within_category,stock,Health System Providers,HCA,HCA Healthcare,24,2,2,0,0.0826979158306,0.10394053192,0.0212426160894,2026-08-17,2026-08-24,HCA Healthcare moved from rank #2 to #2 within Health System Providers at 24 months; return +8.3% to +10.4%.
within_category,stock,Health System Providers,HCA,HCA Healthcare,3,5,4,1,-0.0433096926714,0.0891212221179,0.132430914789,2026-08-17,2026-08-24,HCA Healthcare moved from rank #5 to #4 within Health System Providers at 3 months; return -4.3% to +8.9%.
within_category,stock,Health System Providers,THC,Tenet Health,12,1,1,0,0.55737704918,0.564178272981,0.006801223801,2026-08-17,2026-08-24,Tenet Health moved from rank #1 to #1 within Health System Providers at 12 months; return +55.7% to +56.4%.
within_category,stock,Health System Providers,THC,Tenet Health,24,1,1,0,0.710072769054,0.706497295326,-0.003575473728,2026-08-17,2026-08-24,Tenet Health moved from rank #1 to #1 within Health System Providers at 24 months; return +71.0% to +70.6%.
within_category,stock,Health System Providers,THC,Tenet Health,3,1,1,0,0.362249567782,0.615663482564,0.253413914782,2026-08-17,2026-08-24,Tenet Health moved from rank #1 to #1 within Health System Providers at 3 months; return +36.2% to +61.6%.
within_category,stock,Health System Providers,UHS,Universal Health Services,12,4,4,0,-0.0473468930352,-0.0448324172863,0.0025144757489,2026-08-17,2026-08-24,Universal Health Services moved from rank #4 to #4 within Health System Providers at 12 months; return -4.7% to -4.5%.
within_category,stock,Health System Providers,UHS,Universal Health Services,24,3,3,0,-0.249160925632,-0.239684309857,0.009476615775,2026-08-17,2026-08-24,Universal Health Services moved from rank #3 to #3 within Health System Providers at 24 months; return -24.9% to -24.0%.
within_category,stock,Health System Providers,UHS,Universal Health Services,3,4,3,1,0.00818311195446,0.123320659062,0.115137547108,2026-08-17,2026-08-24,Universal Health Services moved from rank #4 to #3 within Health System Providers at 3 months; return +0.8% to +12.3%.
within_category,stock,Inpatient Non-Acute Providers,ACHC,Acadia Healthcare,12,2,2,0,0.469494756911,0.239750445633,-0.229744311278,2026-08-17,2026-08-24,Acadia Healthcare moved from rank #2 to #2 within Inpatient Non-Acute Providers at 12 months; return +46.9% to +24.0%.
within_category,stock,Inpatient Non-Acute Providers,ACHC,Acadia Healthcare,24,4,4,0,-0.586007788371,-0.651858340633,-0.065850552262,2026-08-17,2026-08-24,Acadia Healthcare moved from rank #4 to #4 within Inpatient Non-Acute Providers at 24 months; return -58.6% to -65.2%.
within_category,stock,Inpatient Non-Acute Providers,ACHC,Acadia Healthcare,3,1,1,0,0.19449825649,0.200172562554,0.005674306064,2026-08-17,2026-08-24,Acadia Healthcare moved from rank #1 to #1 within Inpatient Non-Acute Providers at 3 months; return +19.4% to +20.0%.
within_category,stock,Inpatient Non-Acute Providers,EHC,Encompass Health,12,4,4,0,0.026665559063,-0.0205161605471,-0.0471817196101,2026-08-17,2026-08-24,Encompass Health moved from rank #4 to #4 within Inpatient Non-Acute Providers at 12 months; return +2.7% to -2.1%.
within_category,stock,Inpatient Non-Acute Providers,EHC,Encompass Health,24,1,1,0,0.394606183706,0.315150852645,-0.079455331061,2026-08-17,2026-08-24,Encompass Health moved from rank #1 to #1 within Inpatient Non-Acute Providers at 24 months; return +39.5% to +31.5%.
within_category,stock,Inpatient Non-Acute Providers,EHC,Encompass Health,3,3,3,0,0.158945986497,0.146246189024,-0.012699797473,2026-08-17,2026-08-24,Encompass Health moved from rank #3 to #3 within Inpatient Non-Acute Providers at 3 months; return +15.9% to +14.6%.
within_category,stock,Inpatient Non-Acute Providers,ENSG,The Ensign Group,12,3,3,0,0.0931576096768,0.0408257944792,-0.0523318151976,2026-08-17,2026-08-24,The Ensign Group moved from rank #3 to #3 within Inpatient Non-Acute Providers at 12 months; return +9.3% to +4.1%.
within_category,stock,Inpatient Non-Acute Providers,ENSG,The Ensign Group,24,2,2,0,0.286017699115,0.212129398258,-0.073888300857,2026-08-17,2026-08-24,The Ensign Group moved from rank #2 to #2 within Inpatient Non-Acute Providers at 24 months; return +28.6% to +21.2%.
within_category,stock,Inpatient Non-Acute Providers,ENSG,The Ensign Group,3,4,4,0,0.0224010806551,0.0438525066884,0.0214514260333,2026-08-17,2026-08-24,The Ensign Group moved from rank #4 to #4 within Inpatient Non-Acute Providers at 3 months; return +2.2% to +4.4%.
within_category,stock,Inpatient Non-Acute Providers,PACS,PACS Group,12,1,1,0,2.86434782609,2.67219917012,-0.19214865597,2026-08-17,2026-08-24,PACS Group moved from rank #1 to #1 within Inpatient Non-Acute Providers at 12 months; return +286.4% to +267.2%.
within_category,stock,Inpatient Non-Acute Providers,PACS,PACS Group,24,3,3,0,0.145656096932,0.0709099709584,-0.0747461259736,2026-08-17,2026-08-24,PACS Group moved from rank #3 to #3 within Inpatient Non-Acute Providers at 24 months; return +14.6% to +7.1%.
within_category,stock,Inpatient Non-Acute Providers,PACS,PACS Group,3,2,2,0,0.185699039488,0.172185430464,-0.013513609024,2026-08-17,2026-08-24,PACS Group moved from rank #2 to #2 within Inpatient Non-Acute Providers at 3 months; return +18.6% to +17.2%.
within_category,stock,Outpatient and Home Providers,ADUS,Addus HomeCare,12,7,7,0,0.00825297541482,0.0202685583988,0.012015582984,2026-08-17,2026-08-24,Addus HomeCare moved from rank #7 to #7 within Outpatient and Home Providers at 12 months; return +0.8% to +2.0%.
within_category,stock,Outpatient and Home Providers,ADUS,Addus HomeCare,24,9,9,0,-0.116406547392,-0.0955981434346,0.0208084039574,2026-08-17,2026-08-24,Addus HomeCare moved from rank #9 to #9 within Outpatient and Home Providers at 24 months; return -11.6% to -9.6%.
within_category,stock,Outpatient and Home Providers,ADUS,Addus HomeCare,3,4,3,1,0.275664981315,0.303939557474,0.028274576159,2026-08-17,2026-08-24,Addus HomeCare moved from rank #4 to #3 within Outpatient and Home Providers at 3 months; return +27.6% to +30.4%.
within_category,stock,Outpatient and Home Providers,AVAH,Aveanna Healthcare,12,3,3,0,0.74011299435,0.76171352075,0.0216005264,2026-08-17,2026-08-24,Aveanna Healthcare moved from rank #3 to #3 within Outpatient and Home Providers at 12 months; return +74.0% to +76.2%.
within_category,stock,Outpatient and Home Providers,AVAH,Aveanna Healthcare,24,2,2,0,1.47887323944,1.35,-0.12887323944,2026-08-17,2026-08-24,Aveanna Healthcare moved from rank #2 to #2 within Outpatient and Home Providers at 24 months; return +147.9% to +135.0%.
within_category,stock,Outpatient and Home Providers,AVAH,Aveanna Healthcare,3,2,1,1,0.59585492228,0.795361527967,0.199506605687,2026-08-17,2026-08-24,Aveanna Healthcare moved from rank #2 to #1 within Outpatient and Home Providers at 3 months; return +59.6% to +79.5%.
within_category,stock,Outpatient and Home Providers,BTSG,BrightSpring Health Services,12,1,1,0,1.75,1.36710896663,-0.38289103337,2026-08-17,2026-08-24,BrightSpring Health Services moved from rank #1 to #1 within Outpatient and Home Providers at 12 months; return +175.0% to +136.7%.
within_category,stock,Outpatient and Home Providers,BTSG,BrightSpring Health Services,24,1,1,0,4.13821815154,3.68337311058,-0.45484504096,2026-08-17,2026-08-24,BrightSpring Health Services moved from rank #1 to #1 within Outpatient and Home Providers at 24 months; return +413.8% to +368.3%.
within_category,stock,Outpatient and Home Providers,BTSG,BrightSpring Health Services,3,10,10,0,0.0658031088083,0.00632478632479,-0.0594783224835,2026-08-17,2026-08-24,BrightSpring Health Services moved from rank #10 to #10 within Outpatient and Home Providers at 3 months; return +6.6% to +0.6%.
within_category,stock,Outpatient and Home Providers,CHE,Chemed (Vitas),12,6,6,0,0.19718721215,0.177584141161,-0.019603070989,2026-08-17,2026-08-24,Chemed (Vitas) moved from rank #6 to #6 within Outpatient and Home Providers at 12 months; return +19.7% to +17.8%.
within_category,stock,Outpatient and Home Providers,CHE,Chemed (Vitas),24,8,7,1,-0.0753106128965,-0.0555584674249,0.0197521454716,2026-08-17,2026-08-24,Chemed (Vitas) moved from rank #8 to #7 within Outpatient and Home Providers at 24 months; return -7.5% to -5.6%.
within_category,stock,Outpatient and Home Providers,CHE,Chemed (Vitas),3,6,5,1,0.226336501507,0.230357793154,0.004021291647,2026-08-17,2026-08-24,Chemed (Vitas) moved from rank #6 to #5 within Outpatient and Home Providers at 3 months; return +22.6% to +23.0%.
within_category,stock,Outpatient and Home Providers,DVA,Davita,12,5,5,0,0.330033978431,0.238387004845,-0.091646973586,2026-08-17,2026-08-24,Davita moved from rank #5 to #5 within Outpatient and Home Providers at 12 months; return +33.0% to +23.8%.
within_category,stock,Outpatient and Home Providers,DVA,Davita,24,6,5,1,0.198003992016,0.128774595753,-0.069229396263,2026-08-17,2026-08-24,Davita moved from rank #6 to #5 within Outpatient and Home Providers at 24 months; return +19.8% to +12.9%.
within_category,stock,Outpatient and Home Providers,DVA,Davita,3,11,11,0,-0.0985280865125,-0.124420713278,-0.0258926267655,2026-08-17,2026-08-24,Davita moved from rank #11 to #11 within Outpatient and Home Providers at 3 months; return -9.9% to -12.4%.
within_category,stock,Outpatient and Home Providers,FMS,Fresenius,12,8,8,0,-0.0522328548644,-0.084765625,-0.0325327701356,2026-08-17,2026-08-24,Fresenius moved from rank #8 to #8 within Outpatient and Home Providers at 12 months; return -5.2% to -8.5%.
within_category,stock,Outpatient and Home Providers,FMS,Fresenius,24,4,4,0,0.25303110174,0.204627249357,-0.048403852383,2026-08-17,2026-08-24,Fresenius moved from rank #4 to #4 within Outpatient and Home Providers at 24 months; return +25.3% to +20.5%.
within_category,stock,Outpatient and Home Providers,FMS,Fresenius,3,8,9,-1,0.100462962963,0.0827171903882,-0.0177457725748,2026-08-17,2026-08-24,Fresenius moved from rank #8 to #9 within Outpatient and Home Providers at 3 months; return +10.0% to +8.3%.
within_category,stock,Outpatient and Home Providers,LFST,Lifestance Health,12,2,2,0,1.28308823529,1.24684684685,-0.03624138844,2026-08-17,2026-08-24,Lifestance Health moved from rank #2 to #2 within Outpatient and Home Providers at 12 months; return +128.3% to +124.7%.
within_category,stock,Outpatient and Home Providers,LFST,Lifestance Health,24,3,3,0,1.1982300885,1.01779935275,-0.18043073575,2026-08-17,2026-08-24,Lifestance Health moved from rank #3 to #3 within Outpatient and Home Providers at 24 months; return +119.8% to +101.8%.
within_category,stock,Outpatient and Home Providers,LFST,Lifestance Health,3,1,2,-1,0.623529411765,0.687415426252,0.063886014487,2026-08-17,2026-08-24,Lifestance Health moved from rank #1 to #2 within Outpatient and Home Providers at 3 months; return +62.4% to +68.7%.
within_category,stock,Outpatient and Home Providers,OPCH,Option Care Health,12,10,10,0,-0.154484463277,-0.175365344468,-0.020880881191,2026-08-17,2026-08-24,Option Care Health moved from rank #10 to #10 within Outpatient and Home Providers at 12 months; return -15.4% to -17.5%.
within_category,stock,Outpatient and Home Providers,OPCH,Option Care Health,24,10,10,0,-0.236691106152,-0.255419415646,-0.018728309494,2026-08-17,2026-08-24,Option Care Health moved from rank #10 to #10 within Outpatient and Home Providers at 24 months; return -23.7% to -25.5%.
within_category,stock,Outpatient and Home Providers,OPCH,Option Care Health,3,5,7,-2,0.22669057377,0.132345914955,-0.094344658815,2026-08-17,2026-08-24,Option Care Health moved from rank #5 to #7 within Outpatient and Home Providers at 3 months; return +22.7% to +13.2%.
within_category,stock,Outpatient and Home Providers,PNTG,Pennant Group,12,4,4,0,0.556611243072,0.544696066746,-0.011915176326,2026-08-17,2026-08-24,Pennant Group moved from rank #4 to #4 within Outpatient and Home Providers at 12 months; return +55.7% to +54.5%.
within_category,stock,Outpatient and Home Providers,PNTG,Pennant Group,24,5,6,-1,0.238815374921,0.112128146453,-0.126687228468,2026-08-17,2026-08-24,Pennant Group moved from rank #5 to #6 within Outpatient and Home Providers at 24 months; return +23.9% to +11.2%.
within_category,stock,Outpatient and Home Providers,PNTG,Pennant Group,3,7,6,1,0.106047819972,0.146226415094,0.040178595122,2026-08-17,2026-08-24,Pennant Group moved from rank #7 to #6 within Outpatient and Home Providers at 3 months; return +10.6% to +14.6%.
within_category,stock,Outpatient and Home Providers,SGRY,Surgery Partners,12,11,11,0,-0.340789473684,-0.38578680203,-0.044997328346,2026-08-17,2026-08-24,Surgery Partners moved from rank #11 to #11 within Outpatient and Home Providers at 12 months; return -34.1% to -38.6%.
within_category,stock,Outpatient and Home Providers,SGRY,Surgery Partners,24,11,11,0,-0.482081323225,-0.569011576135,-0.08693025291,2026-08-17,2026-08-24,Surgery Partners moved from rank #11 to #11 within Outpatient and Home Providers at 24 months; return -48.2% to -56.9%.
within_category,stock,Outpatient and Home Providers,SGRY,Surgery Partners,3,9,8,1,0.0774193548387,0.0835820895522,0.0061627347135,2026-08-17,2026-08-24,Surgery Partners moved from rank #9 to #8 within Outpatient and Home Providers at 3 months; return +7.7% to +8.4%.
within_category,stock,Outpatient and Home Providers,USPH,US Physical Therapy,12,9,9,0,-0.0529260899977,-0.105455793206,-0.0525297032083,2026-08-17,2026-08-24,US Physical Therapy moved from rank #9 to #9 within Outpatient and Home Providers at 12 months; return -5.3% to -10.5%.
within_category,stock,Outpatient and Home Providers,USPH,US Physical Therapy,24,7,8,-1,-0.0352689704311,-0.0778210116732,-0.0425520412421,2026-08-17,2026-08-24,US Physical Therapy moved from rank #7 to #8 within Outpatient and Home Providers at 24 months; return -3.5% to -7.8%.
within_category,stock,Outpatient and Home Providers,USPH,US Physical Therapy,3,3,4,-1,0.293424613915,0.26226597805,-0.031158635865,2026-08-17,2026-08-24,US Physical Therapy moved from rank #3 to #4 within Outpatient and Home Providers at 3 months; return +29.3% to +26.2%.
within_category,stock,Payers,ALHC,Alignment Health,12,10,10,0,-0.0724252491694,-0.169191919192,-0.0967666700226,2026-08-17,2026-08-24,Alignment Health moved from rank #10 to #10 within Payers at 12 months; return -7.2% to -16.9%.
within_category,stock,Payers,ALHC,Alignment Health,24,4,3,1,0.604597701149,0.419633225458,-0.184964475691,2026-08-17,2026-08-24,Alignment Health moved from rank #4 to #3 within Payers at 24 months; return +60.5% to +42.0%.
within_category,stock,Payers,ALHC,Alignment Health,3,10,10,0,-0.112523839797,-0.195107033639,-0.082583193842,2026-08-17,2026-08-24,Alignment Health moved from rank #10 to #10 within Payers at 3 months; return -11.3% to -19.5%.
within_category,stock,Payers,CI,Cigna,12,9,9,0,-0.0481708549485,-0.0881879415147,-0.0400170865662,2026-08-17,2026-08-24,Cigna moved from rank #9 to #9 within Payers at 12 months; return -4.8% to -8.8%.
within_category,stock,Payers,CI,Cigna,24,7,7,0,-0.174573498481,-0.216051300884,-0.041477802403,2026-08-17,2026-08-24,Cigna moved from rank #7 to #7 within Payers at 24 months; return -17.5% to -21.6%.
within_category,stock,Payers,CI,Cigna,3,9,9,0,-0.00949977214569,-0.030498882057,-0.0209991099113,2026-08-17,2026-08-24,Cigna moved from rank #9 to #9 within Payers at 3 months; return -0.9% to -3.0%.
within_category,stock,Payers,CLOV,Clover Health,12,3,3,0,0.735849056604,0.520146520147,-0.215702536457,2026-08-17,2026-08-24,Clover Health moved from rank #3 to #3 within Payers at 12 months; return +73.6% to +52.0%.
within_category,stock,Payers,CLOV,Clover Health,24,3,4,-1,0.625441696113,0.24251497006,-0.382926726053,2026-08-17,2026-08-24,Clover Health moved from rank #3 to #4 within Payers at 24 months; return +62.5% to +24.3%.
within_category,stock,Payers,CLOV,Clover Health,3,2,3,-1,0.325648414986,0.169014084507,-0.156634330479,2026-08-17,2026-08-24,Clover Health moved from rank #2 to #3 within Payers at 3 months; return +32.6% to +16.9%.
within_category,stock,Payers,CNC,Centene,12,1,1,0,1.3681993682,1.21081264876,-0.15738671944,2026-08-17,2026-08-24,Centene moved from rank #1 to #1 within Payers at 12 months; return +136.8% to +121.1%.
within_category,stock,Payers,CNC,Centene,24,6,6,0,-0.136218153886,-0.172246976448,-0.036028822562,2026-08-17,2026-08-24,Centene moved from rank #6 to #6 within Payers at 24 months; return -13.6% to -17.2%.
within_category,stock,Payers,CNC,Centene,3,4,4,0,0.157885704479,0.0994250929997,-0.0584606114793,2026-08-17,2026-08-24,Centene moved from rank #4 to #4 within Payers at 3 months; return +15.8% to +9.9%.
within_category,stock,Payers,CVS,CVS Health,12,4,4,0,0.416326530612,0.304628330996,-0.111698199616,2026-08-17,2026-08-24,CVS Health moved from rank #4 to #4 within Payers at 12 months; return +41.6% to +30.5%.
within_category,stock,Payers,CVS,CVS Health,24,2,2,0,0.665124250214,0.583319148936,-0.081805101278,2026-08-17,2026-08-24,CVS Health moved from rank #2 to #2 within Payers at 24 months; return +66.5% to +58.3%.
within_category,stock,Payers,CVS,CVS Health,3,8,8,0,0.0132443424758,-0.0025734505683,-0.0158177930441,2026-08-17,2026-08-24,CVS Health moved from rank #8 to #8 within Payers at 3 months; return +1.3% to -0.3%.
within_category,stock,Payers,ELV,Elevance,12,7,6,1,0.293148560907,0.265329331859,-0.027819229048,2026-08-17,2026-08-24,Elevance moved from rank #7 to #6 within Payers at 12 months; return +29.3% to +26.5%.
within_category,stock,Payers,ELV,Elevance,24,8,8,0,-0.263711605665,-0.266356509634,-0.002644903969,2026-08-17,2026-08-24,Elevance moved from rank #8 to #8 within Payers at 24 months; return -26.4% to -26.6%.
within_category,stock,Payers,ELV,Elevance,3,7,6,1,0.0194560456351,0.0148217588487,-0.0046342867864,2026-08-17,2026-08-24,Elevance moved from rank #7 to #6 within Payers at 3 months; return +1.9% to +1.5%.
within_category,stock,Payers,HUM,Humana,12,5,7,-2,0.35846223681,0.264999499182,-0.093462737628,2026-08-17,2026-08-24,Humana moved from rank #5 to #7 within Payers at 12 months; return +35.8% to +26.5%.
within_category,stock,Payers,HUM,Humana,24,5,5,0,0.110429272748,0.0736185888354,-0.0368106839126,2026-08-17,2026-08-24,Humana moved from rank #5 to #5 within Payers at 24 months; return +11.0% to +7.4%.
within_category,stock,Payers,HUM,Humana,3,3,2,1,0.275072102779,0.230329598961,-0.044742503818,2026-08-17,2026-08-24,Humana moved from rank #3 to #2 within Payers at 3 months; return +27.5% to +23.0%.
within_category,stock,Payers,MOH,Molina Healthcare,12,8,8,0,0.26831452624,0.148188488879,-0.120126037361,2026-08-17,2026-08-24,Molina Healthcare moved from rank #8 to #8 within Payers at 12 months; return +26.8% to +14.8%.
within_category,stock,Payers,MOH,Molina Healthcare,24,10,10,0,-0.393005114724,-0.420825863166,-0.027820748442,2026-08-17,2026-08-24,Molina Healthcare moved from rank #10 to #10 within Payers at 24 months; return -39.3% to -42.1%.
within_category,stock,Payers,MOH,Molina Healthcare,3,5,5,0,0.148332342289,0.0877050070598,-0.0606273352292,2026-08-17,2026-08-24,Molina Healthcare moved from rank #5 to #5 within Payers at 3 months; return +14.8% to +8.8%.
within_category,stock,Payers,OSCR,Oscar Health,12,2,2,0,1.09462915601,0.907142857143,-0.187486298867,2026-08-17,2026-08-24,Oscar Health moved from rank #2 to #2 within Payers at 12 months; return +109.5% to +90.7%.
within_category,stock,Payers,OSCR,Oscar Health,24,1,1,0,0.751871657754,0.808126410835,0.056254753081,2026-08-17,2026-08-24,Oscar Health moved from rank #1 to #1 within Payers at 24 months; return +75.2% to +80.8%.
within_category,stock,Payers,OSCR,Oscar Health,3,1,1,0,0.404802744425,0.41519434629,0.010391601865,2026-08-17,2026-08-24,Oscar Health moved from rank #1 to #1 within Payers at 3 months; return +40.5% to +41.5%.
within_category,stock,Payers,UNH,UnitedHealth,12,6,5,1,0.321436794842,0.268980547785,-0.052456247057,2026-08-17,2026-08-24,UnitedHealth moved from rank #6 to #5 within Payers at 12 months; return +32.1% to +26.9%.
within_category,stock,Payers,UNH,UnitedHealth,24,9,9,0,-0.304580390528,-0.332586268841,-0.028005878313,2026-08-17,2026-08-24,UnitedHealth moved from rank #9 to #9 within Payers at 24 months; return -30.5% to -33.3%.
within_category,stock,Payers,UNH,UnitedHealth,3,6,7,-1,0.0200076171131,0.00422169022061,-0.0157859268925,2026-08-17,2026-08-24,UnitedHealth moved from rank #6 to #7 within Payers at 3 months; return +2.0% to +0.4%.
within_category,stock,Pharma Distribution,AHCO,Accendra Health,12,5,5,0,-0.387453874539,-0.414151925078,-0.026698050539,2026-08-17,2026-08-24,Accendra Health moved from rank #5 to #5 within Pharma Distribution at 12 months; return -38.7% to -41.4%.
within_category,stock,Pharma Distribution,AHCO,Accendra Health,24,5,5,0,-0.444550669216,-0.461244019139,-0.016693349923,2026-08-17,2026-08-24,Accendra Health moved from rank #5 to #5 within Pharma Distribution at 24 months; return -44.5% to -46.1%.
within_category,stock,Pharma Distribution,AHCO,Accendra Health,3,5,5,0,-0.454971857411,-0.461244019139,-0.006272161728,2026-08-17,2026-08-24,Accendra Health moved from rank #5 to #5 within Pharma Distribution at 3 months; return -45.5% to -46.1%.
within_category,stock,Pharma Distribution,CAH,Cardinal Health,12,1,1,0,0.571886905955,0.549696151249,-0.022190754706,2026-08-17,2026-08-24,Cardinal Health moved from rank #1 to #1 within Pharma Distribution at 12 months; return +57.2% to +55.0%.
within_category,stock,Pharma Distribution,CAH,Cardinal Health,24,1,1,0,1.14082840237,1.09713084795,-0.04369755442,2026-08-17,2026-08-24,Cardinal Health moved from rank #1 to #1 within Pharma Distribution at 24 months; return +114.1% to +109.7%.
within_category,stock,Pharma Distribution,CAH,Cardinal Health,3,3,3,0,0.204764344262,0.143661550728,-0.061102793534,2026-08-17,2026-08-24,Cardinal Health moved from rank #3 to #3 within Pharma Distribution at 3 months; return +20.5% to +14.4%.
within_category,stock,Pharma Distribution,COR,Cencora,12,4,4,0,0.0717164128133,0.0869446343131,0.0152282214998,2026-08-17,2026-08-24,Cencora moved from rank #4 to #4 within Pharma Distribution at 12 months; return +7.2% to +8.7%.
within_category,stock,Pharma Distribution,COR,Cencora,24,3,3,0,0.317962286338,0.337763943804,0.019801657466,2026-08-17,2026-08-24,Cencora moved from rank #3 to #3 within Pharma Distribution at 24 months; return +31.8% to +33.8%.
within_category,stock,Pharma Distribution,COR,Cencora,3,2,2,0,0.2177253502,0.156887708705,-0.060837641495,2026-08-17,2026-08-24,Cencora moved from rank #2 to #2 within Pharma Distribution at 3 months; return +21.8% to +15.7%.
within_category,stock,Pharma Distribution,HSIC,Henry Schein,12,2,2,0,0.323260613208,0.271551724138,-0.05170888907,2026-08-17,2026-08-24,Henry Schein moved from rank #2 to #2 within Pharma Distribution at 12 months; return +32.3% to +27.2%.
within_category,stock,Pharma Distribution,HSIC,Henry Schein,24,4,4,0,0.28628743373,0.249646992375,-0.036640441355,2026-08-17,2026-08-24,Henry Schein moved from rank #4 to #4 within Pharma Distribution at 24 months; return +28.6% to +25.0%.
within_category,stock,Pharma Distribution,HSIC,Henry Schein,3,1,1,0,0.234460946095,0.192561649373,-0.041899296722,2026-08-17,2026-08-24,Henry Schein moved from rank #1 to #1 within Pharma Distribution at 3 months; return +23.4% to +19.3%.
within_category,stock,Pharma Distribution,MCK,McKesson,12,3,3,0,0.29113735978,0.245775618246,-0.045361741534,2026-08-17,2026-08-24,McKesson moved from rank #3 to #3 within Pharma Distribution at 12 months; return +29.1% to +24.6%.
within_category,stock,Pharma Distribution,MCK,McKesson,24,2,2,0,0.586606050647,0.555555555556,-0.031050495091,2026-08-17,2026-08-24,McKesson moved from rank #2 to #2 within Pharma Distribution at 24 months; return +58.7% to +55.6%.
within_category,stock,Pharma Distribution,MCK,McKesson,3,4,4,0,0.142564129534,0.121162280702,-0.021401848832,2026-08-17,2026-08-24,McKesson moved from rank #4 to #4 within Pharma Distribution at 3 months; return +14.3% to +12.1%.
within_category,stock,Precision Diagnostics,BLLN,BillionToOne,12,,,,,,,2026-08-17,2026-08-24,BillionToOne moved from rank unavailable within Precision Diagnostics at 12 months; return unavailable.
within_category,stock,Precision Diagnostics,BLLN,BillionToOne,24,,,,,,,2026-08-17,2026-08-24,BillionToOne moved from rank unavailable within Precision Diagnostics at 24 months; return unavailable.
within_category,stock,Precision Diagnostics,BLLN,BillionToOne,3,11,12,-1,0.129492920247,0.10602886406,-0.023464056187,2026-08-17,2026-08-24,BillionToOne moved from rank #11 to #12 within Precision Diagnostics at 3 months; return +12.9% to +10.6%.
within_category,stock,Precision Diagnostics,CERT,Certara,12,9,10,-1,-0.274047186933,-0.265039232781,0.009007954152,2026-08-17,2026-08-24,Certara moved from rank #9 to #10 within Precision Diagnostics at 12 months; return -27.4% to -26.5%.
within_category,stock,Precision Diagnostics,CERT,Certara,24,10,10,0,-0.335548172757,-0.365688487585,-0.030140314828,2026-08-17,2026-08-24,Certara moved from rank #10 to #10 within Precision Diagnostics at 24 months; return -33.6% to -36.6%.
within_category,stock,Precision Diagnostics,CERT,Certara,3,3,4,-1,0.785714285714,0.608778625954,-0.17693565976,2026-08-17,2026-08-24,Certara moved from rank #3 to #4 within Precision Diagnostics at 3 months; return +78.6% to +60.9%.
within_category,stock,Precision Diagnostics,DGX,Quest Diagnostics,12,6,6,0,0.303888301719,0.355989568884,0.052101267165,2026-08-17,2026-08-24,Quest Diagnostics moved from rank #6 to #6 within Precision Diagnostics at 12 months; return +30.4% to +35.6%.
within_category,stock,Precision Diagnostics,DGX,Quest Diagnostics,24,4,5,-1,0.548421191703,0.591495181037,0.043073989334,2026-08-17,2026-08-24,Quest Diagnostics moved from rank #4 to #5 within Precision Diagnostics at 24 months; return +54.8% to +59.1%.
within_category,stock,Precision Diagnostics,DGX,Quest Diagnostics,3,9,9,0,0.25609560045,0.251933814866,-0.004161785584,2026-08-17,2026-08-24,Quest Diagnostics moved from rank #9 to #9 within Precision Diagnostics at 3 months; return +25.6% to +25.2%.
within_category,stock,Precision Diagnostics,GH,Guardant Health,12,2,2,0,1.67000679348,1.77996742671,0.10996063323,2026-08-17,2026-08-24,Guardant Health moved from rank #2 to #2 within Precision Diagnostics at 12 months; return +167.0% to +178.0%.
within_category,stock,Precision Diagnostics,GH,Guardant Health,24,1,1,0,4.62468694097,4.88180565127,0.2571187103,2026-08-17,2026-08-24,Guardant Health moved from rank #1 to #1 within Precision Diagnostics at 24 months; return +462.5% to +488.2%.
within_category,stock,Precision Diagnostics,GH,Guardant Health,3,5,7,-2,0.656236831016,0.434972677596,-0.22126415342,2026-08-17,2026-08-24,Guardant Health moved from rank #5 to #7 within Precision Diagnostics at 3 months; return +65.6% to +43.5%.
within_category,stock,Precision Diagnostics,ILMN,Illumina,12,4,4,0,0.906802517231,1.15520628684,0.248403769609,2026-08-17,2026-08-24,Illumina moved from rank #4 to #4 within Precision Diagnostics at 12 months; return +90.7% to +115.5%.
within_category,stock,Precision Diagnostics,ILMN,Illumina,24,5,4,1,0.464891412785,0.669837887206,0.204946474421,2026-08-17,2026-08-24,Illumina moved from rank #5 to #4 within Precision Diagnostics at 24 months; return +46.5% to +67.0%.
within_category,stock,Precision Diagnostics,ILMN,Illumina,3,7,6,1,0.339203030728,0.519285368049,0.180082337321,2026-08-17,2026-08-24,Illumina moved from rank #7 to #6 within Precision Diagnostics at 3 months; return +33.9% to +51.9%.
within_category,stock,Precision Diagnostics,LH,Labcorp Holdings,12,7,7,0,0.176603299061,0.209073261917,0.032469962856,2026-08-17,2026-08-24,Labcorp Holdings moved from rank #7 to #7 within Precision Diagnostics at 12 months; return +17.7% to +20.9%.
within_category,stock,Precision Diagnostics,LH,Labcorp Holdings,24,6,6,0,0.398373626374,0.456710987916,0.058337361542,2026-08-17,2026-08-24,Labcorp Holdings moved from rank #6 to #6 within Precision Diagnostics at 24 months; return +39.8% to +45.7%.
within_category,stock,Precision Diagnostics,LH,Labcorp Holdings,3,8,8,0,0.270487220447,0.293963759474,0.023476539027,2026-08-17,2026-08-24,Labcorp Holdings moved from rank #8 to #8 within Precision Diagnostics at 3 months; return +27.0% to +29.4%.
within_category,stock,Precision Diagnostics,NEO,NeoGenomics,12,3,3,0,1.56682769726,1.57077971234,0.00395201508,2026-08-17,2026-08-24,NeoGenomics moved from rank #3 to #3 within Precision Diagnostics at 12 months; return +156.7% to +157.1%.
within_category,stock,Precision Diagnostics,NEO,NeoGenomics,24,8,8,0,-0.0148331273177,0.0192076830732,0.0340408103909,2026-08-17,2026-08-24,NeoGenomics moved from rank #8 to #8 within Precision Diagnostics at 24 months; return -1.5% to +1.9%.
within_category,stock,Precision Diagnostics,NEO,NeoGenomics,3,2,2,0,0.934466019417,0.839653304442,-0.094812714975,2026-08-17,2026-08-24,NeoGenomics moved from rank #2 to #2 within Precision Diagnostics at 3 months; return +93.4% to +84.0%.
within_category,stock,Precision Diagnostics,NTRA,Natera,12,5,5,0,0.901177769599,1.00501207729,0.103834307691,2026-08-17,2026-08-24,Natera moved from rank #5 to #5 within Precision Diagnostics at 12 months; return +90.1% to +100.5%.
within_category,stock,Precision Diagnostics,NTRA,Natera,24,3,3,0,1.49983868366,1.7058104474,0.20597176374,2026-08-17,2026-08-24,Natera moved from rank #3 to #3 within Precision Diagnostics at 24 months; return +150.0% to +170.6%.
within_category,stock,Precision Diagnostics,NTRA,Natera,3,4,3,1,0.663071474565,0.634086323146,-0.028985151419,2026-08-17,2026-08-24,Natera moved from rank #4 to #3 within Precision Diagnostics at 3 months; return +66.3% to +63.4%.
within_category,stock,Precision Diagnostics,PACB,PacBio,12,8,8,0,-0.12213740458,-0.0217391304348,0.100398274145,2026-08-17,2026-08-24,PacBio moved from rank #8 to #8 within Precision Diagnostics at 12 months; return -12.2% to -2.2%.
within_category,stock,Precision Diagnostics,PACB,PacBio,24,9,9,0,-0.262820512821,-0.134615384615,0.128205128206,2026-08-17,2026-08-24,PacBio moved from rank #9 to #9 within Precision Diagnostics at 24 months; return -26.3% to -13.5%.
within_category,stock,Precision Diagnostics,PACB,PacBio,3,12,11,1,0.0267857142857,0.106557377049,0.0797716627633,2026-08-17,2026-08-24,PacBio moved from rank #12 to #11 within Precision Diagnostics at 3 months; return +2.7% to +10.7%.
within_category,stock,Precision Diagnostics,QDEL,QuidelOrtho,12,11,11,0,-0.44851523332,-0.471684587814,-0.023169354494,2026-08-17,2026-08-24,QuidelOrtho moved from rank #11 to #11 within Precision Diagnostics at 12 months; return -44.9% to -47.2%.
within_category,stock,Precision Diagnostics,QDEL,QuidelOrtho,24,11,11,0,-0.674556213018,-0.672517218396,0.002038994622,2026-08-17,2026-08-24,QuidelOrtho moved from rank #11 to #11 within Precision Diagnostics at 24 months; return -67.5% to -67.3%.
within_category,stock,Precision Diagnostics,QDEL,QuidelOrtho,3,6,10,-4,0.385658914729,0.242833052277,-0.142825862452,2026-08-17,2026-08-24,QuidelOrtho moved from rank #6 to #10 within Precision Diagnostics at 3 months; return +38.6% to +24.3%.
within_category,stock,Precision Diagnostics,TEM,Tempus AI,12,10,9,1,-0.293846570886,-0.0972429210134,0.196603649873,2026-08-17,2026-08-24,Tempus AI moved from rank #10 to #9 within Precision Diagnostics at 12 months; return -29.4% to -9.7%.
within_category,stock,Precision Diagnostics,TEM,Tempus AI,24,7,7,0,0.0239779874214,0.119168591224,0.0951906038026,2026-08-17,2026-08-24,Tempus AI moved from rank #7 to #7 within Precision Diagnostics at 24 months; return +2.4% to +11.9%.
within_category,stock,Precision Diagnostics,TEM,Tempus AI,3,10,5,5,0.185977691782,0.574058033781,0.388080341999,2026-08-17,2026-08-24,Tempus AI moved from rank #10 to #5 within Precision Diagnostics at 3 months; return +18.6% to +57.4%.
within_category,stock,Precision Diagnostics,TXG,10x Genomics,12,1,1,0,3.19835329341,3.55384615385,0.35549286044,2026-08-17,2026-08-24,10x Genomics moved from rank #1 to #1 within Precision Diagnostics at 12 months; return +319.8% to +355.4%.
within_category,stock,Precision Diagnostics,TXG,10x Genomics,24,2,2,0,1.57885057471,1.77224350788,0.19339293317,2026-08-17,2026-08-24,10x Genomics moved from rank #2 to #2 within Precision Diagnostics at 24 months; return +157.9% to +177.2%.
within_category,stock,Precision Diagnostics,TXG,10x Genomics,3,1,1,0,1.64575471698,1.75,0.10424528302,2026-08-17,2026-08-24,10x Genomics moved from rank #1 to #1 within Precision Diagnostics at 3 months; return +164.6% to +175.0%.
within_category,stock,Value-Based Care,AGL,Agilon Health,12,1,1,0,2.49189189189,1.90466165414,-0.58723023775,2026-08-17,2026-08-24,Agilon Health moved from rank #1 to #1 within Value-Based Care at 12 months; return +249.2% to +190.5%.
within_category,stock,Value-Based Care,AGL,Agilon Health,24,3,2,1,-0.200824742268,-0.137678571429,0.063146170839,2026-08-17,2026-08-24,Agilon Health moved from rank #3 to #2 within Value-Based Care at 24 months; return -20.1% to -13.8%.
within_category,stock,Value-Based Care,AGL,Agilon Health,3,1,2,-1,0.185611158693,0.117953466836,-0.067657691857,2026-08-17,2026-08-24,Agilon Health moved from rank #1 to #2 within Value-Based Care at 3 months; return +18.6% to +11.8%.
within_category,stock,Value-Based Care,ASTH,Astrana Health,12,3,3,0,0.391408114558,0.28259452412,-0.108813590438,2026-08-17,2026-08-24,Astrana Health moved from rank #3 to #3 within Value-Based Care at 12 months; return +39.1% to +28.3%.
within_category,stock,Value-Based Care,ASTH,Astrana Health,24,2,3,-1,-0.153846153846,-0.182252701579,-0.028406547733,2026-08-17,2026-08-24,Astrana Health moved from rank #2 to #3 within Value-Based Care at 24 months; return -15.4% to -18.2%.
within_category,stock,Value-Based Care,ASTH,Astrana Health,3,3,3,0,0.0666492420282,0.0396301188904,-0.0270191231378,2026-08-17,2026-08-24,Astrana Health moved from rank #3 to #3 within Value-Based Care at 3 months; return +6.7% to +4.0%.
within_category,stock,Value-Based Care,EVH,Evolent Health,12,5,5,0,-0.496774193548,-0.50625,-0.009475806452,2026-08-17,2026-08-24,Evolent Health moved from rank #5 to #5 within Value-Based Care at 12 months; return -49.7% to -50.6%.
within_category,stock,Value-Based Care,EVH,Evolent Health,24,5,5,0,-0.829072315559,-0.856232939035,-0.027160623476,2026-08-17,2026-08-24,Evolent Health moved from rank #5 to #5 within Value-Based Care at 24 months; return -82.9% to -85.6%.
within_category,stock,Value-Based Care,EVH,Evolent Health,3,2,1,1,0.181818181818,0.2,0.018181818182,2026-08-17,2026-08-24,Evolent Health moved from rank #2 to #1 within Value-Based Care at 3 months; return +18.2% to +20.0%.
within_category,stock,Value-Based Care,PIII,P3 Health,12,2,2,0,0.577121771218,0.433936022253,-0.143185748965,2026-08-17,2026-08-24,P3 Health moved from rank #2 to #2 within Value-Based Care at 12 months; return +57.7% to +43.4%.
within_category,stock,Value-Based Care,PIII,P3 Health,24,4,4,0,-0.643119572478,-0.585027168444,0.058092404034,2026-08-17,2026-08-24,P3 Health moved from rank #4 to #4 within Value-Based Care at 24 months; return -64.3% to -58.5%.
within_category,stock,Value-Based Care,PIII,P3 Health,3,5,5,0,-0.0535872453499,-0.218939393939,-0.165352148589,2026-08-17,2026-08-24,P3 Health moved from rank #5 to #5 within Value-Based Care at 3 months; return -5.4% to -21.9%.
within_category,stock,Value-Based Care,PRVA,Privia Health Group,12,4,4,0,0.0343206393982,-0.0395634379263,-0.0738840773245,2026-08-17,2026-08-24,Privia Health Group moved from rank #4 to #4 within Value-Based Care at 12 months; return +3.4% to -4.0%.
within_category,stock,Value-Based Care,PRVA,Privia Health Group,24,1,1,0,0.105527638191,0.0124640460211,-0.0930635921699,2026-08-17,2026-08-24,Privia Health Group moved from rank #1 to #1 within Value-Based Care at 24 months; return +10.6% to +1.2%.
within_category,stock,Value-Based Care,PRVA,Privia Health Group,3,4,4,0,-0.041394335512,-0.0732777534006,-0.0318834178886,2026-08-17,2026-08-24,Privia Health Group moved from rank #4 to #4 within Value-Based Care at 3 months; return -4.1% to -7.3%.
overall_stock,stock,,ACHC,Acadia Healthcare,3,35,30,5,0.19449825649,0.200172562554,0.005674306064,2026-08-17,2026-08-24,Acadia Healthcare moved from rank #35 to #30 across the watchlist at 3 months; return +19.4% to +20.0%.
overall_stock,stock,,ACHC,Acadia Healthcare,12,22,33,-11,0.469494756911,0.239750445633,-0.229744311278,2026-08-17,2026-08-24,Acadia Healthcare moved from rank #22 to #33 across the watchlist at 12 months; return +46.9% to +24.0%.
overall_stock,stock,,ACHC,Acadia Healthcare,24,74,75,-1,-0.586007788371,-0.651858340633,-0.065850552262,2026-08-17,2026-08-24,Acadia Healthcare moved from rank #74 to #75 across the watchlist at 24 months; return -58.6% to -65.2%.
overall_stock,stock,,ADUS,Addus HomeCare,3,25,20,5,0.275664981315,0.303939557474,0.028274576159,2026-08-17,2026-08-24,Addus HomeCare moved from rank #25 to #20 across the watchlist at 3 months; return +27.6% to +30.4%.
overall_stock,stock,,ADUS,Addus HomeCare,12,54,51,3,0.00825297541482,0.0202685583988,0.012015582984,2026-08-17,2026-08-24,Addus HomeCare moved from rank #54 to #51 across the watchlist at 12 months; return +0.8% to +2.0%.
overall_stock,stock,,ADUS,Addus HomeCare,24,52,51,1,-0.116406547392,-0.0955981434346,0.0208084039574,2026-08-17,2026-08-24,Addus HomeCare moved from rank #52 to #51 across the watchlist at 24 months; return -11.6% to -9.6%.
overall_stock,stock,,AGL,Agilon Health,3,39,46,-7,0.185611158693,0.117953466836,-0.067657691857,2026-08-17,2026-08-24,Agilon Health moved from rank #39 to #46 across the watchlist at 3 months; return +18.6% to +11.8%.
overall_stock,stock,,AGL,Agilon Health,12,3,3,0,2.49189189189,1.90466165414,-0.58723023775,2026-08-17,2026-08-24,Agilon Health moved from rank #3 to #3 across the watchlist at 12 months; return +249.2% to +190.5%.
overall_stock,stock,,AGL,Agilon Health,24,57,53,4,-0.200824742268,-0.137678571429,0.063146170839,2026-08-17,2026-08-24,Agilon Health moved from rank #57 to #53 across the watchlist at 24 months; return -20.1% to -13.8%.
overall_stock,stock,,AHCO,Accendra Health,3,82,82,0,-0.454971857411,-0.461244019139,-0.006272161728,2026-08-17,2026-08-24,Accendra Health moved from rank #82 to #82 across the watchlist at 3 months; return -45.5% to -46.1%.
overall_stock,stock,,AHCO,Accendra Health,12,72,73,-1,-0.387453874539,-0.414151925078,-0.026698050539,2026-08-17,2026-08-24,Accendra Health moved from rank #72 to #73 across the watchlist at 12 months; return -38.7% to -41.4%.
overall_stock,stock,,AHCO,Accendra Health,24,69,69,0,-0.444550669216,-0.461244019139,-0.016693349923,2026-08-17,2026-08-24,Accendra Health moved from rank #69 to #69 across the watchlist at 24 months; return -44.5% to -46.1%.
overall_stock,stock,,ALHC,Alignment Health,3,76,77,-1,-0.112523839797,-0.195107033639,-0.082583193842,2026-08-17,2026-08-24,Alignment Health moved from rank #76 to #77 across the watchlist at 3 months; return -11.3% to -19.5%.
overall_stock,stock,,ALHC,Alignment Health,12,61,65,-4,-0.0724252491694,-0.169191919192,-0.0967666700226,2026-08-17,2026-08-24,Alignment Health moved from rank #61 to #65 across the watchlist at 12 months; return -7.2% to -16.9%.
overall_stock,stock,,ALHC,Alignment Health,24,16,22,-6,0.604597701149,0.419633225458,-0.184964475691,2026-08-17,2026-08-24,Alignment Health moved from rank #16 to #22 across the watchlist at 24 months; return +60.5% to +42.0%.
overall_stock,stock,,AMWL,Amwell,3,6,12,-6,0.64464993395,0.494974874372,-0.149675059578,2026-08-17,2026-08-24,Amwell moved from rank #6 to #12 across the watchlist at 3 months; return +64.5% to +49.5%.
overall_stock,stock,,AMWL,Amwell,12,13,14,-1,0.741258741259,0.664335664336,-0.076923076923,2026-08-17,2026-08-24,Amwell moved from rank #13 to #14 across the watchlist at 12 months; return +74.1% to +66.4%.
overall_stock,stock,,AMWL,Amwell,24,23,26,-3,0.437644341801,0.319290465632,-0.118353876169,2026-08-17,2026-08-24,Amwell moved from rank #23 to #26 across the watchlist at 24 months; return +43.8% to +31.9%.
overall_stock,stock,,ARDT,Ardent Health Partners,3,51,34,17,0.080198019802,0.19068255688,0.110484537078,2026-08-17,2026-08-24,Ardent Health Partners moved from rank #51 to #34 across the watchlist at 3 months; return +8.0% to +19.1%.
overall_stock,stock,,ARDT,Ardent Health Partners,12,64,63,1,-0.125801282051,-0.153312788906,-0.027511506855,2026-08-17,2026-08-24,Ardent Health Partners moved from rank #64 to #63 across the watchlist at 12 months; return -12.6% to -15.3%.
overall_stock,stock,,ARDT,Ardent Health Partners,24,66,64,2,-0.355962219599,-0.363636363636,-0.007674144037,2026-08-17,2026-08-24,Ardent Health Partners moved from rank #66 to #64 across the watchlist at 24 months; return -35.6% to -36.4%.
overall_stock,stock,,ASTH,Astrana Health,3,55,59,-4,0.0666492420282,0.0396301188904,-0.0270191231378,2026-08-17,2026-08-24,Astrana Health moved from rank #55 to #59 across the watchlist at 3 months; return +6.7% to +4.0%.
overall_stock,stock,,ASTH,Astrana Health,12,25,27,-2,0.391408114558,0.28259452412,-0.108813590438,2026-08-17,2026-08-24,Astrana Health moved from rank #25 to #27 across the watchlist at 12 months; return +39.1% to +28.3%.
overall_stock,stock,,ASTH,Astrana Health,24,55,56,-1,-0.153846153846,-0.182252701579,-0.028406547733,2026-08-17,2026-08-24,Astrana Health moved from rank #55 to #56 across the watchlist at 24 months; return -15.4% to -18.2%.
overall_stock,stock,,AVAH,Aveanna Healthcare,3,8,3,5,0.59585492228,0.795361527967,0.199506605687,2026-08-17,2026-08-24,Aveanna Healthcare moved from rank #8 to #3 across the watchlist at 3 months; return +59.6% to +79.5%.
overall_stock,stock,,AVAH,Aveanna Healthcare,12,14,13,1,0.74011299435,0.76171352075,0.0216005264,2026-08-17,2026-08-24,Aveanna Healthcare moved from rank #14 to #13 across the watchlist at 12 months; return +74.0% to +76.2%.
overall_stock,stock,,AVAH,Aveanna Healthcare,24,6,6,0,1.47887323944,1.35,-0.12887323944,2026-08-17,2026-08-24,Aveanna Healthcare moved from rank #6 to #6 across the watchlist at 24 months; return +147.9% to +135.0%.
overall_stock,stock,,BLLN,BillionToOne,3,46,49,-3,0.129492920247,0.10602886406,-0.023464056187,2026-08-17,2026-08-24,BillionToOne moved from rank #46 to #49 across the watchlist at 3 months; return +12.9% to +10.6%.
overall_stock,stock,,BLLN,BillionToOne,12,,,,,,,2026-08-17,2026-08-24,BillionToOne moved from rank unavailable across the watchlist at 12 months; return unavailable.
overall_stock,stock,,BLLN,BillionToOne,24,,,,,,,2026-08-17,2026-08-24,BillionToOne moved from rank unavailable across the watchlist at 24 months; return unavailable.
overall_stock,stock,,BTSG,BrightSpring Health Services,3,56,64,-8,0.0658031088083,0.00632478632479,-0.0594783224835,2026-08-17,2026-08-24,BrightSpring Health Services moved from rank #56 to #64 across the watchlist at 3 months; return +6.6% to +0.6%.
overall_stock,stock,,BTSG,BrightSpring Health Services,12,4,6,-2,1.75,1.36710896663,-0.38289103337,2026-08-17,2026-08-24,BrightSpring Health Services moved from rank #4 to #6 across the watchlist at 12 months; return +175.0% to +136.7%.
overall_stock,stock,,BTSG,BrightSpring Health Services,24,2,2,0,4.13821815154,3.68337311058,-0.45484504096,2026-08-17,2026-08-24,BrightSpring Health Services moved from rank #2 to #2 across the watchlist at 24 months; return +413.8% to +368.3%.
overall_stock,stock,,CAH,Cardinal Health,3,34,42,-8,0.204764344262,0.143661550728,-0.061102793534,2026-08-17,2026-08-24,Cardinal Health moved from rank #34 to #42 across the watchlist at 3 months; return +20.5% to +14.4%.
overall_stock,stock,,CAH,Cardinal Health,12,17,16,1,0.571886905955,0.549696151249,-0.022190754706,2026-08-17,2026-08-24,Cardinal Health moved from rank #17 to #16 across the watchlist at 12 months; return +57.2% to +55.0%.
overall_stock,stock,,CAH,Cardinal Health,24,8,7,1,1.14082840237,1.09713084795,-0.04369755442,2026-08-17,2026-08-24,Cardinal Health moved from rank #8 to #7 across the watchlist at 24 months; return +114.1% to +109.7%.
overall_stock,stock,,CCSI,Consensus Cloud Solutions,3,18,18,0,0.37959039548,0.376042590949,-0.003547804531,2026-08-17,2026-08-24,Consensus Cloud Solutions moved from rank #18 to #18 across the watchlist at 3 months; return +38.0% to +37.6%.
overall_stock,stock,,CCSI,Consensus Cloud Solutions,12,21,21,0,0.509659969088,0.444485842027,-0.065174127061,2026-08-17,2026-08-24,Consensus Cloud Solutions moved from rank #21 to #21 across the watchlist at 12 months; return +51.0% to +44.4%.
overall_stock,stock,,CCSI,Consensus Cloud Solutions,24,10,12,-2,0.937035200793,0.775996335318,-0.161038865475,2026-08-17,2026-08-24,Consensus Cloud Solutions moved from rank #10 to #12 across the watchlist at 24 months; return +93.7% to +77.6%.
overall_stock,stock,,CERT,Certara,3,3,7,-4,0.785714285714,0.608778625954,-0.17693565976,2026-08-17,2026-08-24,Certara moved from rank #3 to #7 across the watchlist at 3 months; return +78.6% to +60.9%.
overall_stock,stock,,CERT,Certara,12,67,69,-2,-0.274047186933,-0.265039232781,0.009007954152,2026-08-17,2026-08-24,Certara moved from rank #67 to #69 across the watchlist at 12 months; return -27.4% to -26.5%.
overall_stock,stock,,CERT,Certara,24,64,65,-1,-0.335548172757,-0.365688487585,-0.030140314828,2026-08-17,2026-08-24,Certara moved from rank #64 to #65 across the watchlist at 24 months; return -33.6% to -36.6%.
overall_stock,stock,,CHE,Chemed (Vitas),3,32,28,4,0.226336501507,0.230357793154,0.004021291647,2026-08-17,2026-08-24,Chemed (Vitas) moved from rank #32 to #28 across the watchlist at 3 months; return +22.6% to +23.0%.
overall_stock,stock,,CHE,Chemed (Vitas),12,38,38,0,0.19718721215,0.177584141161,-0.019603070989,2026-08-17,2026-08-24,Chemed (Vitas) moved from rank #38 to #38 across the watchlist at 12 months; return +19.7% to +17.8%.
overall_stock,stock,,CHE,Chemed (Vitas),24,51,48,3,-0.0753106128965,-0.0555584674249,0.0197521454716,2026-08-17,2026-08-24,Chemed (Vitas) moved from rank #51 to #48 across the watchlist at 24 months; return -7.5% to -5.6%.
overall_stock,stock,,CI,Cigna,3,66,70,-4,-0.00949977214569,-0.030498882057,-0.0209991099113,2026-08-17,2026-08-24,Cigna moved from rank #66 to #70 across the watchlist at 3 months; return -0.9% to -3.0%.
overall_stock,stock,,CI,Cigna,12,58,59,-1,-0.0481708549485,-0.0881879415147,-0.0400170865662,2026-08-17,2026-08-24,Cigna moved from rank #58 to #59 across the watchlist at 12 months; return -4.8% to -8.8%.
overall_stock,stock,,CI,Cigna,24,56,58,-2,-0.174573498481,-0.216051300884,-0.041477802403,2026-08-17,2026-08-24,Cigna moved from rank #56 to #58 across the watchlist at 24 months; return -17.5% to -21.6%.
overall_stock,stock,,CLOV,Clover Health,3,22,37,-15,0.325648414986,0.169014084507,-0.156634330479,2026-08-17,2026-08-24,Clover Health moved from rank #22 to #37 across the watchlist at 3 months; return +32.6% to +16.9%.
overall_stock,stock,,CLOV,Clover Health,12,15,18,-3,0.735849056604,0.520146520147,-0.215702536457,2026-08-17,2026-08-24,Clover Health moved from rank #15 to #18 across the watchlist at 12 months; return +73.6% to +52.0%.
overall_stock,stock,,CLOV,Clover Health,24,15,30,-15,0.625441696113,0.24251497006,-0.382926726053,2026-08-17,2026-08-24,Clover Health moved from rank #15 to #30 across the watchlist at 24 months; return +62.5% to +24.3%.
overall_stock,stock,,CNC,Centene,3,42,50,-8,0.157885704479,0.0994250929997,-0.0584606114793,2026-08-17,2026-08-24,Centene moved from rank #42 to #50 across the watchlist at 3 months; return +15.8% to +9.9%.
overall_stock,stock,,CNC,Centene,12,7,8,-1,1.3681993682,1.21081264876,-0.15738671944,2026-08-17,2026-08-24,Centene moved from rank #7 to #8 across the watchlist at 12 months; return +136.8% to +121.1%.
overall_stock,stock,,CNC,Centene,24,54,55,-1,-0.136218153886,-0.172246976448,-0.036028822562,2026-08-17,2026-08-24,Centene moved from rank #54 to #55 across the watchlist at 24 months; return -13.6% to -17.2%.
overall_stock,stock,,CON,Concentra Group,3,19,17,2,0.369540007731,0.382306477093,0.012766469362,2026-08-17,2026-08-24,Concentra Group moved from rank #19 to #17 across the watchlist at 3 months; return +37.0% to +38.2%.
overall_stock,stock,,CON,Concentra Group,12,20,19,1,0.524526678141,0.479915433404,-0.044611244737,2026-08-17,2026-08-24,Concentra Group moved from rank #20 to #19 across the watchlist at 12 months; return +52.5% to +48.0%.
overall_stock,stock,,CON,Concentra Group,24,20,19,1,0.513455788125,0.495726495726,-0.017729292399,2026-08-17,2026-08-24,Concentra Group moved from rank #20 to #19 across the watchlist at 24 months; return +51.3% to +49.6%.
overall_stock,stock,,COR,Cencora,3,33,39,-6,0.2177253502,0.156887708705,-0.060837641495,2026-08-17,2026-08-24,Cencora moved from rank #33 to #39 across the watchlist at 3 months; return +21.8% to +15.7%.
overall_stock,stock,,COR,Cencora,12,49,46,3,0.0717164128133,0.0869446343131,0.0152282214998,2026-08-17,2026-08-24,Cencora moved from rank #49 to #46 across the watchlist at 12 months; return +7.2% to +8.7%.
overall_stock,stock,,COR,Cencora,24,28,25,3,0.317962286338,0.337763943804,0.019801657466,2026-08-17,2026-08-24,Cencora moved from rank #28 to #25 across the watchlist at 24 months; return +31.8% to +33.8%.
overall_stock,stock,,CTRE,CareTrust REIT,3,74,71,3,-0.0576081672338,-0.0379192999514,0.0196888672824,2026-08-17,2026-08-24,CareTrust REIT moved from rank #74 to #71 across the watchlist at 3 months; return -5.8% to -3.8%.
overall_stock,stock,,CTRE,CareTrust REIT,12,43,40,3,0.143657817109,0.149245063879,0.00558724677,2026-08-17,2026-08-24,CareTrust REIT moved from rank #43 to #40 across the watchlist at 12 months; return +14.4% to +14.9%.
overall_stock,stock,,CTRE,CareTrust REIT,24,27,24,3,0.393100970176,0.355015405683,-0.038085564493,2026-08-17,2026-08-24,CareTrust REIT moved from rank #27 to #24 across the watchlist at 24 months; return +39.3% to +35.5%.
overall_stock,stock,,CVS,CVS Health,3,63,66,-3,0.0132443424758,-0.0025734505683,-0.0158177930441,2026-08-17,2026-08-24,CVS Health moved from rank #63 to #66 across the watchlist at 3 months; return +1.3% to -0.3%.
overall_stock,stock,,CVS,CVS Health,12,24,26,-2,0.416326530612,0.304628330996,-0.111698199616,2026-08-17,2026-08-24,CVS Health moved from rank #24 to #26 across the watchlist at 12 months; return +41.6% to +30.5%.
overall_stock,stock,,CVS,CVS Health,24,14,16,-2,0.665124250214,0.583319148936,-0.081805101278,2026-08-17,2026-08-24,CVS Health moved from rank #14 to #16 across the watchlist at 24 months; return +66.5% to +58.3%.
overall_stock,stock,,CYH,Community Health Systems,3,57,56,1,0.063829787234,0.075,0.011170212766,2026-08-17,2026-08-24,Community Health Systems moved from rank #57 to #56 across the watchlist at 3 months; return +6.4% to +7.5%.
overall_stock,stock,,CYH,Community Health Systems,12,47,44,3,0.0989010989011,0.0905797101449,-0.0083213887562,2026-08-17,2026-08-24,Community Health Systems moved from rank #47 to #44 across the watchlist at 12 months; return +9.9% to +9.1%.
overall_stock,stock,,CYH,Community Health Systems,24,68,67,1,-0.40119760479,-0.405138339921,-0.003940735131,2026-08-17,2026-08-24,Community Health Systems moved from rank #68 to #67 across the watchlist at 24 months; return -40.1% to -40.5%.
overall_stock,stock,,DGX,Quest Diagnostics,3,29,26,3,0.25609560045,0.251933814866,-0.004161785584,2026-08-17,2026-08-24,Quest Diagnostics moved from rank #29 to #26 across the watchlist at 3 months; return +25.6% to +25.2%.
overall_stock,stock,,DGX,Quest Diagnostics,12,31,25,6,0.303888301719,0.355989568884,0.052101267165,2026-08-17,2026-08-24,Quest Diagnostics moved from rank #31 to #25 across the watchlist at 12 months; return +30.4% to +35.6%.
overall_stock,stock,,DGX,Quest Diagnostics,24,19,15,4,0.548421191703,0.591495181037,0.043073989334,2026-08-17,2026-08-24,Quest Diagnostics moved from rank #19 to #15 across the watchlist at 24 months; return +54.8% to +59.1%.
overall_stock,stock,,DH,Definitive Healthcare,3,80,75,5,-0.208812971902,-0.162051161699,0.046761810203,2026-08-17,2026-08-24,Definitive Healthcare moved from rank #80 to #75 across the watchlist at 3 months; return -20.9% to -16.2%.
overall_stock,stock,,DH,Definitive Healthcare,12,80,80,0,-0.834832041344,-0.824113300493,0.010718740851,2026-08-17,2026-08-24,Definitive Healthcare moved from rank #80 to #80 across the watchlist at 12 months; return -83.5% to -82.4%.
overall_stock,stock,,DH,Definitive Healthcare,24,79,78,1,-0.840995024876,-0.842362030905,-0.001367006029,2026-08-17,2026-08-24,Definitive Healthcare moved from rank #79 to #78 across the watchlist at 24 months; return -84.1% to -84.2%.
overall_stock,stock,,DOC,Healthpeak properties,3,53,53,0,0.0738636363636,0.0846426761277,0.0107790397641,2026-08-17,2026-08-24,Healthpeak properties moved from rank #53 to #53 across the watchlist at 3 months; return +7.4% to +8.5%.
overall_stock,stock,,DOC,Healthpeak properties,12,37,37,0,0.201039861352,0.205633802817,0.004593941465,2026-08-17,2026-08-24,Healthpeak properties moved from rank #37 to #37 across the watchlist at 12 months; return +20.1% to +20.6%.
overall_stock,stock,,DOC,Healthpeak properties,24,47,46,1,-0.0321229050279,-0.0471950133571,-0.0150721083292,2026-08-17,2026-08-24,Healthpeak properties moved from rank #47 to #46 across the watchlist at 24 months; return -3.2% to -4.7%.
overall_stock,stock,,DOCS,Doximity,3,23,24,-1,0.307327358988,0.270310932798,-0.03701642619,2026-08-17,2026-08-24,Doximity moved from rank #23 to #24 across the watchlist at 3 months; return +30.7% to +27.0%.
overall_stock,stock,,DOCS,Doximity,12,79,79,0,-0.619223092277,-0.626070268674,-0.006847176397,2026-08-17,2026-08-24,Doximity moved from rank #79 to #79 across the watchlist at 12 months; return -61.9% to -62.6%.
overall_stock,stock,,DOCS,Doximity,24,63,62,1,-0.306293706294,-0.306217474664,7.623163e-05,2026-08-17,2026-08-24,Doximity moved from rank #63 to #62 across the watchlist at 24 months; return -30.6% to -30.6%.
overall_stock,stock,,DVA,Davita,3,75,74,1,-0.0985280865125,-0.124420713278,-0.0258926267655,2026-08-17,2026-08-24,Davita moved from rank #75 to #74 across the watchlist at 3 months; return -9.9% to -12.4%.
overall_stock,stock,,DVA,Davita,12,28,34,-6,0.330033978431,0.238387004845,-0.091646973586,2026-08-17,2026-08-24,Davita moved from rank #28 to #34 across the watchlist at 12 months; return +33.0% to +23.8%.
overall_stock,stock,,DVA,Davita,24,37,36,1,0.198003992016,0.128774595753,-0.069229396263,2026-08-17,2026-08-24,Davita moved from rank #37 to #36 across the watchlist at 24 months; return +19.8% to +12.9%.
overall_stock,stock,,EHC,Encompass Health,3,41,40,1,0.158945986497,0.146246189024,-0.012699797473,2026-08-17,2026-08-24,Encompass Health moved from rank #41 to #40 across the watchlist at 3 months; return +15.9% to +14.6%.
overall_stock,stock,,EHC,Encompass Health,12,52,53,-1,0.026665559063,-0.0205161605471,-0.0471817196101,2026-08-17,2026-08-24,Encompass Health moved from rank #52 to #53 across the watchlist at 12 months; return +2.7% to -2.1%.
overall_stock,stock,,EHC,Encompass Health,24,26,27,-1,0.394606183706,0.315150852645,-0.079455331061,2026-08-17,2026-08-24,Encompass Health moved from rank #26 to #27 across the watchlist at 24 months; return +39.5% to +31.5%.
overall_stock,stock,,ELV,Elevance,3,62,61,1,0.0194560456351,0.0148217588487,-0.0046342867864,2026-08-17,2026-08-24,Elevance moved from rank #62 to #61 across the watchlist at 3 months; return +1.9% to +1.5%.
overall_stock,stock,,ELV,Elevance,12,32,30,2,0.293148560907,0.265329331859,-0.027819229048,2026-08-17,2026-08-24,Elevance moved from rank #32 to #30 across the watchlist at 12 months; return +29.3% to +26.5%.
overall_stock,stock,,ELV,Elevance,24,61,61,0,-0.263711605665,-0.266356509634,-0.002644903969,2026-08-17,2026-08-24,Elevance moved from rank #61 to #61 across the watchlist at 24 months; return -26.4% to -26.6%.
overall_stock,stock,,ENSG,The Ensign Group,3,60,58,2,0.0224010806551,0.0438525066884,0.0214514260333,2026-08-17,2026-08-24,The Ensign Group moved from rank #60 to #58 across the watchlist at 3 months; return +2.2% to +4.4%.
overall_stock,stock,,ENSG,The Ensign Group,12,48,50,-2,0.0931576096768,0.0408257944792,-0.0523318151976,2026-08-17,2026-08-24,The Ensign Group moved from rank #48 to #50 across the watchlist at 12 months; return +9.3% to +4.1%.
overall_stock,stock,,ENSG,The Ensign Group,24,30,32,-2,0.286017699115,0.212129398258,-0.073888300857,2026-08-17,2026-08-24,The Ensign Group moved from rank #30 to #32 across the watchlist at 24 months; return +28.6% to +21.2%.
overall_stock,stock,,EVH,Evolent Health,3,40,31,9,0.181818181818,0.2,0.018181818182,2026-08-17,2026-08-24,Evolent Health moved from rank #40 to #31 across the watchlist at 3 months; return +18.2% to +20.0%.
overall_stock,stock,,EVH,Evolent Health,12,77,76,1,-0.496774193548,-0.50625,-0.009475806452,2026-08-17,2026-08-24,Evolent Health moved from rank #77 to #76 across the watchlist at 12 months; return -49.7% to -50.6%.
overall_stock,stock,,EVH,Evolent Health,24,78,79,-1,-0.829072315559,-0.856232939035,-0.027160623476,2026-08-17,2026-08-24,Evolent Health moved from rank #78 to #79 across the watchlist at 24 months; return -82.9% to -85.6%.
overall_stock,stock,,FMS,Fresenius,3,50,55,-5,0.100462962963,0.0827171903882,-0.0177457725748,2026-08-17,2026-08-24,Fresenius moved from rank #50 to #55 across the watchlist at 3 months; return +10.0% to +8.3%.
overall_stock,stock,,FMS,Fresenius,12,59,58,1,-0.0522328548644,-0.084765625,-0.0325327701356,2026-08-17,2026-08-24,Fresenius moved from rank #59 to #58 across the watchlist at 12 months; return -5.2% to -8.5%.
overall_stock,stock,,FMS,Fresenius,24,33,33,0,0.25303110174,0.204627249357,-0.048403852383,2026-08-17,2026-08-24,Fresenius moved from rank #33 to #33 across the watchlist at 24 months; return +25.3% to +20.5%.
overall_stock,stock,,GDRX,GoodRx,3,10,21,-11,0.534979423868,0.301886792453,-0.233092631415,2026-08-17,2026-08-24,GoodRx moved from rank #10 to #21 across the watchlist at 3 months; return +53.5% to +30.2%.
overall_stock,stock,,GDRX,GoodRx,12,55,68,-13,0,-0.243421052632,-0.243421052632,2026-08-17,2026-08-24,GoodRx moved from rank #55 to #68 across the watchlist at 12 months; return +0.0% to -24.3%.
overall_stock,stock,,GDRX,GoodRx,24,70,73,-3,-0.479776847978,-0.580801944107,-0.101025096129,2026-08-17,2026-08-24,GoodRx moved from rank #70 to #73 across the watchlist at 24 months; return -48.0% to -58.1%.
overall_stock,stock,,GH,Guardant Health,3,5,14,-9,0.656236831016,0.434972677596,-0.22126415342,2026-08-17,2026-08-24,Guardant Health moved from rank #5 to #14 across the watchlist at 3 months; return +65.6% to +43.5%.
overall_stock,stock,,GH,Guardant Health,12,5,4,1,1.67000679348,1.77996742671,0.10996063323,2026-08-17,2026-08-24,Guardant Health moved from rank #5 to #4 across the watchlist at 12 months; return +167.0% to +178.0%.
overall_stock,stock,,GH,Guardant Health,24,1,1,0,4.62468694097,4.88180565127,0.2571187103,2026-08-17,2026-08-24,Guardant Health moved from rank #1 to #1 across the watchlist at 24 months; return +462.5% to +488.2%.
overall_stock,stock,,HCA,HCA Healthcare,3,72,51,21,-0.0433096926714,0.0891212221179,0.132430914789,2026-08-17,2026-08-24,HCA Healthcare moved from rank #72 to #51 across the watchlist at 3 months; return -4.3% to +8.9%.
overall_stock,stock,,HCA,HCA Healthcare,12,53,47,6,0.0224614063013,0.0598068992765,0.0373454929752,2026-08-17,2026-08-24,HCA Healthcare moved from rank #53 to #47 across the watchlist at 12 months; return +2.2% to +6.0%.
overall_stock,stock,,HCA,HCA Healthcare,24,42,39,3,0.0826979158306,0.10394053192,0.0212426160894,2026-08-17,2026-08-24,HCA Healthcare moved from rank #42 to #39 across the watchlist at 24 months; return +8.3% to +10.4%.
overall_stock,stock,,HCAT,Health Catalyst,3,9,35,-26,0.554621848739,0.186046511628,-0.368575337111,2026-08-17,2026-08-24,Health Catalyst moved from rank #9 to #35 across the watchlist at 3 months; return +55.5% to +18.6%.
overall_stock,stock,,HCAT,Health Catalyst,12,71,77,-6,-0.366438356164,-0.533536585366,-0.167098229202,2026-08-17,2026-08-24,Health Catalyst moved from rank #71 to #77 across the watchlist at 12 months; return -36.6% to -53.4%.
overall_stock,stock,,HCAT,Health Catalyst,24,77,77,0,-0.726128793486,-0.78954607978,-0.063417286294,2026-08-17,2026-08-24,Health Catalyst moved from rank #77 to #77 across the watchlist at 24 months; return -72.6% to -79.0%.
overall_stock,stock,,HIMS,Hims & Hers,3,47,15,32,0.12375249501,0.422315789474,0.298563294464,2026-08-17,2026-08-24,Hims & Hers moved from rank #47 to #15 across the watchlist at 3 months; return +12.4% to +42.2%.
overall_stock,stock,,HIMS,Hims & Hers,12,73,67,6,-0.388309430682,-0.242091092663,0.146218338019,2026-08-17,2026-08-24,Hims & Hers moved from rank #73 to #67 across the watchlist at 12 months; return -38.8% to -24.2%.
overall_stock,stock,,HIMS,Hims & Hers,24,11,8,3,0.806803594352,1.0191273162,0.212323721848,2026-08-17,2026-08-24,Hims & Hers moved from rank #11 to #8 across the watchlist at 24 months; return +80.7% to +101.9%.
overall_stock,stock,,HQY,HealthEquity,3,27,32,-5,0.27455275648,0.196345477244,-0.078207279236,2026-08-17,2026-08-24,HealthEquity moved from rank #27 to #32 across the watchlist at 3 months; return +27.5% to +19.6%.
overall_stock,stock,,HQY,HealthEquity,12,42,39,3,0.16509066637,0.173569360944,0.008478694574,2026-08-17,2026-08-24,HealthEquity moved from rank #42 to #39 across the watchlist at 12 months; return +16.5% to +17.4%.
overall_stock,stock,,HQY,HealthEquity,24,24,23,1,0.398637820513,0.3757504568,-0.022887363713,2026-08-17,2026-08-24,HealthEquity moved from rank #24 to #23 across the watchlist at 24 months; return +39.9% to +37.6%.
overall_stock,stock,,HSIC,Henry Schein,3,30,33,-3,0.234460946095,0.192561649373,-0.041899296722,2026-08-17,2026-08-24,Henry Schein moved from rank #30 to #33 across the watchlist at 3 months; return +23.4% to +19.3%.
overall_stock,stock,,HSIC,Henry Schein,12,29,28,1,0.323260613208,0.271551724138,-0.05170888907,2026-08-17,2026-08-24,Henry Schein moved from rank #29 to #28 across the watchlist at 12 months; return +32.3% to +27.2%.
overall_stock,stock,,HSIC,Henry Schein,24,29,28,1,0.28628743373,0.249646992375,-0.036640441355,2026-08-17,2026-08-24,Henry Schein moved from rank #29 to #28 across the watchlist at 24 months; return +28.6% to +25.0%.
overall_stock,stock,,HUM,Humana,3,26,29,-3,0.275072102779,0.230329598961,-0.044742503818,2026-08-17,2026-08-24,Humana moved from rank #26 to #29 across the watchlist at 3 months; return +27.5% to +23.0%.
overall_stock,stock,,HUM,Humana,12,26,31,-5,0.35846223681,0.264999499182,-0.093462737628,2026-08-17,2026-08-24,Humana moved from rank #26 to #31 across the watchlist at 12 months; return +35.8% to +26.5%.
overall_stock,stock,,HUM,Humana,24,39,40,-1,0.110429272748,0.0736185888354,-0.0368106839126,2026-08-17,2026-08-24,Humana moved from rank #39 to #40 across the watchlist at 24 months; return +11.0% to +7.4%.
overall_stock,stock,,ILMN,Illumina,3,21,11,10,0.339203030728,0.519285368049,0.180082337321,2026-08-17,2026-08-24,Illumina moved from rank #21 to #11 across the watchlist at 3 months; return +33.9% to +51.9%.
overall_stock,stock,,ILMN,Illumina,12,11,9,2,0.906802517231,1.15520628684,0.248403769609,2026-08-17,2026-08-24,Illumina moved from rank #11 to #9 across the watchlist at 12 months; return +90.7% to +115.5%.
overall_stock,stock,,ILMN,Illumina,24,22,14,8,0.464891412785,0.669837887206,0.204946474421,2026-08-17,2026-08-24,Illumina moved from rank #22 to #14 across the watchlist at 24 months; return +46.5% to +67.0%.
overall_stock,stock,,IQV,Iqvia,3,15,10,5,0.399361400189,0.547468731388,0.148107331199,2026-08-17,2026-08-24,Iqvia moved from rank #15 to #10 across the watchlist at 3 months; return +39.9% to +54.7%.
overall_stock,stock,,IQV,Iqvia,12,36,24,12,0.238474017479,0.359246664923,0.120772647444,2026-08-17,2026-08-24,Iqvia moved from rank #36 to #24 across the watchlist at 12 months; return +23.8% to +35.9%.
overall_stock,stock,,IQV,Iqvia,24,44,43,1,-0.0123941075825,0.0437472381794,0.0561413457619,2026-08-17,2026-08-24,Iqvia moved from rank #44 to #43 across the watchlist at 24 months; return -1.2% to +4.4%.
overall_stock,stock,,LFMD,LifeMD,3,79,79,0,-0.203233256351,-0.210023866348,-0.006790609997,2026-08-17,2026-08-24,LifeMD moved from rank #79 to #79 across the watchlist at 3 months; return -20.3% to -21.0%.
overall_stock,stock,,LFMD,LifeMD,12,76,75,1,-0.463452566096,-0.477093206951,-0.013640640855,2026-08-17,2026-08-24,LifeMD moved from rank #76 to #75 across the watchlist at 12 months; return -46.3% to -47.7%.
overall_stock,stock,,LFMD,LifeMD,24,65,66,-1,-0.337811900192,-0.392660550459,-0.054848650267,2026-08-17,2026-08-24,LifeMD moved from rank #65 to #66 across the watchlist at 24 months; return -33.8% to -39.3%.
overall_stock,stock,,LFST,Lifestance Health,3,7,4,3,0.623529411765,0.687415426252,0.063886014487,2026-08-17,2026-08-24,Lifestance Health moved from rank #7 to #4 across the watchlist at 3 months; return +62.4% to +68.7%.
overall_stock,stock,,LFST,Lifestance Health,12,8,7,1,1.28308823529,1.24684684685,-0.03624138844,2026-08-17,2026-08-24,Lifestance Health moved from rank #8 to #7 across the watchlist at 12 months; return +128.3% to +124.7%.
overall_stock,stock,,LFST,Lifestance Health,24,7,9,-2,1.1982300885,1.01779935275,-0.18043073575,2026-08-17,2026-08-24,Lifestance Health moved from rank #7 to #9 across the watchlist at 24 months; return +119.8% to +101.8%.
overall_stock,stock,,LH,Labcorp Holdings,3,28,22,6,0.270487220447,0.293963759474,0.023476539027,2026-08-17,2026-08-24,Labcorp Holdings moved from rank #28 to #22 across the watchlist at 3 months; return +27.0% to +29.4%.
overall_stock,stock,,LH,Labcorp Holdings,12,40,36,4,0.176603299061,0.209073261917,0.032469962856,2026-08-17,2026-08-24,Labcorp Holdings moved from rank #40 to #36 across the watchlist at 12 months; return +17.7% to +20.9%.
overall_stock,stock,,LH,Labcorp Holdings,24,25,21,4,0.398373626374,0.456710987916,0.058337361542,2026-08-17,2026-08-24,Labcorp Holdings moved from rank #25 to #21 across the watchlist at 24 months; return +39.8% to +45.7%.
overall_stock,stock,,MCK,McKesson,3,44,45,-1,0.142564129534,0.121162280702,-0.021401848832,2026-08-17,2026-08-24,McKesson moved from rank #44 to #45 across the watchlist at 3 months; return +14.3% to +12.1%.
overall_stock,stock,,MCK,McKesson,12,33,32,1,0.29113735978,0.245775618246,-0.045361741534,2026-08-17,2026-08-24,McKesson moved from rank #33 to #32 across the watchlist at 12 months; return +29.1% to +24.6%.
overall_stock,stock,,MCK,McKesson,24,17,18,-1,0.586606050647,0.555555555556,-0.031050495091,2026-08-17,2026-08-24,McKesson moved from rank #17 to #18 across the watchlist at 24 months; return +58.7% to +55.6%.
overall_stock,stock,,MDRX,Veradigm,3,70,62,8,-0.04,0.0105263157895,0.0505263157895,2026-08-17,2026-08-24,Veradigm moved from rank #70 to #62 across the watchlist at 3 months; return -4.0% to +1.1%.
overall_stock,stock,,MDRX,Veradigm,12,50,52,-2,0.0434782608696,-0.0103092783505,-0.0537875392201,2026-08-17,2026-08-24,Veradigm moved from rank #50 to #52 across the watchlist at 12 months; return +4.3% to -1.0%.
overall_stock,stock,,MDRX,Veradigm,24,73,70,3,-0.5,-0.505154639175,-0.005154639175,2026-08-17,2026-08-24,Veradigm moved from rank #73 to #70 across the watchlist at 24 months; return -50.0% to -50.5%.
overall_stock,stock,,MOH,Molina Healthcare,3,43,52,-9,0.148332342289,0.0877050070598,-0.0606273352292,2026-08-17,2026-08-24,Molina Healthcare moved from rank #43 to #52 across the watchlist at 3 months; return +14.8% to +8.8%.
overall_stock,stock,,MOH,Molina Healthcare,12,34,41,-7,0.26831452624,0.148188488879,-0.120126037361,2026-08-17,2026-08-24,Molina Healthcare moved from rank #34 to #41 across the watchlist at 12 months; return +26.8% to +14.8%.
overall_stock,stock,,MOH,Molina Healthcare,24,67,68,-1,-0.393005114724,-0.420825863166,-0.027820748442,2026-08-17,2026-08-24,Molina Healthcare moved from rank #67 to #68 across the watchlist at 24 months; return -39.3% to -42.1%.
overall_stock,stock,,MPT,Medical Properties Trust,3,78,76,2,-0.172277227723,-0.188976377953,-0.01669915023,2026-08-17,2026-08-24,Medical Properties Trust moved from rank #78 to #76 across the watchlist at 3 months; return -17.2% to -18.9%.
overall_stock,stock,,MPT,Medical Properties Trust,12,,,,,,,2026-08-17,2026-08-24,Medical Properties Trust moved from rank unavailable across the watchlist at 12 months; return unavailable.
overall_stock,stock,,MPT,Medical Properties Trust,24,,,,,,,2026-08-17,2026-08-24,Medical Properties Trust moved from rank unavailable across the watchlist at 24 months; return unavailable.
overall_stock,stock,,NEO,NeoGenomics,3,2,2,0,0.934466019417,0.839653304442,-0.094812714975,2026-08-17,2026-08-24,NeoGenomics moved from rank #2 to #2 across the watchlist at 3 months; return +93.4% to +84.0%.
overall_stock,stock,,NEO,NeoGenomics,12,6,5,1,1.56682769726,1.57077971234,0.00395201508,2026-08-17,2026-08-24,NeoGenomics moved from rank #6 to #5 across the watchlist at 12 months; return +156.7% to +157.1%.
overall_stock,stock,,NEO,NeoGenomics,24,45,44,1,-0.0148331273177,0.0192076830732,0.0340408103909,2026-08-17,2026-08-24,NeoGenomics moved from rank #45 to #44 across the watchlist at 24 months; return -1.5% to +1.9%.
overall_stock,stock,,NHI,National Health Investors,3,69,72,-3,-0.0225110545357,-0.040041873855,-0.0175308193193,2026-08-17,2026-08-24,National Health Investors moved from rank #69 to #72 across the watchlist at 3 months; return -2.3% to -4.0%.
overall_stock,stock,,NHI,National Health Investors,12,56,57,-1,-0.0229038306992,-0.0579170412226,-0.0350132105234,2026-08-17,2026-08-24,National Health Investors moved from rank #56 to #57 across the watchlist at 12 months; return -2.3% to -5.8%.
overall_stock,stock,,NHI,National Health Investors,24,46,49,-3,-0.018037420918,-0.067022764848,-0.04898534393,2026-08-17,2026-08-24,National Health Investors moved from rank #46 to #49 across the watchlist at 24 months; return -1.8% to -6.7%.
overall_stock,stock,,NTRA,Natera,3,4,5,-1,0.663071474565,0.634086323146,-0.028985151419,2026-08-17,2026-08-24,Natera moved from rank #4 to #5 across the watchlist at 3 months; return +66.3% to +63.4%.
overall_stock,stock,,NTRA,Natera,12,12,10,2,0.901177769599,1.00501207729,0.103834307691,2026-08-17,2026-08-24,Natera moved from rank #12 to #10 across the watchlist at 12 months; return +90.1% to +100.5%.
overall_stock,stock,,NTRA,Natera,24,5,5,0,1.49983868366,1.7058104474,0.20597176374,2026-08-17,2026-08-24,Natera moved from rank #5 to #5 across the watchlist at 24 months; return +150.0% to +170.6%.
overall_stock,stock,,OHI,Omega Healthcare Investors,3,67,68,-1,-0.0169025987746,-0.0269311064718,-0.0100285076972,2026-08-17,2026-08-24,Omega Healthcare Investors moved from rank #67 to #68 across the watchlist at 3 months; return -1.7% to -2.7%.
overall_stock,stock,,OHI,Omega Healthcare Investors,12,44,43,1,0.134601316752,0.102934216753,-0.031667099999,2026-08-17,2026-08-24,Omega Healthcare Investors moved from rank #44 to #43 across the watchlist at 12 months; return +13.5% to +10.3%.
overall_stock,stock,,OHI,Omega Healthcare Investors,24,35,34,1,0.243120491584,0.20036054597,-0.042759945614,2026-08-17,2026-08-24,Omega Healthcare Investors moved from rank #35 to #34 across the watchlist at 24 months; return +24.3% to +20.0%.
overall_stock,stock,,OMCL,Omnicell,3,77,78,-1,-0.134972170686,-0.198829092547,-0.063856921861,2026-08-17,2026-08-24,Omnicell moved from rank #77 to #78 across the watchlist at 3 months; return -13.5% to -19.9%.
overall_stock,stock,,OMCL,Omnicell,12,39,48,-9,0.177027453455,0.0582986317668,-0.118728821688,2026-08-17,2026-08-24,Omnicell moved from rank #39 to #48 across the watchlist at 12 months; return +17.7% to +5.8%.
overall_stock,stock,,OMCL,Omnicell,24,53,57,-4,-0.123384253819,-0.205803571429,-0.08241931761,2026-08-17,2026-08-24,Omnicell moved from rank #53 to #57 across the watchlist at 24 months; return -12.3% to -20.6%.
overall_stock,stock,,OMDA,Omada Health,3,12,13,-1,0.451690821256,0.447001817081,-0.004689004175,2026-08-17,2026-08-24,Omada Health moved from rank #12 to #13 across the watchlist at 3 months; return +45.2% to +44.7%.
overall_stock,stock,,OMDA,Omada Health,12,41,42,-1,0.1709693132,0.120806943467,-0.050162369733,2026-08-17,2026-08-24,Omada Health moved from rank #41 to #42 across the watchlist at 12 months; return +17.1% to +12.1%.
overall_stock,stock,,OMDA,Omada Health,24,,,,,,,2026-08-17,2026-08-24,Omada Health moved from rank unavailable across the watchlist at 24 months; return unavailable.
overall_stock,stock,,OPCH,Option Care Health,3,31,43,-12,0.22669057377,0.132345914955,-0.094344658815,2026-08-17,2026-08-24,Option Care Health moved from rank #31 to #43 across the watchlist at 3 months; return +22.7% to +13.2%.
overall_stock,stock,,OPCH,Option Care Health,12,66,66,0,-0.154484463277,-0.175365344468,-0.020880881191,2026-08-17,2026-08-24,Option Care Health moved from rank #66 to #66 across the watchlist at 12 months; return -15.4% to -17.5%.
overall_stock,stock,,OPCH,Option Care Health,24,58,60,-2,-0.236691106152,-0.255419415646,-0.018728309494,2026-08-17,2026-08-24,Option Care Health moved from rank #58 to #60 across the watchlist at 24 months; return -23.7% to -25.5%.
overall_stock,stock,,ORCL,Oracle-Cerner,3,81,81,0,-0.219901528893,-0.237453144523,-0.01755161563,2026-08-17,2026-08-24,Oracle-Cerner moved from rank #81 to #81 across the watchlist at 3 months; return -22.0% to -23.7%.
overall_stock,stock,,ORCL,Oracle-Cerner,12,74,71,3,-0.393748993072,-0.380335914033,0.013413079039,2026-08-17,2026-08-24,Oracle-Cerner moved from rank #74 to #71 across the watchlist at 12 months; return -39.4% to -38.0%.
overall_stock,stock,,ORCL,Oracle-Cerner,24,41,42,-1,0.0949298028661,0.052302607946,-0.0426271949201,2026-08-17,2026-08-24,Oracle-Cerner moved from rank #41 to #42 across the watchlist at 24 months; return +9.5% to +5.2%.
overall_stock,stock,,OSCR,Oscar Health,3,13,16,-3,0.404802744425,0.41519434629,0.010391601865,2026-08-17,2026-08-24,Oscar Health moved from rank #13 to #16 across the watchlist at 3 months; return +40.5% to +41.5%.
overall_stock,stock,,OSCR,Oscar Health,12,9,11,-2,1.09462915601,0.907142857143,-0.187486298867,2026-08-17,2026-08-24,Oscar Health moved from rank #9 to #11 across the watchlist at 12 months; return +109.5% to +90.7%.
overall_stock,stock,,OSCR,Oscar Health,24,12,11,1,0.751871657754,0.808126410835,0.056254753081,2026-08-17,2026-08-24,Oscar Health moved from rank #12 to #11 across the watchlist at 24 months; return +75.2% to +80.8%.
overall_stock,stock,,PACB,PacBio,3,59,48,11,0.0267857142857,0.106557377049,0.0797716627633,2026-08-17,2026-08-24,PacBio moved from rank #59 to #48 across the watchlist at 3 months; return +2.7% to +10.7%.
overall_stock,stock,,PACB,PacBio,12,63,54,9,-0.12213740458,-0.0217391304348,0.100398274145,2026-08-17,2026-08-24,PacBio moved from rank #63 to #54 across the watchlist at 12 months; return -12.2% to -2.2%.
overall_stock,stock,,PACB,PacBio,24,60,52,8,-0.262820512821,-0.134615384615,0.128205128206,2026-08-17,2026-08-24,PacBio moved from rank #60 to #52 across the watchlist at 24 months; return -26.3% to -13.5%.
overall_stock,stock,,PACS,PACS Group,3,38,36,2,0.185699039488,0.172185430464,-0.013513609024,2026-08-17,2026-08-24,PACS Group moved from rank #38 to #36 across the watchlist at 3 months; return +18.6% to +17.2%.
overall_stock,stock,,PACS,PACS Group,12,2,2,0,2.86434782609,2.67219917012,-0.19214865597,2026-08-17,2026-08-24,PACS Group moved from rank #2 to #2 across the watchlist at 12 months; return +286.4% to +267.2%.
overall_stock,stock,,PACS,PACS Group,24,38,41,-3,0.145656096932,0.0709099709584,-0.0747461259736,2026-08-17,2026-08-24,PACS Group moved from rank #38 to #41 across the watchlist at 24 months; return +14.6% to +7.1%.
overall_stock,stock,,PGNY,Progyny,3,45,60,-15,0.130322580645,0.0309485530547,-0.0993740275903,2026-08-17,2026-08-24,Progyny moved from rank #45 to #60 across the watchlist at 3 months; return +13.0% to +3.1%.
overall_stock,stock,,PGNY,Progyny,12,45,45,0,0.123076923077,0.0900977475563,-0.0329791755207,2026-08-17,2026-08-24,Progyny moved from rank #45 to #45 across the watchlist at 12 months; return +12.3% to +9.0%.
overall_stock,stock,,PGNY,Progyny,24,34,35,-1,0.249049429658,0.176605504587,-0.072443925071,2026-08-17,2026-08-24,Progyny moved from rank #34 to #35 across the watchlist at 24 months; return +24.9% to +17.7%.
overall_stock,stock,,PHR,Phreesia,3,14,19,-5,0.400228050171,0.358744394619,-0.041483655552,2026-08-17,2026-08-24,Phreesia moved from rank #14 to #19 across the watchlist at 3 months; return +40.0% to +35.9%.
overall_stock,stock,,PHR,Phreesia,12,78,78,0,-0.57212543554,-0.592605042017,-0.020479606477,2026-08-17,2026-08-24,Phreesia moved from rank #78 to #78 across the watchlist at 12 months; return -57.2% to -59.3%.
overall_stock,stock,,PHR,Phreesia,24,72,71,1,-0.493608247423,-0.523022432113,-0.02941418469,2026-08-17,2026-08-24,Phreesia moved from rank #72 to #71 across the watchlist at 24 months; return -49.4% to -52.3%.
overall_stock,stock,,PIII,P3 Health,3,73,80,-7,-0.0535872453499,-0.218939393939,-0.165352148589,2026-08-17,2026-08-24,P3 Health moved from rank #73 to #80 across the watchlist at 3 months; return -5.4% to -21.9%.
overall_stock,stock,,PIII,P3 Health,12,16,22,-6,0.577121771218,0.433936022253,-0.143185748965,2026-08-17,2026-08-24,P3 Health moved from rank #16 to #22 across the watchlist at 12 months; return +57.7% to +43.4%.
overall_stock,stock,,PIII,P3 Health,24,75,74,1,-0.643119572478,-0.585027168444,0.058092404034,2026-08-17,2026-08-24,P3 Health moved from rank #75 to #74 across the watchlist at 24 months; return -64.3% to -58.5%.
overall_stock,stock,,PNTG,Pennant Group,3,48,41,7,0.106047819972,0.146226415094,0.040178595122,2026-08-17,2026-08-24,Pennant Group moved from rank #48 to #41 across the watchlist at 3 months; return +10.6% to +14.6%.
overall_stock,stock,,PNTG,Pennant Group,12,19,17,2,0.556611243072,0.544696066746,-0.011915176326,2026-08-17,2026-08-24,Pennant Group moved from rank #19 to #17 across the watchlist at 12 months; return +55.7% to +54.5%.
overall_stock,stock,,PNTG,Pennant Group,24,36,38,-2,0.238815374921,0.112128146453,-0.126687228468,2026-08-17,2026-08-24,Pennant Group moved from rank #36 to #38 across the watchlist at 24 months; return +23.9% to +11.2%.
overall_stock,stock,,PRVA,Privia Health Group,3,71,73,-2,-0.041394335512,-0.0732777534006,-0.0318834178886,2026-08-17,2026-08-24,Privia Health Group moved from rank #71 to #73 across the watchlist at 3 months; return -4.1% to -7.3%.
overall_stock,stock,,PRVA,Privia Health Group,12,51,55,-4,0.0343206393982,-0.0395634379263,-0.0738840773245,2026-08-17,2026-08-24,Privia Health Group moved from rank #51 to #55 across the watchlist at 12 months; return +3.4% to -4.0%.
overall_stock,stock,,PRVA,Privia Health Group,24,40,45,-5,0.105527638191,0.0124640460211,-0.0930635921699,2026-08-17,2026-08-24,Privia Health Group moved from rank #40 to #45 across the watchlist at 24 months; return +10.6% to +1.2%.
overall_stock,stock,,QDEL,QuidelOrtho,3,16,27,-11,0.385658914729,0.242833052277,-0.142825862452,2026-08-17,2026-08-24,QuidelOrtho moved from rank #16 to #27 across the watchlist at 3 months; return +38.6% to +24.3%.
overall_stock,stock,,QDEL,QuidelOrtho,12,75,74,1,-0.44851523332,-0.471684587814,-0.023169354494,2026-08-17,2026-08-24,QuidelOrtho moved from rank #75 to #74 across the watchlist at 12 months; return -44.9% to -47.2%.
overall_stock,stock,,QDEL,QuidelOrtho,24,76,76,0,-0.674556213018,-0.672517218396,0.002038994622,2026-08-17,2026-08-24,QuidelOrtho moved from rank #76 to #76 across the watchlist at 24 months; return -67.5% to -67.3%.
overall_stock,stock,,SBRA,Sabra Health Care REIT,3,68,67,1,-0.0169327527818,-0.0159266409266,0.0010061118552,2026-08-17,2026-08-24,Sabra Health Care REIT moved from rank #68 to #67 across the watchlist at 3 months; return -1.7% to -1.6%.
overall_stock,stock,,SBRA,Sabra Health Care REIT,12,46,49,-3,0.100758396533,0.0429667519182,-0.0577916446148,2026-08-17,2026-08-24,Sabra Health Care REIT moved from rank #46 to #49 across the watchlist at 12 months; return +10.1% to +4.3%.
overall_stock,stock,,SBRA,Sabra Health Care REIT,24,32,31,1,0.25509573811,0.226097414311,-0.028998323799,2026-08-17,2026-08-24,Sabra Health Care REIT moved from rank #32 to #31 across the watchlist at 24 months; return +25.5% to +22.6%.
overall_stock,stock,,SGRY,Surgery Partners,3,52,54,-2,0.0774193548387,0.0835820895522,0.0061627347135,2026-08-17,2026-08-24,Surgery Partners moved from rank #52 to #54 across the watchlist at 3 months; return +7.7% to +8.4%.
overall_stock,stock,,SGRY,Surgery Partners,12,70,72,-2,-0.340789473684,-0.38578680203,-0.044997328346,2026-08-17,2026-08-24,Surgery Partners moved from rank #70 to #72 across the watchlist at 12 months; return -34.1% to -38.6%.
overall_stock,stock,,SGRY,Surgery Partners,24,71,72,-1,-0.482081323225,-0.569011576135,-0.08693025291,2026-08-17,2026-08-24,Surgery Partners moved from rank #71 to #72 across the watchlist at 24 months; return -48.2% to -56.9%.
overall_stock,stock,,SOLV,Solventum,3,36,38,-2,0.192970643684,0.165820642978,-0.027150000706,2026-08-17,2026-08-24,Solventum moved from rank #36 to #38 across the watchlist at 3 months; return +19.3% to +16.6%.
overall_stock,stock,,SOLV,Solventum,12,35,35,0,0.240408849062,0.217811012916,-0.022597836146,2026-08-17,2026-08-24,Solventum moved from rank #35 to #35 across the watchlist at 12 months; return +24.0% to +21.8%.
overall_stock,stock,,SOLV,Solventum,24,21,20,1,0.491414141414,0.458794788274,-0.03261935314,2026-08-17,2026-08-24,Solventum moved from rank #21 to #20 across the watchlist at 24 months; return +49.1% to +45.9%.
overall_stock,stock,,TALK,Talkspace,3,64,63,1,0.00961538461538,0.00961538461538,0,2026-08-17,2026-08-24,Talkspace moved from rank #64 to #63 across the watchlist at 3 months; return +1.0% to +1.0%.
overall_stock,stock,,TALK,Talkspace,12,10,12,-2,1.05078125,0.875,-0.17578125,2026-08-17,2026-08-24,Talkspace moved from rank #10 to #12 across the watchlist at 12 months; return +105.1% to +87.5%.
overall_stock,stock,,TALK,Talkspace,24,3,3,0,1.98295454545,1.96610169492,-0.01685285053,2026-08-17,2026-08-24,Talkspace moved from rank #3 to #3 across the watchlist at 24 months; return +198.3% to +196.6%.
overall_stock,stock,,TDOC,Teladoc,3,54,69,-15,0.0707547169811,-0.027397260274,-0.0981519772551,2026-08-17,2026-08-24,Teladoc moved from rank #54 to #69 across the watchlist at 3 months; return +7.1% to -2.7%.
overall_stock,stock,,TDOC,Teladoc,12,62,64,-2,-0.094414893617,-0.16796875,-0.073553856383,2026-08-17,2026-08-24,Teladoc moved from rank #62 to #64 across the watchlist at 12 months; return -9.4% to -16.8%.
overall_stock,stock,,TDOC,Teladoc,24,50,54,-4,-0.042194092827,-0.138814016173,-0.096619923346,2026-08-17,2026-08-24,Teladoc moved from rank #50 to #54 across the watchlist at 24 months; return -4.2% to -13.9%.
overall_stock,stock,,TEM,Tempus AI,3,37,8,29,0.185977691782,0.574058033781,0.388080341999,2026-08-17,2026-08-24,Tempus AI moved from rank #37 to #8 across the watchlist at 3 months; return +18.6% to +57.4%.
overall_stock,stock,,TEM,Tempus AI,12,68,60,8,-0.293846570886,-0.0972429210134,0.196603649873,2026-08-17,2026-08-24,Tempus AI moved from rank #68 to #60 across the watchlist at 12 months; return -29.4% to -9.7%.
overall_stock,stock,,TEM,Tempus AI,24,43,37,6,0.0239779874214,0.119168591224,0.0951906038026,2026-08-17,2026-08-24,Tempus AI moved from rank #43 to #37 across the watchlist at 24 months; return +2.4% to +11.9%.
overall_stock,stock,,THC,Tenet Health,3,20,6,14,0.362249567782,0.615663482564,0.253413914782,2026-08-17,2026-08-24,Tenet Health moved from rank #20 to #6 across the watchlist at 3 months; return +36.2% to +61.6%.
overall_stock,stock,,THC,Tenet Health,12,18,15,3,0.55737704918,0.564178272981,0.006801223801,2026-08-17,2026-08-24,Tenet Health moved from rank #18 to #15 across the watchlist at 12 months; return +55.7% to +56.4%.
overall_stock,stock,,THC,Tenet Health,24,13,13,0,0.710072769054,0.706497295326,-0.003575473728,2026-08-17,2026-08-24,Tenet Health moved from rank #13 to #13 across the watchlist at 24 months; return +71.0% to +70.6%.
overall_stock,stock,,TXG,10x Genomics,3,1,1,0,1.64575471698,1.75,0.10424528302,2026-08-17,2026-08-24,10x Genomics moved from rank #1 to #1 across the watchlist at 3 months; return +164.6% to +175.0%.
overall_stock,stock,,TXG,10x Genomics,12,1,1,0,3.19835329341,3.55384615385,0.35549286044,2026-08-17,2026-08-24,10x Genomics moved from rank #1 to #1 across the watchlist at 12 months; return +319.8% to +355.4%.
overall_stock,stock,,TXG,10x Genomics,24,4,4,0,1.57885057471,1.77224350788,0.19339293317,2026-08-17,2026-08-24,10x Genomics moved from rank #4 to #4 across the watchlist at 24 months; return +157.9% to +177.2%.
overall_stock,stock,,UHS,Universal Health Services,3,65,44,21,0.00818311195446,0.123320659062,0.115137547108,2026-08-17,2026-08-24,Universal Health Services moved from rank #65 to #44 across the watchlist at 3 months; return +0.8% to +12.3%.
overall_stock,stock,,UHS,Universal Health Services,12,57,56,1,-0.0473468930352,-0.0448324172863,0.0025144757489,2026-08-17,2026-08-24,Universal Health Services moved from rank #57 to #56 across the watchlist at 12 months; return -4.7% to -4.5%.
overall_stock,stock,,UHS,Universal Health Services,24,59,59,0,-0.249160925632,-0.239684309857,0.009476615775,2026-08-17,2026-08-24,Universal Health Services moved from rank #59 to #59 across the watchlist at 24 months; return -24.9% to -24.0%.
overall_stock,stock,,UNH,UnitedHealth,3,61,65,-4,0.0200076171131,0.00422169022061,-0.0157859268925,2026-08-17,2026-08-24,UnitedHealth moved from rank #61 to #65 across the watchlist at 3 months; return +2.0% to +0.4%.
overall_stock,stock,,UNH,UnitedHealth,12,30,29,1,0.321436794842,0.268980547785,-0.052456247057,2026-08-17,2026-08-24,UnitedHealth moved from rank #30 to #29 across the watchlist at 12 months; return +32.1% to +26.9%.
overall_stock,stock,,UNH,UnitedHealth,24,62,63,-1,-0.304580390528,-0.332586268841,-0.028005878313,2026-08-17,2026-08-24,UnitedHealth moved from rank #62 to #63 across the watchlist at 24 months; return -30.5% to -33.3%.
overall_stock,stock,,USPH,US Physical Therapy,3,24,25,-1,0.293424613915,0.26226597805,-0.031158635865,2026-08-17,2026-08-24,US Physical Therapy moved from rank #24 to #25 across the watchlist at 3 months; return +29.3% to +26.2%.
overall_stock,stock,,USPH,US Physical Therapy,12,60,61,-1,-0.0529260899977,-0.105455793206,-0.0525297032083,2026-08-17,2026-08-24,US Physical Therapy moved from rank #60 to #61 across the watchlist at 12 months; return -5.3% to -10.5%.
overall_stock,stock,,USPH,US Physical Therapy,24,48,50,-2,-0.0352689704311,-0.0778210116732,-0.0425520412421,2026-08-17,2026-08-24,US Physical Therapy moved from rank #48 to #50 across the watchlist at 24 months; return -3.5% to -7.8%.
overall_stock,stock,,VEEV,Veeva Systems,3,11,9,2,0.534369885434,0.547730536305,0.013360650871,2026-08-17,2026-08-24,Veeva Systems moved from rank #11 to #9 across the watchlist at 3 months; return +53.4% to +54.8%.
overall_stock,stock,,VEEV,Veeva Systems,12,65,62,3,-0.131356687217,-0.147699924362,-0.016343237145,2026-08-17,2026-08-24,Veeva Systems moved from rank #65 to #62 across the watchlist at 12 months; return -13.1% to -14.8%.
overall_stock,stock,,VEEV,Veeva Systems,24,31,29,2,0.266233766234,0.244165621079,-0.022068145155,2026-08-17,2026-08-24,Veeva Systems moved from rank #31 to #29 across the watchlist at 24 months; return +26.6% to +24.4%.
overall_stock,stock,,VTR,"Ventas, Inc",3,58,57,1,0.0465408805031,0.0553413472443,0.0088004667412,2026-08-17,2026-08-24,"Ventas, Inc moved from rank #58 to #57 across the watchlist at 3 months; return +4.7% to +5.5%."
overall_stock,stock,,VTR,"Ventas, Inc",12,27,23,4,0.350450051645,0.372768844962,0.022318793317,2026-08-17,2026-08-24,"Ventas, Inc moved from rank #27 to #23 across the watchlist at 12 months; return +35.0% to +37.3%."
overall_stock,stock,,VTR,"Ventas, Inc",24,18,17,1,0.566586785347,0.561933534743,-0.004653250604,2026-08-17,2026-08-24,"Ventas, Inc moved from rank #18 to #17 across the watchlist at 24 months; return +56.7% to +56.2%."
overall_stock,stock,,WAY,Waystar,3,17,23,-6,0.382041271612,0.277976494635,-0.104064776977,2026-08-17,2026-08-24,Waystar moved from rank #17 to #23 across the watchlist at 3 months; return +38.2% to +27.8%.
overall_stock,stock,,WAY,Waystar,12,69,70,-1,-0.313192904656,-0.309878587196,0.00331431746,2026-08-17,2026-08-24,Waystar moved from rank #69 to #70 across the watchlist at 12 months; return -31.3% to -31.0%.
overall_stock,stock,,WAY,Waystar,24,49,47,2,-0.0384167636787,-0.0522925350512,-0.0138757713725,2026-08-17,2026-08-24,Waystar moved from rank #49 to #47 across the watchlist at 24 months; return -3.8% to -5.2%.
overall_stock,stock,,WELL,Welltower,3,49,47,2,0.10189950407,0.106629041958,0.004729537888,2026-08-17,2026-08-24,Welltower moved from rank #49 to #47 across the watchlist at 3 months; return +10.2% to +10.7%.
overall_stock,stock,,WELL,Welltower,12,23,20,3,0.445794966237,0.454844006568,0.009049040331,2026-08-17,2026-08-24,Welltower moved from rank #23 to #20 across the watchlist at 12 months; return +44.6% to +45.5%.
overall_stock,stock,,WELL,Welltower,24,9,10,-1,1.03174603175,1.00402111083,-0.02772492092,2026-08-17,2026-08-24,Welltower moved from rank #9 to #10 across the watchlist at 24 months; return +103.2% to +100.4%.
