change_type,entity_type,category,ticker,name,horizon_months,previous_rank,current_rank,rank_delta,previous_return,current_return,return_delta,previous_report_date,current_report_date,detail
category_performance,category,"Digital Health, Specialty, Benefits",,"Digital Health, Specialty, Benefits",12,9,9,0,0.0434385003728,0.0202381436459,-0.0232003567269,2026-08-31,2026-09-07,"Digital Health, Specialty, Benefits moved from rank #9 to #9 among subcategories at 12 months; return +4.3% to +2.0%."
category_performance,category,"Digital Health, Specialty, Benefits",,"Digital Health, Specialty, Benefits",24,5,5,0,0.422370213446,0.471223935201,0.0488537217549,2026-08-31,2026-09-07,"Digital Health, Specialty, Benefits moved from rank #5 to #5 among subcategories at 24 months; return +42.2% to +47.1%."
category_performance,category,"Digital Health, Specialty, Benefits",,"Digital Health, Specialty, Benefits",3,4,5,-1,0.131473489567,0.1176765585,-0.0137969310675,2026-08-31,2026-09-07,"Digital Health, Specialty, Benefits moved from rank #4 to #5 among subcategories at 3 months; return +13.1% to +11.8%."
category_performance,category,Health Care Real Estate,,Health Care Real Estate,12,5,6,-1,0.345454905936,0.334935901848,-0.0105190040875,2026-08-31,2026-09-07,Health Care Real Estate moved from rank #5 to #6 among subcategories at 12 months; return +34.5% to +33.5%.
category_performance,category,Health Care Real Estate,,Health Care Real Estate,24,3,4,-1,0.722360529922,0.665775471775,-0.0565850581471,2026-08-31,2026-09-07,Health Care Real Estate moved from rank #3 to #4 among subcategories at 24 months; return +72.2% to +66.6%.
category_performance,category,Health Care Real Estate,,Health Care Real Estate,3,6,6,0,0.116838716937,0.113046736037,-0.00379198089966,2026-08-31,2026-09-07,Health Care Real Estate moved from rank #6 to #6 among subcategories at 3 months; return +11.7% to +11.3%.
category_performance,category,Health IT and Data,,Health IT and Data,12,10,10,0,-0.23309424853,-0.217894953631,0.0151992948992,2026-08-31,2026-09-07,Health IT and Data moved from rank #10 to #10 among subcategories at 12 months; return -23.3% to -21.8%.
category_performance,category,Health IT and Data,,Health IT and Data,24,8,7,1,0.0850840506466,0.12972246573,0.0446384150837,2026-08-31,2026-09-07,Health IT and Data moved from rank #8 to #7 among subcategories at 24 months; return +8.5% to +13.0%.
category_performance,category,Health IT and Data,,Health IT and Data,3,10,10,0,-0.176064224906,-0.11689259699,0.0591716279157,2026-08-31,2026-09-07,Health IT and Data moved from rank #10 to #10 among subcategories at 3 months; return -17.6% to -11.7%.
category_performance,category,Health System Providers,,Health System Providers,12,8,8,0,0.0953627625204,0.0214420467447,-0.0739207157757,2026-08-31,2026-09-07,Health System Providers moved from rank #8 to #8 among subcategories at 12 months; return +9.5% to +2.1%.
category_performance,category,Health System Providers,,Health System Providers,24,6,8,-2,0.114021133947,0.127150492279,0.0131293583324,2026-08-31,2026-09-07,Health System Providers moved from rank #6 to #8 among subcategories at 24 months; return +11.4% to +12.7%.
category_performance,category,Health System Providers,,Health System Providers,3,3,2,1,0.182364407069,0.190887760315,0.00852335324601,2026-08-31,2026-09-07,Health System Providers moved from rank #3 to #2 among subcategories at 3 months; return +18.2% to +19.1%.
category_performance,category,Inpatient Non-Acute Providers,,Inpatient Non-Acute Providers,12,2,2,0,0.640059024401,0.649281766077,0.0092227416765,2026-08-31,2026-09-07,Inpatient Non-Acute Providers moved from rank #2 to #2 among subcategories at 12 months; return +64.0% to +64.9%.
category_performance,category,Inpatient Non-Acute Providers,,Inpatient Non-Acute Providers,24,7,6,1,0.11270732015,0.141633731763,0.0289264116134,2026-08-31,2026-09-07,Inpatient Non-Acute Providers moved from rank #7 to #6 among subcategories at 24 months; return +11.3% to +14.2%.
category_performance,category,Inpatient Non-Acute Providers,,Inpatient Non-Acute Providers,3,5,7,-2,0.118933532941,0.108288464679,-0.0106450682618,2026-08-31,2026-09-07,Inpatient Non-Acute Providers moved from rank #5 to #7 among subcategories at 3 months; return +11.9% to +10.8%.
category_performance,category,Outpatient and Home Providers,,Outpatient and Home Providers,12,4,4,0,0.442084602732,0.461714683925,0.0196300811929,2026-08-31,2026-09-07,Outpatient and Home Providers moved from rank #4 to #4 among subcategories at 12 months; return +44.2% to +46.2%.
category_performance,category,Outpatient and Home Providers,,Outpatient and Home Providers,24,2,2,0,0.853566590902,0.855177525387,0.00161093448462,2026-08-31,2026-09-07,Outpatient and Home Providers moved from rank #2 to #2 among subcategories at 24 months; return +85.4% to +85.5%.
category_performance,category,Outpatient and Home Providers,,Outpatient and Home Providers,3,7,4,3,0.101737079742,0.132129788532,0.03039270879,2026-08-31,2026-09-07,Outpatient and Home Providers moved from rank #7 to #4 among subcategories at 3 months; return +10.2% to +13.2%.
category_performance,category,Payers,,Payers,12,7,7,0,0.275369007692,0.287872494311,0.0125034866188,2026-08-31,2026-09-07,Payers moved from rank #7 to #7 among subcategories at 12 months; return +27.5% to +28.8%.
category_performance,category,Payers,,Payers,24,9,10,-1,-0.103925913373,-0.0778717698835,0.0260541434895,2026-08-31,2026-09-07,Payers moved from rank #9 to #10 among subcategories at 24 months; return -10.4% to -7.8%.
category_performance,category,Payers,,Payers,3,8,8,0,0.0458930789299,0.0100060560251,-0.0358870229048,2026-08-31,2026-09-07,Payers moved from rank #8 to #8 among subcategories at 3 months; return +4.6% to +1.0%.
category_performance,category,Pharma Distribution,,Pharma Distribution,12,6,5,1,0.312598270857,0.347859009206,0.0352607383494,2026-08-31,2026-09-07,Pharma Distribution moved from rank #6 to #5 among subcategories at 12 months; return +31.3% to +34.8%.
category_performance,category,Pharma Distribution,,Pharma Distribution,24,4,3,1,0.626797445461,0.769174537523,0.142377092062,2026-08-31,2026-09-07,Pharma Distribution moved from rank #4 to #3 among subcategories at 24 months; return +62.7% to +76.9%.
category_performance,category,Pharma Distribution,,Pharma Distribution,3,2,3,-1,0.194250746802,0.184355422293,-0.00989532450866,2026-08-31,2026-09-07,Pharma Distribution moved from rank #2 to #3 among subcategories at 3 months; return +19.4% to +18.4%.
category_performance,category,Precision Diagnostics,,Precision Diagnostics,12,1,1,0,0.844969415247,0.886932889499,0.0419634742519,2026-08-31,2026-09-07,Precision Diagnostics moved from rank #1 to #1 among subcategories at 12 months; return +84.5% to +88.7%.
category_performance,category,Precision Diagnostics,,Precision Diagnostics,24,1,1,0,1.4698153239,1.61342739706,0.143612073163,2026-08-31,2026-09-07,Precision Diagnostics moved from rank #1 to #1 among subcategories at 24 months; return +147.0% to +161.3%.
category_performance,category,Precision Diagnostics,,Precision Diagnostics,3,1,1,0,0.34472234787,0.352129144087,0.00740679621661,2026-08-31,2026-09-07,Precision Diagnostics moved from rank #1 to #1 among subcategories at 3 months; return +34.5% to +35.2%.
category_performance,category,Value-Based Care,,Value-Based Care,12,3,3,0,0.525624182714,0.561038371076,0.0354141883621,2026-08-31,2026-09-07,Value-Based Care moved from rank #3 to #3 among subcategories at 12 months; return +52.6% to +56.1%.
category_performance,category,Value-Based Care,,Value-Based Care,24,10,9,1,-0.10792650882,-0.0524546083268,0.0554719004932,2026-08-31,2026-09-07,Value-Based Care moved from rank #10 to #9 among subcategories at 24 months; return -10.8% to -5.2%.
category_performance,category,Value-Based Care,,Value-Based Care,3,9,9,0,-0.00400188461683,-0.040045849396,-0.0360439647792,2026-08-31,2026-09-07,Value-Based Care moved from rank #9 to #9 among subcategories at 3 months; return -0.4% to -4.0%.
within_category,stock,"Digital Health, Specialty, Benefits",AMWL,Amwell,12,2,2,0,0.728985507246,0.861031518625,0.132046011379,2026-08-31,2026-09-07,"Amwell moved from rank #2 to #2 within Digital Health, Specialty, Benefits at 12 months; return +72.9% to +86.1%."
within_category,stock,"Digital Health, Specialty, Benefits",AMWL,Amwell,24,3,3,0,0.43734939759,0.638083228247,0.200733830657,2026-08-31,2026-09-07,"Amwell moved from rank #3 to #3 within Digital Health, Specialty, Benefits at 24 months; return +43.7% to +63.8%."
within_category,stock,"Digital Health, Specialty, Benefits",AMWL,Amwell,3,3,1,2,0.213631739573,0.506960556845,0.293328817272,2026-08-31,2026-09-07,"Amwell moved from rank #3 to #1 within Digital Health, Specialty, Benefits at 3 months; return +21.4% to +50.7%."
within_category,stock,"Digital Health, Specialty, Benefits",CON,Concentra Group,12,3,3,0,0.439495798319,0.492854049372,0.053358251053,2026-08-31,2026-09-07,"Concentra Group moved from rank #3 to #3 within Digital Health, Specialty, Benefits at 12 months; return +43.9% to +49.3%."
within_category,stock,"Digital Health, Specialty, Benefits",CON,Concentra Group,24,4,4,0,0.401226993865,0.420271940667,0.0190449468025,2026-08-31,2026-09-07,"Concentra Group moved from rank #4 to #4 within Digital Health, Specialty, Benefits at 24 months; return +40.1% to +42.0%."
within_category,stock,"Digital Health, Specialty, Benefits",CON,Concentra Group,3,1,2,-1,0.377563329312,0.361374407583,-0.0161889217291,2026-08-31,2026-09-07,"Concentra Group moved from rank #1 to #2 within Digital Health, Specialty, Benefits at 3 months; return +37.8% to +36.1%."
within_category,stock,"Digital Health, Specialty, Benefits",GDRX,GoodRx,12,8,7,1,-0.188505747126,-0.13,0.058505747126,2026-08-31,2026-09-07,"GoodRx moved from rank #8 to #7 within Digital Health, Specialty, Benefits at 12 months; return -18.9% to -13.0%."
within_category,stock,"Digital Health, Specialty, Benefits",GDRX,GoodRx,24,9,9,0,-0.553164556962,-0.548638132296,0.00452642466628,2026-08-31,2026-09-07,"GoodRx moved from rank #9 to #9 within Digital Health, Specialty, Benefits at 24 months; return -55.3% to -54.9%."
within_category,stock,"Digital Health, Specialty, Benefits",GDRX,GoodRx,3,4,3,1,0.208904109589,0.31320754717,0.104303437581,2026-08-31,2026-09-07,"GoodRx moved from rank #4 to #3 within Digital Health, Specialty, Benefits at 3 months; return +20.9% to +31.3%."
within_category,stock,"Digital Health, Specialty, Benefits",HIMS,Hims & Hers,12,9,9,0,-0.319008264463,-0.427597603801,-0.108589339338,2026-08-31,2026-09-07,"Hims & Hers moved from rank #9 to #9 within Digital Health, Specialty, Benefits at 12 months; return -31.9% to -42.8%."
within_category,stock,"Digital Health, Specialty, Benefits",HIMS,Hims & Hers,24,2,2,0,0.957909029192,1.03003663004,0.0721276008446,2026-08-31,2026-09-07,"Hims & Hers moved from rank #2 to #2 within Digital Health, Specialty, Benefits at 24 months; return +95.8% to +103.0%."
within_category,stock,"Digital Health, Specialty, Benefits",HIMS,Hims & Hers,3,5,6,-1,0.102868068834,0.0580374188622,-0.0448306499718,2026-08-31,2026-09-07,"Hims & Hers moved from rank #5 to #6 within Digital Health, Specialty, Benefits at 3 months; return +10.3% to +5.8%."
within_category,stock,"Digital Health, Specialty, Benefits",HQY,HealthEquity,12,5,5,0,0.0788089107803,0.0501749016178,-0.0286340091625,2026-08-31,2026-09-07,"HealthEquity moved from rank #5 to #5 within Digital Health, Specialty, Benefits at 12 months; return +7.9% to +5.0%."
within_category,stock,"Digital Health, Specialty, Benefits",HQY,HealthEquity,24,5,5,0,0.211287078934,0.260099685205,0.0488126062706,2026-08-31,2026-09-07,"HealthEquity moved from rank #5 to #5 within Digital Health, Specialty, Benefits at 24 months; return +21.1% to +26.0%."
within_category,stock,"Digital Health, Specialty, Benefits",HQY,HealthEquity,3,6,5,1,0.0952380952381,0.0834555091914,-0.0117825860467,2026-08-31,2026-09-07,"HealthEquity moved from rank #6 to #5 within Digital Health, Specialty, Benefits at 3 months; return +9.5% to +8.3%."
within_category,stock,"Digital Health, Specialty, Benefits",LFMD,LifeMD,12,10,10,0,-0.492730210016,-0.491749174917,0.000981035098508,2026-08-31,2026-09-07,"LifeMD moved from rank #10 to #10 within Digital Health, Specialty, Benefits at 12 months; return -49.3% to -49.2%."
within_category,stock,"Digital Health, Specialty, Benefits",LFMD,LifeMD,24,8,8,0,-0.397312859885,-0.356993736952,0.040319122933,2026-08-31,2026-09-07,"LifeMD moved from rank #8 to #8 within Digital Health, Specialty, Benefits at 24 months; return -39.7% to -35.7%."
within_category,stock,"Digital Health, Specialty, Benefits",LFMD,LifeMD,3,10,10,0,-0.266355140187,-0.370143149284,-0.103788009097,2026-08-31,2026-09-07,"LifeMD moved from rank #10 to #10 within Digital Health, Specialty, Benefits at 3 months; return -26.6% to -37.0%."
within_category,stock,"Digital Health, Specialty, Benefits",OMDA,Omada Health,12,6,6,0,0,-0.0621911037891,-0.0621911037891,2026-08-31,2026-09-07,"Omada Health moved from rank #6 to #6 within Digital Health, Specialty, Benefits at 12 months; return +0.0% to -6.2%."
within_category,stock,"Digital Health, Specialty, Benefits",OMDA,Omada Health,24,,,,,,,2026-08-31,2026-09-07,"Omada Health moved from rank unavailable within Digital Health, Specialty, Benefits at 24 months; return unavailable."
within_category,stock,"Digital Health, Specialty, Benefits",OMDA,Omada Health,3,2,4,-2,0.318308291597,0.269938650307,-0.0483696412903,2026-08-31,2026-09-07,"Omada Health moved from rank #2 to #4 within Digital Health, Specialty, Benefits at 3 months; return +31.8% to +27.0%."
within_category,stock,"Digital Health, Specialty, Benefits",PGNY,Progyny,12,4,4,0,0.0984368398817,0.150332594235,0.0518957543533,2026-08-31,2026-09-07,"Progyny moved from rank #4 to #4 within Digital Health, Specialty, Benefits at 12 months; return +9.8% to +15.0%."
within_category,stock,"Digital Health, Specialty, Benefits",PGNY,Progyny,24,6,6,0,0.106853980417,0.11858559724,0.0117316168232,2026-08-31,2026-09-07,"Progyny moved from rank #6 to #6 within Digital Health, Specialty, Benefits at 24 months; return +10.7% to +11.9%."
within_category,stock,"Digital Health, Specialty, Benefits",PGNY,Progyny,3,7,8,-1,0.0172143974961,0.0030935808198,-0.0141208166763,2026-08-31,2026-09-07,"Progyny moved from rank #7 to #8 within Digital Health, Specialty, Benefits at 3 months; return +1.7% to +0.3%."
within_category,stock,"Digital Health, Specialty, Benefits",TALK,Talkspace,12,1,1,0,0.973684210526,1.01149425287,0.0378100423476,2026-08-31,2026-09-07,"Talkspace moved from rank #1 to #1 within Digital Health, Specialty, Benefits at 12 months; return +97.4% to +101.1%."
within_category,stock,"Digital Health, Specialty, Benefits",TALK,Talkspace,24,1,1,0,1.625,1.93296089385,0.307960893855,2026-08-31,2026-09-07,"Talkspace moved from rank #1 to #1 within Digital Health, Specialty, Benefits at 24 months; return +162.5% to +193.3%."
within_category,stock,"Digital Health, Specialty, Benefits",TALK,Talkspace,3,8,7,1,0.00961538461538,0.00574712643678,-0.0038682581786,2026-08-31,2026-09-07,"Talkspace moved from rank #8 to #7 within Digital Health, Specialty, Benefits at 3 months; return +1.0% to +0.6%."
within_category,stock,"Digital Health, Specialty, Benefits",TDOC,Teladoc,12,7,8,-1,-0.159120310479,-0.196930946292,-0.0378106358126,2026-08-31,2026-09-07,"Teladoc moved from rank #7 to #8 within Digital Health, Specialty, Benefits at 12 months; return -15.9% to -19.7%."
within_category,stock,"Digital Health, Specialty, Benefits",TDOC,Teladoc,24,7,7,0,-0.0934449093445,-0.163781624501,-0.0703367151562,2026-08-31,2026-09-07,"Teladoc moved from rank #7 to #7 within Digital Health, Specialty, Benefits at 24 months; return -9.3% to -16.4%."
within_category,stock,"Digital Health, Specialty, Benefits",TDOC,Teladoc,3,9,9,0,-0.145860709593,-0.109219858156,0.036640851437,2026-08-31,2026-09-07,"Teladoc moved from rank #9 to #9 within Digital Health, Specialty, Benefits at 3 months; return -14.6% to -10.9%."
within_category,stock,Health Care Real Estate,CTRE,CareTrust REIT,12,4,3,1,0.134263295554,0.149381261049,0.0151179654949,2026-08-31,2026-09-07,CareTrust REIT moved from rank #4 to #3 within Health Care Real Estate at 12 months; return +13.4% to +14.9%.
within_category,stock,Health Care Real Estate,CTRE,CareTrust REIT,24,3,3,0,0.306224899598,0.309939556749,0.0037146571515,2026-08-31,2026-09-07,CareTrust REIT moved from rank #3 to #3 within Health Care Real Estate at 24 months; return +30.6% to +31.0%.
within_category,stock,Health Care Real Estate,CTRE,CareTrust REIT,3,7,6,1,-0.0438510534052,0.0273900447722,0.0712410981774,2026-08-31,2026-09-07,CareTrust REIT moved from rank #7 to #6 within Health Care Real Estate at 3 months; return -4.4% to +2.7%.
within_category,stock,Health Care Real Estate,DOC,Healthpeak properties,12,3,4,-1,0.168338907469,0.122892876563,-0.0454460309057,2026-08-31,2026-09-07,Healthpeak properties moved from rank #3 to #4 within Health Care Real Estate at 12 months; return +16.8% to +12.3%.
within_category,stock,Health Care Real Estate,DOC,Healthpeak properties,24,6,6,0,-0.0592459605027,-0.0609367894497,-0.00169082894705,2026-08-31,2026-09-07,Healthpeak properties moved from rank #6 to #6 within Health Care Real Estate at 24 months; return -5.9% to -6.1%.
within_category,stock,Health Care Real Estate,DOC,Healthpeak properties,3,2,4,-2,0.0945169712794,0.0434562910561,-0.0510606802233,2026-08-31,2026-09-07,Healthpeak properties moved from rank #2 to #4 within Health Care Real Estate at 3 months; return +9.5% to +4.3%.
within_category,stock,Health Care Real Estate,MPT,Medical Properties Trust,12,,,,,,,2026-08-31,2026-09-07,Medical Properties Trust moved from rank unavailable within Health Care Real Estate at 12 months; return unavailable.
within_category,stock,Health Care Real Estate,MPT,Medical Properties Trust,24,,,,,,,2026-08-31,2026-09-07,Medical Properties Trust moved from rank unavailable within Health Care Real Estate at 24 months; return unavailable.
within_category,stock,Health Care Real Estate,MPT,Medical Properties Trust,3,8,8,0,-0.199608610568,-0.194779116466,0.00482949410214,2026-08-31,2026-09-07,Medical Properties Trust moved from rank #8 to #8 within Health Care Real Estate at 3 months; return -20.0% to -19.5%.
within_category,stock,Health Care Real Estate,NHI,National Health Investors,12,7,7,0,-0.0799591263252,-0.0959183673469,-0.0159592410217,2026-08-31,2026-09-07,National Health Investors moved from rank #7 to #7 within Health Care Real Estate at 12 months; return -8.0% to -9.6%.
within_category,stock,Health Care Real Estate,NHI,National Health Investors,24,7,7,0,-0.115436571288,-0.13886526546,-0.0234286941718,2026-08-31,2026-09-07,National Health Investors moved from rank #7 to #7 within Health Care Real Estate at 24 months; return -11.5% to -13.9%.
within_category,stock,Health Care Real Estate,NHI,National Health Investors,3,6,7,-1,-0.0171919770774,0.00638932273179,0.0235812998092,2026-08-31,2026-09-07,National Health Investors moved from rank #6 to #7 within Health Care Real Estate at 3 months; return -1.7% to +0.6%.
within_category,stock,Health Care Real Estate,OHI,Omega Healthcare Investors,12,5,6,-1,0.0803382663848,0.0751043115438,-0.00523395484099,2026-08-31,2026-09-07,Omega Healthcare Investors moved from rank #5 to #6 within Health Care Real Estate at 12 months; return +8.0% to +7.5%.
within_category,stock,Health Care Real Estate,OHI,Omega Healthcare Investors,24,5,5,0,0.163125948407,0.170030272452,0.00690432404507,2026-08-31,2026-09-07,Omega Healthcare Investors moved from rank #5 to #5 within Health Care Real Estate at 24 months; return +16.3% to +17.0%.
within_category,stock,Health Care Real Estate,OHI,Omega Healthcare Investors,3,5,5,0,-0.0164670658683,0.0429503035754,0.0594173694437,2026-08-31,2026-09-07,Omega Healthcare Investors moved from rank #5 to #5 within Health Care Real Estate at 3 months; return -1.6% to +4.3%.
within_category,stock,Health Care Real Estate,SBRA,Sabra Health Care REIT,12,6,5,1,0.0784929356358,0.0919600630583,0.0134671274225,2026-08-31,2026-09-07,Sabra Health Care REIT moved from rank #6 to #5 within Health Care Real Estate at 12 months; return +7.8% to +9.2%.
within_category,stock,Health Care Real Estate,SBRA,Sabra Health Care REIT,24,4,4,0,0.209507042254,0.204637681159,-0.00486936109458,2026-08-31,2026-09-07,Sabra Health Care REIT moved from rank #4 to #4 within Health Care Real Estate at 24 months; return +21.0% to +20.5%.
within_category,stock,Health Care Real Estate,SBRA,Sabra Health Care REIT,3,4,2,2,0.0361990950226,0.125677139762,0.089478044739,2026-08-31,2026-09-07,Sabra Health Care REIT moved from rank #4 to #2 within Health Care Real Estate at 3 months; return +3.6% to +12.6%.
within_category,stock,Health Care Real Estate,VTR,"Ventas, Inc",12,2,2,0,0.348560517039,0.329259313798,-0.0193012032413,2026-08-31,2026-09-07,"Ventas, Inc moved from rank #2 to #2 within Health Care Real Estate at 12 months; return +34.9% to +32.9%."
within_category,stock,Health Care Real Estate,VTR,"Ventas, Inc",24,2,2,0,0.478183867332,0.436048361438,-0.0421355058939,2026-08-31,2026-09-07,"Ventas, Inc moved from rank #2 to #2 within Health Care Real Estate at 24 months; return +47.8% to +43.6%."
within_category,stock,Health Care Real Estate,VTR,"Ventas, Inc",3,3,3,0,0.0875384979863,0.100585223116,0.01304672513,2026-08-31,2026-09-07,"Ventas, Inc moved from rank #3 to #3 within Health Care Real Estate at 3 months; return +8.8% to +10.1%."
within_category,stock,Health Care Real Estate,WELL,Welltower,12,1,1,0,0.414725457571,0.40728161125,-0.00744384632085,2026-08-31,2026-09-07,Welltower moved from rank #1 to #1 within Health Care Real Estate at 12 months; return +41.5% to +40.7%.
within_category,stock,Health Care Real Estate,WELL,Welltower,24,1,1,0,0.972737819026,0.895425361156,-0.0773124578703,2026-08-31,2026-09-07,Welltower moved from rank #1 to #1 within Health Care Real Estate at 24 months; return +97.3% to +89.5%.
within_category,stock,Health Care Real Estate,WELL,Welltower,3,1,1,0,0.159450640432,0.141303822549,-0.0181468178833,2026-08-31,2026-09-07,Welltower moved from rank #1 to #1 within Health Care Real Estate at 3 months; return +15.9% to +14.1%.
within_category,stock,Health IT and Data,CCSI,Consensus Cloud Solutions,12,1,2,-1,0.430184418517,0.318910854159,-0.111273564358,2026-08-31,2026-09-07,Consensus Cloud Solutions moved from rank #1 to #2 within Health IT and Data at 12 months; return +43.0% to +31.9%.
within_category,stock,Health IT and Data,CCSI,Consensus Cloud Solutions,24,1,1,0,0.577418015774,0.557709251101,-0.0197087646727,2026-08-31,2026-09-07,Consensus Cloud Solutions moved from rank #1 to #1 within Health IT and Data at 24 months; return +57.7% to +55.8%.
within_category,stock,Health IT and Data,CCSI,Consensus Cloud Solutions,3,8,8,0,0.106259097525,0.0555223880597,-0.0507367094653,2026-08-31,2026-09-07,Consensus Cloud Solutions moved from rank #8 to #8 within Health IT and Data at 3 months; return +10.6% to +5.6%.
within_category,stock,Health IT and Data,DH,Definitive Healthcare,12,12,12,0,-0.800893300248,-0.7375,0.063393300248,2026-08-31,2026-09-07,Definitive Healthcare moved from rank #12 to #12 within Health IT and Data at 12 months; return -80.1% to -73.8%.
within_category,stock,Health IT and Data,DH,Definitive Healthcare,24,12,11,1,-0.828912579957,-0.755813953488,0.0730986264686,2026-08-31,2026-09-07,Definitive Healthcare moved from rank #12 to #11 within Health IT and Data at 24 months; return -82.9% to -75.6%.
within_category,stock,Health IT and Data,DH,Definitive Healthcare,3,10,5,5,-0.13794585303,0.170568561873,0.308514414903,2026-08-31,2026-09-07,Definitive Healthcare moved from rank #10 to #5 within Health IT and Data at 3 months; return -13.8% to +17.1%.
within_category,stock,Health IT and Data,DOCS,Doximity,12,10,11,-1,-0.606564615838,-0.619988462648,-0.0134238468098,2026-08-31,2026-09-07,Doximity moved from rank #10 to #11 within Health IT and Data at 12 months; return -60.7% to -62.0%.
within_category,stock,Health IT and Data,DOCS,Doximity,24,8,8,0,-0.273246329527,-0.274903687397,-0.00165735786981,2026-08-31,2026-09-07,Doximity moved from rank #8 to #8 within Health IT and Data at 24 months; return -27.3% to -27.5%.
within_category,stock,Health IT and Data,DOCS,Doximity,3,4,3,1,0.249065420561,0.279747450219,0.0306820296576,2026-08-31,2026-09-07,Doximity moved from rank #4 to #3 within Health IT and Data at 3 months; return +24.9% to +28.0%.
within_category,stock,Health IT and Data,HCAT,Health Catalyst,12,9,9,0,-0.530973451327,-0.5,0.030973451327,2026-08-31,2026-09-07,Health Catalyst moved from rank #9 to #9 within Health IT and Data at 12 months; return -53.1% to -50.0%.
within_category,stock,Health IT and Data,HCAT,Health Catalyst,24,11,12,-1,-0.778859527121,-0.76817558299,0.0106839441306,2026-08-31,2026-09-07,Health Catalyst moved from rank #11 to #12 within Health IT and Data at 24 months; return -77.9% to -76.8%.
within_category,stock,Health IT and Data,HCAT,Health Catalyst,3,7,10,-3,0.152173913043,-0.124352331606,-0.276526244649,2026-08-31,2026-09-07,Health Catalyst moved from rank #7 to #10 within Health IT and Data at 3 months; return +15.2% to -12.4%.
within_category,stock,Health IT and Data,IQV,Iqvia,12,2,1,1,0.371783449505,0.426736999147,0.0549535496425,2026-08-31,2026-09-07,Iqvia moved from rank #2 to #1 within Health IT and Data at 12 months; return +37.2% to +42.7%.
within_category,stock,Health IT and Data,IQV,Iqvia,24,5,5,0,0.0405485986881,0.101616818201,0.0610682195124,2026-08-31,2026-09-07,Iqvia moved from rank #5 to #5 within Health IT and Data at 24 months; return +4.1% to +10.2%.
within_category,stock,Health IT and Data,IQV,Iqvia,3,2,2,0,0.436529279403,0.459634777869,0.0231054984656,2026-08-31,2026-09-07,Iqvia moved from rank #2 to #2 within Health IT and Data at 3 months; return +43.7% to +46.0%.
within_category,stock,Health IT and Data,MDRX,Veradigm,12,6,6,0,-0.0204081632653,-0.0123456790123,0.00806248425295,2026-08-31,2026-09-07,Veradigm moved from rank #6 to #6 within Health IT and Data at 12 months; return -2.0% to -1.2%.
within_category,stock,Health IT and Data,MDRX,Veradigm,24,9,9,0,-0.517587939698,-0.505154639175,0.0124333005227,2026-08-31,2026-09-07,Veradigm moved from rank #9 to #9 within Health IT and Data at 24 months; return -51.8% to -50.5%.
within_category,stock,Health IT and Data,MDRX,Veradigm,3,9,9,0,-0.04,-0.04,-3.46944695195e-17,2026-08-31,2026-09-07,Veradigm moved from rank #9 to #9 within Health IT and Data at 3 months; return -4.0% to -4.0%.
within_category,stock,Health IT and Data,OMCL,Omnicell,12,5,4,1,0.0150352868978,0.0703830582373,0.0553477713395,2026-08-31,2026-09-07,Omnicell moved from rank #5 to #4 within Health IT and Data at 12 months; return +1.5% to +7.0%.
within_category,stock,Health IT and Data,OMCL,Omnicell,24,7,7,0,-0.256294964029,-0.241112828439,0.0151821355901,2026-08-31,2026-09-07,Omnicell moved from rank #7 to #7 within Health IT and Data at 24 months; return -25.6% to -24.1%.
within_category,stock,Health IT and Data,OMCL,Omnicell,3,11,11,0,-0.250566379701,-0.200697674419,0.0498687052824,2026-08-31,2026-09-07,Omnicell moved from rank #11 to #11 within Health IT and Data at 3 months; return -25.1% to -20.1%.
within_category,stock,Health IT and Data,ORCL,Oracle-Cerner,12,8,7,1,-0.332905850617,-0.31795532646,0.0149505241565,2026-08-31,2026-09-07,Oracle-Cerner moved from rank #8 to #7 within Health IT and Data at 12 months; return -33.3% to -31.8%.
within_category,stock,Health IT and Data,ORCL,Oracle-Cerner,24,4,4,0,0.0676622549367,0.119667160285,0.0520049053482,2026-08-31,2026-09-07,Oracle-Cerner moved from rank #4 to #4 within Health IT and Data at 24 months; return +6.8% to +12.0%.
within_category,stock,Health IT and Data,ORCL,Oracle-Cerner,3,12,12,0,-0.331871733546,-0.256926244852,0.0749454886939,2026-08-31,2026-09-07,Oracle-Cerner moved from rank #12 to #12 within Health IT and Data at 3 months; return -33.2% to -25.7%.
within_category,stock,Health IT and Data,PHR,Phreesia,12,11,10,1,-0.616234996841,-0.611091361536,0.00514363530527,2026-08-31,2026-09-07,Phreesia moved from rank #11 to #10 within Health IT and Data at 12 months; return -61.6% to -61.1%.
within_category,stock,Health IT and Data,PHR,Phreesia,24,10,10,0,-0.527421236873,-0.535456475584,-0.00803523871086,2026-08-31,2026-09-07,Phreesia moved from rank #10 to #10 within Health IT and Data at 24 months; return -52.7% to -53.5%.
within_category,stock,Health IT and Data,PHR,Phreesia,3,5,6,-1,0.232251521298,0.146750524109,-0.085500997189,2026-08-31,2026-09-07,Phreesia moved from rank #5 to #6 within Health IT and Data at 3 months; return +23.2% to +14.7%.
within_category,stock,Health IT and Data,SOLV,Solventum,12,3,3,0,0.246682172664,0.260863586359,0.0141814136946,2026-08-31,2026-09-07,Solventum moved from rank #3 to #3 within Health IT and Data at 12 months; return +24.7% to +26.1%.
within_category,stock,Health IT and Data,SOLV,Solventum,24,2,2,0,0.421307128373,0.385045317221,-0.0362618111525,2026-08-31,2026-09-07,Solventum moved from rank #2 to #2 within Health IT and Data at 24 months; return +42.1% to +38.5%.
within_category,stock,Health IT and Data,SOLV,Solventum,3,6,7,-1,0.215743829219,0.131835575855,-0.0839082533642,2026-08-31,2026-09-07,Solventum moved from rank #6 to #7 within Health IT and Data at 3 months; return +21.6% to +13.2%.
within_category,stock,Health IT and Data,VEEV,Veeva Systems,12,4,5,-1,0.027823179792,0.0079141171729,-0.0199090626191,2026-08-31,2026-09-07,Veeva Systems moved from rank #4 to #5 within Health IT and Data at 12 months; return +2.8% to +0.8%.
within_category,stock,Health IT and Data,VEEV,Veeva Systems,24,3,3,0,0.278368138976,0.27421371995,-0.00415441902603,2026-08-31,2026-09-07,Veeva Systems moved from rank #3 to #3 within Health IT and Data at 24 months; return +27.8% to +27.4%.
within_category,stock,Health IT and Data,VEEV,Veeva Systems,3,1,1,0,0.587071240106,0.593708359886,0.00663711978045,2026-08-31,2026-09-07,Veeva Systems moved from rank #1 to #1 within Health IT and Data at 3 months; return +58.7% to +59.4%.
within_category,stock,Health IT and Data,WAY,Waystar,12,7,8,-1,-0.307286166843,-0.327341024953,-0.02005485811,2026-08-31,2026-09-07,Waystar moved from rank #7 to #8 within Health IT and Data at 12 months; return -30.7% to -32.7%.
within_category,stock,Health IT and Data,WAY,Waystar,24,6,6,0,-0.0360029390154,-0.0830285296269,-0.0470255906115,2026-08-31,2026-09-07,Waystar moved from rank #6 to #6 within Health IT and Data at 24 months; return -3.6% to -8.3%.
within_category,stock,Health IT and Data,WAY,Waystar,3,3,4,-1,0.317930688096,0.2535,-0.064430688096,2026-08-31,2026-09-07,Waystar moved from rank #3 to #4 within Health IT and Data at 3 months; return +31.8% to +25.4%.
within_category,stock,Health System Providers,ARDT,Ardent Health Partners,12,5,5,0,-0.136327817179,-0.170972644377,-0.0346448271979,2026-08-31,2026-09-07,Ardent Health Partners moved from rank #5 to #5 within Health System Providers at 12 months; return -13.6% to -17.1%.
within_category,stock,Health System Providers,ARDT,Ardent Health Partners,24,4,4,0,-0.447302067574,-0.43147472642,0.015827341154,2026-08-31,2026-09-07,Ardent Health Partners moved from rank #4 to #4 within Health System Providers at 24 months; return -44.7% to -43.1%.
within_category,stock,Health System Providers,ARDT,Ardent Health Partners,3,2,2,0,0.187432286024,0.256912442396,0.0694801563723,2026-08-31,2026-09-07,Ardent Health Partners moved from rank #2 to #2 within Health System Providers at 3 months; return +18.7% to +25.7%.
within_category,stock,Health System Providers,CYH,Community Health Systems,12,2,2,0,0.0615942028986,-0.0102739726027,-0.0718681755013,2026-08-31,2026-09-07,Community Health Systems moved from rank #2 to #2 within Health System Providers at 12 months; return +6.2% to -1.0%.
within_category,stock,Health System Providers,CYH,Community Health Systems,24,5,5,0,-0.462385321101,-0.49298245614,-0.0305971350394,2026-08-31,2026-09-07,Community Health Systems moved from rank #5 to #5 within Health System Providers at 24 months; return -46.2% to -49.3%.
within_category,stock,Health System Providers,CYH,Community Health Systems,3,5,5,0,0.0772058823529,0.0547445255474,-0.0224613568055,2026-08-31,2026-09-07,Community Health Systems moved from rank #5 to #5 within Health System Providers at 3 months; return +7.7% to +5.5%.
within_category,stock,Health System Providers,HCA,HCA Healthcare,12,3,3,0,0.0343103277552,-0.0374789077168,-0.071789235472,2026-08-31,2026-09-07,HCA Healthcare moved from rank #3 to #3 within Health System Providers at 12 months; return +3.4% to -3.7%.
within_category,stock,Health System Providers,HCA,HCA Healthcare,24,2,2,0,0.056194544857,0.043868240631,-0.012326304226,2026-08-31,2026-09-07,HCA Healthcare moved from rank #2 to #2 within Health System Providers at 24 months; return +5.6% to +4.4%.
within_category,stock,Health System Providers,HCA,HCA Healthcare,3,4,4,0,0.103767105194,0.0883293472711,-0.0154377579229,2026-08-31,2026-09-07,HCA Healthcare moved from rank #4 to #4 within Health System Providers at 3 months; return +10.4% to +8.8%.
within_category,stock,Health System Providers,THC,Tenet Health,12,1,1,0,0.44740411219,0.351055153431,-0.0963489587595,2026-08-31,2026-09-07,Tenet Health moved from rank #1 to #1 within Health System Providers at 12 months; return +44.7% to +35.1%.
within_category,stock,Health System Providers,THC,Tenet Health,24,1,1,0,0.608779546551,0.727835723598,0.119056177047,2026-08-31,2026-09-07,Tenet Health moved from rank #1 to #1 within Health System Providers at 24 months; return +60.9% to +72.8%.
within_category,stock,Health System Providers,THC,Tenet Health,3,1,1,0,0.521788729181,0.635505368382,0.113716639201,2026-08-31,2026-09-07,Tenet Health moved from rank #1 to #1 within Health System Providers at 3 months; return +52.2% to +63.6%.
within_category,stock,Health System Providers,UHS,Universal Health Services,12,4,4,0,-0.0546315673532,-0.107668840732,-0.053037273379,2026-08-31,2026-09-07,Universal Health Services moved from rank #4 to #4 within Health System Providers at 12 months; return -5.5% to -10.8%.
within_category,stock,Health System Providers,UHS,Universal Health Services,24,3,3,0,-0.278648569147,-0.259655247654,0.0189933214926,2026-08-31,2026-09-07,Universal Health Services moved from rank #3 to #3 within Health System Providers at 24 months; return -27.9% to -26.0%.
within_category,stock,Health System Providers,UHS,Universal Health Services,3,3,3,0,0.174868249949,0.168629882207,-0.00623836774193,2026-08-31,2026-09-07,Universal Health Services moved from rank #3 to #3 within Health System Providers at 3 months; return +17.5% to +16.9%.
within_category,stock,Inpatient Non-Acute Providers,ACHC,Acadia Healthcare,12,2,2,0,0.243466898955,0.185919055649,-0.0575478433058,2026-08-31,2026-09-07,Acadia Healthcare moved from rank #2 to #2 within Inpatient Non-Acute Providers at 12 months; return +24.3% to +18.6%.
within_category,stock,Inpatient Non-Acute Providers,ACHC,Acadia Healthcare,24,4,4,0,-0.651531795435,-0.632095213183,0.0194365822516,2026-08-31,2026-09-07,Acadia Healthcare moved from rank #4 to #4 within Inpatient Non-Acute Providers at 24 months; return -65.2% to -63.2%.
within_category,stock,Inpatient Non-Acute Providers,ACHC,Acadia Healthcare,3,1,2,-1,0.230603448276,0.14910130719,-0.0815021410865,2026-08-31,2026-09-07,Acadia Healthcare moved from rank #1 to #2 within Inpatient Non-Acute Providers at 3 months; return +23.1% to +14.9%.
within_category,stock,Inpatient Non-Acute Providers,EHC,Encompass Health,12,4,4,0,-0.00747371879106,-0.0301799649626,-0.0227062461715,2026-08-31,2026-09-07,Encompass Health moved from rank #4 to #4 within Inpatient Non-Acute Providers at 12 months; return -0.7% to -3.0%.
within_category,stock,Inpatient Non-Acute Providers,EHC,Encompass Health,24,1,1,0,0.29876410532,0.328714815623,0.029950710303,2026-08-31,2026-09-07,Encompass Health moved from rank #1 to #1 within Inpatient Non-Acute Providers at 24 months; return +29.9% to +32.9%.
within_category,stock,Inpatient Non-Acute Providers,EHC,Encompass Health,3,3,1,2,0.141709966934,0.170945101433,0.0292351344986,2026-08-31,2026-09-07,Encompass Health moved from rank #3 to #1 within Inpatient Non-Acute Providers at 3 months; return +14.2% to +17.1%.
within_category,stock,Inpatient Non-Acute Providers,ENSG,The Ensign Group,12,3,3,0,0.00698567935732,-0.0183918616012,-0.0253775409586,2026-08-31,2026-09-07,The Ensign Group moved from rank #3 to #3 within Inpatient Non-Acute Providers at 12 months; return +0.7% to -1.8%.
within_category,stock,Inpatient Non-Acute Providers,ENSG,The Ensign Group,24,2,2,0,0.142838266385,0.145857094935,0.00301882854959,2026-08-31,2026-09-07,The Ensign Group moved from rank #2 to #2 within Inpatient Non-Acute Providers at 24 months; return +14.3% to +14.6%.
within_category,stock,Inpatient Non-Acute Providers,ENSG,The Ensign Group,3,4,4,0,0.0317924246943,0.00287727539636,-0.0289151492979,2026-08-31,2026-09-07,The Ensign Group moved from rank #4 to #4 within Inpatient Non-Acute Providers at 3 months; return +3.2% to +0.3%.
within_category,stock,Inpatient Non-Acute Providers,PACS,PACS Group,12,1,1,0,2.67268041237,2.8048343778,0.132153965428,2026-08-31,2026-09-07,PACS Group moved from rank #1 to #1 within Inpatient Non-Acute Providers at 12 months; return +267.3% to +280.5%.
within_category,stock,Inpatient Non-Acute Providers,PACS,PACS Group,24,3,3,0,0.0776405344089,0.145552560647,0.067912026238,2026-08-31,2026-09-07,PACS Group moved from rank #3 to #3 within Inpatient Non-Acute Providers at 24 months; return +7.8% to +14.6%.
within_category,stock,Inpatient Non-Acute Providers,PACS,PACS Group,3,2,3,-1,0.166439290587,0.148338286949,-0.0181010036375,2026-08-31,2026-09-07,PACS Group moved from rank #2 to #3 within Inpatient Non-Acute Providers at 3 months; return +16.6% to +14.8%.
within_category,stock,Outpatient and Home Providers,ADUS,Addus HomeCare,12,7,7,0,0.00329947034818,0.0489312842254,0.0456318138772,2026-08-31,2026-09-07,Addus HomeCare moved from rank #7 to #7 within Outpatient and Home Providers at 12 months; return +0.3% to +4.9%.
within_category,stock,Outpatient and Home Providers,ADUS,Addus HomeCare,24,9,7,2,-0.13126832569,-0.0602199889214,0.0710483367686,2026-08-31,2026-09-07,Addus HomeCare moved from rank #9 to #7 within Outpatient and Home Providers at 24 months; return -13.1% to -6.0%.
within_category,stock,Outpatient and Home Providers,ADUS,Addus HomeCare,3,3,3,0,0.260362129145,0.289467969598,0.0291058404533,2026-08-31,2026-09-07,Addus HomeCare moved from rank #3 to #3 within Outpatient and Home Providers at 3 months; return +26.0% to +28.9%.
within_category,stock,Outpatient and Home Providers,AVAH,Aveanna Healthcare,12,3,3,0,0.665,0.652068126521,-0.0129318734793,2026-08-31,2026-09-07,Aveanna Healthcare moved from rank #3 to #3 within Outpatient and Home Providers at 12 months; return +66.5% to +65.2%.
within_category,stock,Outpatient and Home Providers,AVAH,Aveanna Healthcare,24,2,2,0,1.35752212389,1.50553505535,0.148012931461,2026-08-31,2026-09-07,Aveanna Healthcare moved from rank #2 to #2 within Outpatient and Home Providers at 24 months; return +135.8% to +150.6%.
within_category,stock,Outpatient and Home Providers,AVAH,Aveanna Healthcare,3,1,1,0,0.857740585774,1.03293413174,0.175193545963,2026-08-31,2026-09-07,Aveanna Healthcare moved from rank #1 to #1 within Outpatient and Home Providers at 3 months; return +85.8% to +103.3%.
within_category,stock,Outpatient and Home Providers,BTSG,BrightSpring Health Services,12,1,1,0,1.49598986914,1.5167840862,0.0207942170598,2026-08-31,2026-09-07,BrightSpring Health Services moved from rank #1 to #1 within Outpatient and Home Providers at 12 months; return +149.6% to +151.7%.
within_category,stock,Outpatient and Home Providers,BTSG,BrightSpring Health Services,24,1,1,0,3.71155378486,3.69682907966,-0.0147247052003,2026-08-31,2026-09-07,BrightSpring Health Services moved from rank #1 to #1 within Outpatient and Home Providers at 24 months; return +371.2% to +369.7%.
within_category,stock,Outpatient and Home Providers,BTSG,BrightSpring Health Services,3,10,8,2,-0.0413424124514,0.0580139372822,0.0993563497336,2026-08-31,2026-09-07,BrightSpring Health Services moved from rank #10 to #8 within Outpatient and Home Providers at 3 months; return -4.1% to +5.8%.
within_category,stock,Outpatient and Home Providers,CHE,Chemed (Vitas),12,6,6,0,0.14287585981,0.116422910895,-0.0264529489151,2026-08-31,2026-09-07,Chemed (Vitas) moved from rank #6 to #6 within Outpatient and Home Providers at 12 months; return +14.3% to +11.6%.
within_category,stock,Outpatient and Home Providers,CHE,Chemed (Vitas),24,8,9,-1,-0.107119095143,-0.0902981940361,0.0168209011069,2026-08-31,2026-09-07,Chemed (Vitas) moved from rank #8 to #9 within Outpatient and Home Providers at 24 months; return -10.7% to -9.0%.
within_category,stock,Outpatient and Home Providers,CHE,Chemed (Vitas),3,4,7,-3,0.227410238972,0.177200570665,-0.0502096683069,2026-08-31,2026-09-07,Chemed (Vitas) moved from rank #4 to #7 within Outpatient and Home Providers at 3 months; return +22.7% to +17.7%.
within_category,stock,Outpatient and Home Providers,DVA,Davita,12,5,5,0,0.311556329849,0.334518024226,0.0229616943767,2026-08-31,2026-09-07,Davita moved from rank #5 to #5 within Outpatient and Home Providers at 12 months; return +31.2% to +33.5%.
within_category,stock,Outpatient and Home Providers,DVA,Davita,24,4,4,0,0.197190564538,0.226763568476,0.0295730039378,2026-08-31,2026-09-07,Davita moved from rank #4 to #4 within Outpatient and Home Providers at 24 months; return +19.7% to +22.7%.
within_category,stock,Outpatient and Home Providers,DVA,Davita,3,11,11,0,-0.0703848528504,-0.0425166527893,0.0278682000611,2026-08-31,2026-09-07,Davita moved from rank #11 to #11 within Outpatient and Home Providers at 3 months; return -7.0% to -4.3%.
within_category,stock,Outpatient and Home Providers,FMS,Fresenius,12,9,9,0,-0.101167315175,-0.0851836899475,0.0159836252275,2026-08-31,2026-09-07,Fresenius moved from rank #9 to #9 within Outpatient and Home Providers at 12 months; return -10.1% to -8.5%.
within_category,stock,Outpatient and Home Providers,FMS,Fresenius,24,5,6,-1,0.191335740072,0.151422764228,-0.0399129758444,2026-08-31,2026-09-07,Fresenius moved from rank #5 to #6 within Outpatient and Home Providers at 24 months; return +19.1% to +15.1%.
within_category,stock,Outpatient and Home Providers,FMS,Fresenius,3,8,10,-2,0.0709318497914,0.0285973672265,-0.0423344825649,2026-08-31,2026-09-07,Fresenius moved from rank #8 to #10 within Outpatient and Home Providers at 3 months; return +7.1% to +2.9%.
within_category,stock,Outpatient and Home Providers,LFST,Lifestance Health,12,2,2,0,1.24635036496,1.37057728119,0.124226916232,2026-08-31,2026-09-07,Lifestance Health moved from rank #2 to #2 within Outpatient and Home Providers at 12 months; return +124.6% to +137.1%.
within_category,stock,Outpatient and Home Providers,LFST,Lifestance Health,24,3,3,0,0.95087163233,0.831654676259,-0.119216956071,2026-08-31,2026-09-07,Lifestance Health moved from rank #3 to #3 within Outpatient and Home Providers at 24 months; return +95.1% to +83.2%.
within_category,stock,Outpatient and Home Providers,LFST,Lifestance Health,3,2,2,0,0.596627756161,0.717948717949,0.121320961788,2026-08-31,2026-09-07,Lifestance Health moved from rank #2 to #2 within Outpatient and Home Providers at 3 months; return +59.7% to +71.8%.
within_category,stock,Outpatient and Home Providers,OPCH,Option Care Health,12,10,10,0,-0.166666666667,-0.167755242351,-0.00108857568432,2026-08-31,2026-09-07,Option Care Health moved from rank #10 to #10 within Outpatient and Home Providers at 12 months; return -16.7% to -16.8%.
within_category,stock,Outpatient and Home Providers,OPCH,Option Care Health,24,10,10,0,-0.253591505309,-0.245794392523,0.00779711278564,2026-08-31,2026-09-07,Option Care Health moved from rank #10 to #10 within Outpatient and Home Providers at 24 months; return -25.4% to -24.6%.
within_category,stock,Outpatient and Home Providers,OPCH,Option Care Health,3,6,6,0,0.145184475323,0.180399804973,0.0352153296502,2026-08-31,2026-09-07,Option Care Health moved from rank #6 to #6 within Outpatient and Home Providers at 3 months; return +14.5% to +18.0%.
within_category,stock,Outpatient and Home Providers,PNTG,Pennant Group,12,4,4,0,0.544356518117,0.564429806505,0.0200732883877,2026-08-31,2026-09-07,Pennant Group moved from rank #4 to #4 within Outpatient and Home Providers at 12 months; return +54.4% to +56.4%.
within_category,stock,Outpatient and Home Providers,PNTG,Pennant Group,24,6,5,1,0.0823117338004,0.193467336683,0.111155602883,2026-08-31,2026-09-07,Pennant Group moved from rank #6 to #5 within Outpatient and Home Providers at 24 months; return +8.2% to +19.3%.
within_category,stock,Outpatient and Home Providers,PNTG,Pennant Group,3,7,5,2,0.0826277372263,0.198360138757,0.115732401531,2026-08-31,2026-09-07,Pennant Group moved from rank #7 to #5 within Outpatient and Home Providers at 3 months; return +8.3% to +19.8%.
within_category,stock,Outpatient and Home Providers,SGRY,Surgery Partners,12,11,11,0,-0.396650506831,-0.3665037761,0.0301467307315,2026-08-31,2026-09-07,Surgery Partners moved from rank #11 to #11 within Outpatient and Home Providers at 12 months; return -39.7% to -36.7%.
within_category,stock,Outpatient and Home Providers,SGRY,Surgery Partners,24,11,11,0,-0.57151799687,-0.527501656726,0.0440163401437,2026-08-31,2026-09-07,Surgery Partners moved from rank #11 to #11 within Outpatient and Home Providers at 24 months; return -57.2% to -52.8%.
within_category,stock,Outpatient and Home Providers,SGRY,Surgery Partners,3,9,9,0,0.0247005988024,0.0401167031364,0.015416104334,2026-08-31,2026-09-07,Surgery Partners moved from rank #9 to #9 within Outpatient and Home Providers at 3 months; return +2.5% to +4.0%.
within_category,stock,Outpatient and Home Providers,USPH,US Physical Therapy,12,8,8,0,-0.0513934129569,-0.0734469873891,-0.0220535744322,2026-08-31,2026-09-07,US Physical Therapy moved from rank #8 to #8 within Outpatient and Home Providers at 12 months; return -5.1% to -7.3%.
within_category,stock,Outpatient and Home Providers,USPH,US Physical Therapy,24,7,8,-1,-0.0814252336449,-0.0616130558184,0.0198121778265,2026-08-31,2026-09-07,US Physical Therapy moved from rank #7 to #8 within Outpatient and Home Providers at 24 months; return -8.1% to -6.2%.
within_category,stock,Outpatient and Home Providers,USPH,US Physical Therapy,3,5,4,1,0.223622782446,0.250591016548,0.0269682341025,2026-08-31,2026-09-07,US Physical Therapy moved from rank #5 to #4 within Outpatient and Home Providers at 3 months; return +22.4% to +25.1%.
within_category,stock,Payers,ALHC,Alignment Health,12,10,10,0,-0.167481662592,-0.146279949559,0.0212017130334,2026-08-31,2026-09-07,Alignment Health moved from rank #10 to #10 within Payers at 12 months; return -16.7% to -14.6%.
within_category,stock,Payers,ALHC,Alignment Health,24,4,4,0,0.511653718091,0.425263157895,-0.0863905601963,2026-08-31,2026-09-07,Alignment Health moved from rank #4 to #4 within Payers at 24 months; return +51.2% to +42.5%.
within_category,stock,Payers,ALHC,Alignment Health,3,10,10,0,-0.110966057441,-0.119063109954,-0.00809705251346,2026-08-31,2026-09-07,Alignment Health moved from rank #10 to #10 within Payers at 3 months; return -11.1% to -11.9%.
within_category,stock,Payers,CI,Cigna,12,9,9,0,-0.0730880446705,-0.0746454423373,-0.0015573976668,2026-08-31,2026-09-07,Cigna moved from rank #9 to #9 within Payers at 12 months; return -7.3% to -7.5%.
within_category,stock,Payers,CI,Cigna,24,7,7,0,-0.229208700699,-0.200769470141,0.0284392305584,2026-08-31,2026-09-07,Cigna moved from rank #7 to #7 within Payers at 24 months; return -22.9% to -20.1%.
within_category,stock,Payers,CI,Cigna,3,8,9,-1,0.00533525594809,-0.0240431117867,-0.0293783677347,2026-08-31,2026-09-07,Cigna moved from rank #8 to #9 within Payers at 3 months; return +0.5% to -2.4%.
within_category,stock,Payers,CLOV,Clover Health,12,3,3,0,0.614503816794,0.547272727273,-0.0672310895213,2026-08-31,2026-09-07,Clover Health moved from rank #3 to #3 within Payers at 12 months; return +61.5% to +54.7%.
within_category,stock,Payers,CLOV,Clover Health,24,3,2,1,0.608365019011,0.695219123506,0.086854104495,2026-08-31,2026-09-07,Clover Health moved from rank #3 to #2 within Payers at 24 months; return +60.8% to +69.5%.
within_category,stock,Payers,CLOV,Clover Health,3,5,3,2,0.0628140703518,0.110966057441,0.0481519870895,2026-08-31,2026-09-07,Clover Health moved from rank #5 to #3 within Payers at 3 months; return +6.3% to +11.1%.
within_category,stock,Payers,CNC,Centene,12,1,1,0,1.22968319559,1.31331953071,0.0836363351208,2026-08-31,2026-09-07,Centene moved from rank #1 to #1 within Payers at 12 months; return +123.0% to +131.3%.
within_category,stock,Payers,CNC,Centene,24,6,6,0,-0.178612203476,-0.0535084003953,0.125103803081,2026-08-31,2026-09-07,Centene moved from rank #6 to #6 within Payers at 24 months; return -17.9% to -5.4%.
within_category,stock,Payers,CNC,Centene,3,4,4,0,0.0864093959732,0.0755655382641,-0.0108438577091,2026-08-31,2026-09-07,Centene moved from rank #4 to #4 within Payers at 3 months; return +8.6% to +7.6%.
within_category,stock,Payers,CVS,CVS Health,12,4,4,0,0.272180451128,0.31119544592,0.0390149947923,2026-08-31,2026-09-07,CVS Health moved from rank #4 to #4 within Payers at 12 months; return +27.2% to +31.1%.
within_category,stock,Payers,CVS,CVS Health,24,2,3,-1,0.625786163522,0.675151515152,0.0493653516295,2026-08-31,2026-09-07,CVS Health moved from rank #2 to #3 within Payers at 24 months; return +62.6% to +67.5%.
within_category,stock,Payers,CVS,CVS Health,3,7,6,1,0.0228621675093,0.00844365683311,-0.0144185106762,2026-08-31,2026-09-07,CVS Health moved from rank #7 to #6 within Payers at 3 months; return +2.3% to +0.8%.
within_category,stock,Payers,ELV,Elevance,12,7,6,1,0.237815785344,0.299260298431,0.0614445130873,2026-08-31,2026-09-07,Elevance moved from rank #7 to #6 within Payers at 12 months; return +23.8% to +29.9%.
within_category,stock,Payers,ELV,Elevance,24,8,8,0,-0.291727271095,-0.248030115702,0.0436971553931,2026-08-31,2026-09-07,Elevance moved from rank #8 to #8 within Payers at 24 months; return -29.2% to -24.8%.
within_category,stock,Payers,ELV,Elevance,3,9,8,1,0.00315369159948,-0.0193247178302,-0.0224784094297,2026-08-31,2026-09-07,Elevance moved from rank #9 to #8 within Payers at 3 months; return +0.3% to -1.9%.
within_category,stock,Payers,HUM,Humana,12,5,5,0,0.269643680432,0.304040010392,0.0343963299603,2026-08-31,2026-09-07,Humana moved from rank #5 to #5 within Payers at 12 months; return +27.0% to +30.4%.
within_category,stock,Payers,HUM,Humana,24,5,5,0,0.0876519874743,0.122058905717,0.034406918243,2026-08-31,2026-09-07,Humana moved from rank #5 to #5 within Payers at 24 months; return +8.8% to +12.2%.
within_category,stock,Payers,HUM,Humana,3,2,2,0,0.262327287015,0.146994972578,-0.115332314437,2026-08-31,2026-09-07,Humana moved from rank #2 to #2 within Payers at 3 months; return +26.2% to +14.7%.
within_category,stock,Payers,MOH,Molina Healthcare,12,8,8,0,0.106011170713,0.149728027484,0.0437168567705,2026-08-31,2026-09-07,Molina Healthcare moved from rank #8 to #8 within Payers at 12 months; return +10.6% to +15.0%.
within_category,stock,Payers,MOH,Molina Healthcare,24,10,10,0,-0.428228365591,-0.386832783681,0.0413955819096,2026-08-31,2026-09-07,Molina Healthcare moved from rank #10 to #10 within Payers at 24 months; return -42.8% to -38.7%.
within_category,stock,Payers,MOH,Molina Healthcare,3,3,5,-2,0.152073732719,0.0520800586818,-0.0999936740372,2026-08-31,2026-09-07,Molina Healthcare moved from rank #3 to #5 within Payers at 3 months; return +15.2% to +5.2%.
within_category,stock,Payers,OSCR,Oscar Health,12,2,2,0,0.828931572629,0.659804426145,-0.169127146484,2026-08-31,2026-09-07,Oscar Health moved from rank #2 to #2 within Payers at 12 months; return +82.9% to +66.0%.
within_category,stock,Payers,OSCR,Oscar Health,24,1,1,0,0.665027322404,0.898175397293,0.233148074889,2026-08-31,2026-09-07,Oscar Health moved from rank #1 to #1 within Payers at 24 months; return +66.5% to +89.8%.
within_category,stock,Payers,OSCR,Oscar Health,3,1,1,0,0.370670265407,0.315789473684,-0.0548807917228,2026-08-31,2026-09-07,Oscar Health moved from rank #1 to #1 within Payers at 3 months; return +37.1% to +31.6%.
within_category,stock,Payers,UNH,UnitedHealth,12,6,7,-1,0.268112434247,0.259202891658,-0.00890954258905,2026-08-31,2026-09-07,UnitedHealth moved from rank #6 to #7 within Payers at 12 months; return +26.8% to +25.9%.
within_category,stock,Payers,UNH,UnitedHealth,24,9,9,0,-0.334208742799,-0.334640128669,-0.000431385870079,2026-08-31,2026-09-07,UnitedHealth moved from rank #9 to #9 within Payers at 24 months; return -33.4% to -33.5%.
within_category,stock,Payers,UNH,UnitedHealth,3,6,7,-1,0.0332360442797,-0.00583272836508,-0.0390687726448,2026-08-31,2026-09-07,UnitedHealth moved from rank #6 to #7 within Payers at 3 months; return +3.3% to -0.6%.
within_category,stock,Pharma Distribution,AHCO,Accendra Health,12,5,5,0,-0.389884088514,-0.317560462671,0.0723236258431,2026-08-31,2026-09-07,Accendra Health moved from rank #5 to #5 within Pharma Distribution at 12 months; return -39.0% to -31.8%.
within_category,stock,Pharma Distribution,AHCO,Accendra Health,24,5,5,0,-0.473157415833,-0.415315315315,0.0578421005177,2026-08-31,2026-09-07,Accendra Health moved from rank #5 to #5 within Pharma Distribution at 24 months; return -47.3% to -41.5%.
within_category,stock,Pharma Distribution,AHCO,Accendra Health,3,5,5,0,-0.428430404738,-0.343781597573,0.0846488071647,2026-08-31,2026-09-07,Accendra Health moved from rank #5 to #5 within Pharma Distribution at 3 months; return -42.8% to -34.4%.
within_category,stock,Pharma Distribution,CAH,Cardinal Health,12,1,1,0,0.576488775373,0.65271462958,0.0762258542071,2026-08-31,2026-09-07,Cardinal Health moved from rank #1 to #1 within Pharma Distribution at 12 months; return +57.6% to +65.3%.
within_category,stock,Pharma Distribution,CAH,Cardinal Health,24,1,1,0,1.08081973031,1.21150577078,0.130686040469,2026-08-31,2026-09-07,Cardinal Health moved from rank #1 to #1 within Pharma Distribution at 24 months; return +108.1% to +121.2%.
within_category,stock,Pharma Distribution,CAH,Cardinal Health,3,3,2,1,0.191819105691,0.201594477663,0.00977537197173,2026-08-31,2026-09-07,Cardinal Health moved from rank #3 to #2 within Pharma Distribution at 3 months; return +19.2% to +20.2%.
within_category,stock,Pharma Distribution,COR,Cencora,12,4,4,0,0.10431741024,0.131452991453,0.027135581213,2026-08-31,2026-09-07,Cencora moved from rank #4 to #4 within Pharma Distribution at 12 months; return +10.4% to +13.1%.
within_category,stock,Pharma Distribution,COR,Cencora,24,3,3,0,0.344200025045,0.408477678001,0.0642776529564,2026-08-31,2026-09-07,Cencora moved from rank #3 to #3 within Pharma Distribution at 24 months; return +34.4% to +40.8%.
within_category,stock,Pharma Distribution,COR,Cencora,3,2,1,1,0.195537570538,0.203279522978,0.00774195244048,2026-08-31,2026-09-07,Cencora moved from rank #2 to #1 within Pharma Distribution at 3 months; return +19.6% to +20.3%.
within_category,stock,Pharma Distribution,HSIC,Henry Schein,12,3,3,0,0.286576602472,0.293533054875,0.00695645240341,2026-08-31,2026-09-07,Henry Schein moved from rank #3 to #3 within Pharma Distribution at 12 months; return +28.7% to +29.4%.
within_category,stock,Pharma Distribution,HSIC,Henry Schein,24,4,4,0,0.268887313962,0.30518819939,0.0363008854276,2026-08-31,2026-09-07,Henry Schein moved from rank #4 to #4 within Pharma Distribution at 24 months; return +26.9% to +30.5%.
within_category,stock,Pharma Distribution,HSIC,Henry Schein,3,4,4,0,0.168973622356,0.159586830213,-0.00938679214296,2026-08-31,2026-09-07,Henry Schein moved from rank #4 to #4 within Pharma Distribution at 3 months; return +16.9% to +16.0%.
within_category,stock,Pharma Distribution,MCK,McKesson,12,2,2,0,0.301103926366,0.320904858889,0.0198009325226,2026-08-31,2026-09-07,McKesson moved from rank #2 to #2 within Pharma Distribution at 12 months; return +30.1% to +32.1%.
within_category,stock,Pharma Distribution,MCK,McKesson,24,2,2,0,0.592268482213,0.800959993653,0.20869151144,2026-08-31,2026-09-07,McKesson moved from rank #2 to #2 within Pharma Distribution at 24 months; return +59.2% to +80.1%.
within_category,stock,Pharma Distribution,MCK,McKesson,3,1,3,-2,0.203316092883,0.170603099296,-0.0327129935869,2026-08-31,2026-09-07,McKesson moved from rank #1 to #3 within Pharma Distribution at 3 months; return +20.3% to +17.1%.
within_category,stock,Precision Diagnostics,BLLN,BillionToOne,12,,,,,,,2026-08-31,2026-09-07,BillionToOne moved from rank unavailable within Precision Diagnostics at 12 months; return unavailable.
within_category,stock,Precision Diagnostics,BLLN,BillionToOne,24,,,,,,,2026-08-31,2026-09-07,BillionToOne moved from rank unavailable within Precision Diagnostics at 24 months; return unavailable.
within_category,stock,Precision Diagnostics,BLLN,BillionToOne,3,11,10,1,-0.0580866754218,0.0226360736701,0.0807227490919,2026-08-31,2026-09-07,BillionToOne moved from rank #11 to #10 within Precision Diagnostics at 3 months; return -5.8% to +2.3%.
within_category,stock,Precision Diagnostics,CERT,Certara,12,10,10,0,-0.229704797048,-0.245247148289,-0.015542351241,2026-08-31,2026-09-07,Certara moved from rank #10 to #10 within Precision Diagnostics at 12 months; return -23.0% to -24.5%.
within_category,stock,Precision Diagnostics,CERT,Certara,24,10,10,0,-0.318367346939,-0.302897278314,0.0154700686247,2026-08-31,2026-09-07,Certara moved from rank #10 to #10 within Precision Diagnostics at 24 months; return -31.8% to -30.3%.
within_category,stock,Precision Diagnostics,CERT,Certara,3,4,4,0,0.43470790378,0.478584729981,0.0438768262014,2026-08-31,2026-09-07,Certara moved from rank #4 to #4 within Precision Diagnostics at 3 months; return +43.5% to +47.9%.
within_category,stock,Precision Diagnostics,DGX,Quest Diagnostics,12,6,6,0,0.336489759965,0.292386506077,-0.0441032538884,2026-08-31,2026-09-07,Quest Diagnostics moved from rank #6 to #6 within Precision Diagnostics at 12 months; return +33.6% to +29.2%.
within_category,stock,Precision Diagnostics,DGX,Quest Diagnostics,24,5,5,0,0.546537554947,0.550644085529,0.00410653058233,2026-08-31,2026-09-07,Quest Diagnostics moved from rank #5 to #5 within Precision Diagnostics at 24 months; return +54.7% to +55.1%.
within_category,stock,Precision Diagnostics,DGX,Quest Diagnostics,3,8,9,-1,0.245561826578,0.183983224325,-0.0615786022533,2026-08-31,2026-09-07,Quest Diagnostics moved from rank #8 to #9 within Precision Diagnostics at 3 months; return +24.6% to +18.4%.
within_category,stock,Precision Diagnostics,GH,Guardant Health,12,2,2,0,1.39543162266,1.68435057376,0.288918951097,2026-08-31,2026-09-07,Guardant Health moved from rank #2 to #2 within Precision Diagnostics at 12 months; return +139.5% to +168.4%.
within_category,stock,Precision Diagnostics,GH,Guardant Health,24,1,1,0,5.31352619234,5.8019384745,0.488412282165,2026-08-31,2026-09-07,Guardant Health moved from rank #1 to #1 within Precision Diagnostics at 24 months; return +531.4% to +580.2%.
within_category,stock,Precision Diagnostics,GH,Guardant Health,3,9,7,2,0.245277199476,0.285009155322,0.039731955846,2026-08-31,2026-09-07,Guardant Health moved from rank #9 to #7 within Precision Diagnostics at 3 months; return +24.5% to +28.5%.
within_category,stock,Precision Diagnostics,ILMN,Illumina,12,3,3,0,1.15676270508,1.20580208228,0.0490393772004,2026-08-31,2026-09-07,Illumina moved from rank #3 to #3 within Precision Diagnostics at 12 months; return +115.7% to +120.6%.
within_category,stock,Precision Diagnostics,ILMN,Illumina,24,4,4,0,0.640715372907,0.754321086904,0.113605713997,2026-08-31,2026-09-07,Illumina moved from rank #4 to #4 within Precision Diagnostics at 24 months; return +64.1% to +75.4%.
within_category,stock,Precision Diagnostics,ILMN,Illumina,3,5,6,-1,0.322962690231,0.344381468704,0.0214187784728,2026-08-31,2026-09-07,Illumina moved from rank #5 to #6 within Precision Diagnostics at 3 months; return +32.3% to +34.4%.
within_category,stock,Precision Diagnostics,LH,Labcorp Holdings,12,7,7,0,0.205475017087,0.173036207701,-0.0324388093861,2026-08-31,2026-09-07,Labcorp Holdings moved from rank #7 to #7 within Precision Diagnostics at 12 months; return +20.5% to +17.3%.
within_category,stock,Precision Diagnostics,LH,Labcorp Holdings,24,6,6,0,0.457697159511,0.45991693091,0.00221977139874,2026-08-31,2026-09-07,Labcorp Holdings moved from rank #6 to #6 within Precision Diagnostics at 24 months; return +45.8% to +46.0%.
within_category,stock,Precision Diagnostics,LH,Labcorp Holdings,3,6,8,-2,0.288587249096,0.232849330568,-0.0557379185284,2026-08-31,2026-09-07,Labcorp Holdings moved from rank #6 to #8 within Precision Diagnostics at 3 months; return +28.9% to +23.3%.
within_category,stock,Precision Diagnostics,NEO,NeoGenomics,12,4,4,0,1.05580865604,1.17794486216,0.122136206115,2026-08-31,2026-09-07,NeoGenomics moved from rank #4 to #4 within Precision Diagnostics at 12 months; return +105.6% to +117.8%.
within_category,stock,Precision Diagnostics,NEO,NeoGenomics,24,7,8,-1,0.0926150121065,0.0835411471322,-0.00907386497433,2026-08-31,2026-09-07,NeoGenomics moved from rank #7 to #8 within Precision Diagnostics at 24 months; return +9.3% to +8.4%.
within_category,stock,Precision Diagnostics,NEO,NeoGenomics,3,2,2,0,0.715779467681,0.594495412844,-0.121284054837,2026-08-31,2026-09-07,NeoGenomics moved from rank #2 to #2 within Precision Diagnostics at 3 months; return +71.6% to +59.4%.
within_category,stock,Precision Diagnostics,NTRA,Natera,12,5,5,0,0.939138187221,0.953219854779,0.0140816675582,2026-08-31,2026-09-07,Natera moved from rank #5 to #5 within Precision Diagnostics at 12 months; return +93.9% to +95.3%.
within_category,stock,Precision Diagnostics,NTRA,Natera,24,2,3,-1,1.75883646203,1.90682019486,0.147983732833,2026-08-31,2026-09-07,Natera moved from rank #2 to #3 within Precision Diagnostics at 24 months; return +175.9% to +190.7%.
within_category,stock,Precision Diagnostics,NTRA,Natera,3,3,3,0,0.460625867395,0.524220890809,0.0635950234136,2026-08-31,2026-09-07,Natera moved from rank #3 to #3 within Precision Diagnostics at 3 months; return +46.1% to +52.4%.
within_category,stock,Precision Diagnostics,PACB,PacBio,12,8,8,0,0.0687022900763,0.0629921259843,-0.00571016409205,2026-08-31,2026-09-07,PacBio moved from rank #8 to #8 within Precision Diagnostics at 12 months; return +6.9% to +6.3%.
within_category,stock,Precision Diagnostics,PACB,PacBio,24,9,9,0,0.021897810219,-0.145569620253,-0.167467430472,2026-08-31,2026-09-07,PacBio moved from rank #9 to #9 within Precision Diagnostics at 24 months; return +2.2% to -14.6%.
within_category,stock,Precision Diagnostics,PACB,PacBio,3,12,12,0,-0.0604026845638,-0.0689655172414,-0.00856283267758,2026-08-31,2026-09-07,PacBio moved from rank #12 to #12 within Precision Diagnostics at 3 months; return -6.0% to -6.9%.
within_category,stock,Precision Diagnostics,QDEL,QuidelOrtho,12,11,11,0,-0.486232136633,-0.51290097629,-0.0266688396571,2026-08-31,2026-09-07,QuidelOrtho moved from rank #11 to #11 within Precision Diagnostics at 12 months; return -48.6% to -51.3%.
within_category,stock,Precision Diagnostics,QDEL,QuidelOrtho,24,11,11,0,-0.651124260355,-0.678481012658,-0.0273567523032,2026-08-31,2026-09-07,QuidelOrtho moved from rank #11 to #11 within Precision Diagnostics at 24 months; return -65.1% to -67.8%.
within_category,stock,Precision Diagnostics,QDEL,QuidelOrtho,3,10,11,-1,0.132104454685,-0.0251221214236,-0.157226576109,2026-08-31,2026-09-07,QuidelOrtho moved from rank #10 to #11 within Precision Diagnostics at 3 months; return +13.2% to -2.5%.
within_category,stock,Precision Diagnostics,TEM,Tempus AI,12,9,9,0,-0.155813340364,-0.188394875659,-0.0325815352954,2026-08-31,2026-09-07,Tempus AI moved from rank #9 to #9 within Precision Diagnostics at 12 months; return -15.6% to -18.8%.
within_category,stock,Precision Diagnostics,TEM,Tempus AI,24,8,7,1,0.0784776018862,0.287507471608,0.209029869722,2026-08-31,2026-09-07,Tempus AI moved from rank #8 to #7 within Precision Diagnostics at 24 months; return +7.8% to +28.8%.
within_category,stock,Precision Diagnostics,TEM,Tempus AI,3,7,5,2,0.268872597583,0.391772560844,0.122899963261,2026-08-31,2026-09-07,Tempus AI moved from rank #7 to #5 within Precision Diagnostics at 3 months; return +26.9% to +39.2%.
within_category,stock,Precision Diagnostics,TXG,10x Genomics,12,1,1,0,3.39257673091,3.48782234957,0.0952456186602,2026-08-31,2026-09-07,10x Genomics moved from rank #1 to #1 within Precision Diagnostics at 12 months; return +339.3% to +348.8%.
within_category,stock,Precision Diagnostics,TXG,10x Genomics,24,3,2,1,1.63554603854,1.90854224698,0.272996208442,2026-08-31,2026-09-07,10x Genomics moved from rank #3 to #2 within Precision Diagnostics at 24 months; return +163.6% to +190.9%.
within_category,stock,Precision Diagnostics,TXG,10x Genomics,3,1,1,0,1.17417417417,1.01836340206,-0.155810772108,2026-08-31,2026-09-07,10x Genomics moved from rank #1 to #1 within Precision Diagnostics at 3 months; return +117.4% to +101.8%.
within_category,stock,Value-Based Care,AGL,Agilon Health,12,1,1,0,1.891875,1.95,0.058125,2026-08-31,2026-09-07,Agilon Health moved from rank #1 to #1 within Value-Based Care at 12 months; return +189.2% to +195.0%.
within_category,stock,Value-Based Care,AGL,Agilon Health,24,2,2,0,-0.0927450980392,-0.0193905817175,0.0733545163217,2026-08-31,2026-09-07,Agilon Health moved from rank #2 to #2 within Value-Based Care at 24 months; return -9.3% to -1.9%.
within_category,stock,Value-Based Care,AGL,Agilon Health,3,3,4,-1,0.00281751192024,-0.0862157976252,-0.0890333095454,2026-08-31,2026-09-07,Agilon Health moved from rank #3 to #4 within Value-Based Care at 3 months; return +0.3% to -8.6%.
within_category,stock,Value-Based Care,ASTH,Astrana Health,12,2,2,0,0.187734668335,0.295286195286,0.107551526951,2026-08-31,2026-09-07,Astrana Health moved from rank #2 to #2 within Value-Based Care at 12 months; return +18.8% to +29.5%.
within_category,stock,Value-Based Care,ASTH,Astrana Health,24,3,3,0,-0.205691567273,-0.192485306465,0.0132062608078,2026-08-31,2026-09-07,Astrana Health moved from rank #3 to #3 within Value-Based Care at 24 months; return -20.6% to -19.2%.
within_category,stock,Value-Based Care,ASTH,Astrana Health,3,2,2,0,0.00903774587985,0.0126349039221,0.00359715804223,2026-08-31,2026-09-07,Astrana Health moved from rank #2 to #2 within Value-Based Care at 3 months; return +0.9% to +1.3%.
within_category,stock,Value-Based Care,EVH,Evolent Health,12,5,5,0,-0.523316062176,-0.550468262227,-0.0271522000508,2026-08-31,2026-09-07,Evolent Health moved from rank #5 to #5 within Value-Based Care at 12 months; return -52.3% to -55.0%.
within_category,stock,Value-Based Care,EVH,Evolent Health,24,5,5,0,-0.856160100063,-0.858407079646,-0.00224697958302,2026-08-31,2026-09-07,Evolent Health moved from rank #5 to #5 within Value-Based Care at 24 months; return -85.6% to -85.8%.
within_category,stock,Value-Based Care,EVH,Evolent Health,3,1,1,0,0.164556962025,0.0236966824645,-0.140860279561,2026-08-31,2026-09-07,Evolent Health moved from rank #1 to #1 within Value-Based Care at 3 months; return +16.5% to +2.4%.
within_category,stock,Value-Based Care,PIII,P3 Health,12,3,3,0,0.106869312589,0.0656242164528,-0.0412450961362,2026-08-31,2026-09-07,P3 Health moved from rank #3 to #3 within Value-Based Care at 12 months; return +10.7% to +6.6%.
within_category,stock,Value-Based Care,PIII,P3 Health,24,4,4,0,-0.634634436299,-0.59347826087,0.0411561754294,2026-08-31,2026-09-07,P3 Health moved from rank #4 to #4 within Value-Based Care at 24 months; return -63.5% to -59.3%.
within_category,stock,Value-Based Care,PIII,P3 Health,3,5,5,0,-0.24302134647,-0.192573402418,0.050447944052,2026-08-31,2026-09-07,P3 Health moved from rank #5 to #5 within Value-Based Care at 3 months; return -24.3% to -19.3%.
within_category,stock,Value-Based Care,PRVA,Privia Health Group,12,4,4,0,-0.09765625,-0.112542955326,-0.0148867053265,2026-08-31,2026-09-07,Privia Health Group moved from rank #4 to #4 within Value-Based Care at 12 months; return -9.8% to -11.3%.
within_category,stock,Value-Based Care,PRVA,Privia Health Group,24,1,1,0,0.03227408143,0.10718113612,0.07490705469,2026-08-31,2026-09-07,Privia Health Group moved from rank #1 to #1 within Value-Based Care at 24 months; return +3.2% to +10.7%.
within_category,stock,Value-Based Care,PRVA,Privia Health Group,3,4,3,1,-0.0334728033473,-0.044845122515,-0.0113723191677,2026-08-31,2026-09-07,Privia Health Group moved from rank #4 to #3 within Value-Based Care at 3 months; return -3.3% to -4.5%.
overall_stock,stock,,ACHC,Acadia Healthcare,3,23,35,-12,0.230603448276,0.14910130719,-0.0815021410865,2026-08-31,2026-09-07,Acadia Healthcare moved from rank #23 to #35 across the watchlist at 3 months; return +23.1% to +14.9%.
overall_stock,stock,,ACHC,Acadia Healthcare,12,32,34,-2,0.243466898955,0.185919055649,-0.0575478433058,2026-08-31,2026-09-07,Acadia Healthcare moved from rank #32 to #34 across the watchlist at 12 months; return +24.3% to +18.6%.
overall_stock,stock,,ACHC,Acadia Healthcare,24,76,75,1,-0.651531795435,-0.632095213183,0.0194365822516,2026-08-31,2026-09-07,Acadia Healthcare moved from rank #76 to #75 across the watchlist at 24 months; return -65.2% to -63.2%.
overall_stock,stock,,ADUS,Addus HomeCare,3,18,16,2,0.260362129145,0.289467969598,0.0291058404533,2026-08-31,2026-09-07,Addus HomeCare moved from rank #18 to #16 across the watchlist at 3 months; return +26.0% to +28.9%.
overall_stock,stock,,ADUS,Addus HomeCare,12,52,48,4,0.00329947034818,0.0489312842254,0.0456318138772,2026-08-31,2026-09-07,Addus HomeCare moved from rank #52 to #48 across the watchlist at 12 months; return +0.3% to +4.9%.
overall_stock,stock,,ADUS,Addus HomeCare,24,54,48,6,-0.13126832569,-0.0602199889214,0.0710483367686,2026-08-31,2026-09-07,Addus HomeCare moved from rank #54 to #48 across the watchlist at 24 months; return -13.1% to -6.0%.
overall_stock,stock,,AGL,Agilon Health,3,64,73,-9,0.00281751192024,-0.0862157976252,-0.0890333095454,2026-08-31,2026-09-07,Agilon Health moved from rank #64 to #73 across the watchlist at 3 months; return +0.3% to -8.6%.
overall_stock,stock,,AGL,Agilon Health,12,3,3,0,1.891875,1.95,0.058125,2026-08-31,2026-09-07,Agilon Health moved from rank #3 to #3 across the watchlist at 12 months; return +189.2% to +195.0%.
overall_stock,stock,,AGL,Agilon Health,24,50,46,4,-0.0927450980392,-0.0193905817175,0.0733545163217,2026-08-31,2026-09-07,Agilon Health moved from rank #50 to #46 across the watchlist at 24 months; return -9.3% to -1.9%.
overall_stock,stock,,AHCO,Accendra Health,3,82,81,1,-0.428430404738,-0.343781597573,0.0846488071647,2026-08-31,2026-09-07,Accendra Health moved from rank #82 to #81 across the watchlist at 3 months; return -42.8% to -34.4%.
overall_stock,stock,,AHCO,Accendra Health,12,72,69,3,-0.389884088514,-0.317560462671,0.0723236258431,2026-08-31,2026-09-07,Accendra Health moved from rank #72 to #69 across the watchlist at 12 months; return -39.0% to -31.8%.
overall_stock,stock,,AHCO,Accendra Health,24,69,67,2,-0.473157415833,-0.415315315315,0.0578421005177,2026-08-31,2026-09-07,Accendra Health moved from rank #69 to #67 across the watchlist at 24 months; return -47.3% to -41.5%.
overall_stock,stock,,ALHC,Alignment Health,3,74,75,-1,-0.110966057441,-0.119063109954,-0.00809705251346,2026-08-31,2026-09-07,Alignment Health moved from rank #74 to #75 across the watchlist at 3 months; return -11.1% to -11.9%.
overall_stock,stock,,ALHC,Alignment Health,12,66,63,3,-0.167481662592,-0.146279949559,0.0212017130334,2026-08-31,2026-09-07,Alignment Health moved from rank #66 to #63 across the watchlist at 12 months; return -16.7% to -14.6%.
overall_stock,stock,,ALHC,Alignment Health,24,19,22,-3,0.511653718091,0.425263157895,-0.0863905601963,2026-08-31,2026-09-07,Alignment Health moved from rank #19 to #22 across the watchlist at 24 months; return +51.2% to +42.5%.
overall_stock,stock,,AMWL,Amwell,3,27,8,19,0.213631739573,0.506960556845,0.293328817272,2026-08-31,2026-09-07,Amwell moved from rank #27 to #8 across the watchlist at 3 months; return +21.4% to +50.7%.
overall_stock,stock,,AMWL,Amwell,12,13,12,1,0.728985507246,0.861031518625,0.132046011379,2026-08-31,2026-09-07,Amwell moved from rank #13 to #12 across the watchlist at 12 months; return +72.9% to +86.1%.
overall_stock,stock,,AMWL,Amwell,24,22,17,5,0.43734939759,0.638083228247,0.200733830657,2026-08-31,2026-09-07,Amwell moved from rank #22 to #17 across the watchlist at 24 months; return +43.7% to +63.8%.
overall_stock,stock,,ARDT,Ardent Health Partners,3,32,20,12,0.187432286024,0.256912442396,0.0694801563723,2026-08-31,2026-09-07,Ardent Health Partners moved from rank #32 to #20 across the watchlist at 3 months; return +18.7% to +25.7%.
overall_stock,stock,,ARDT,Ardent Health Partners,12,62,65,-3,-0.136327817179,-0.170972644377,-0.0346448271979,2026-08-31,2026-09-07,Ardent Health Partners moved from rank #62 to #65 across the watchlist at 12 months; return -13.6% to -17.1%.
overall_stock,stock,,ARDT,Ardent Health Partners,24,67,68,-1,-0.447302067574,-0.43147472642,0.015827341154,2026-08-31,2026-09-07,Ardent Health Partners moved from rank #67 to #68 across the watchlist at 24 months; return -44.7% to -43.1%.
overall_stock,stock,,ASTH,Astrana Health,3,61,59,2,0.00903774587985,0.0126349039221,0.00359715804223,2026-08-31,2026-09-07,Astrana Health moved from rank #61 to #59 across the watchlist at 3 months; return +0.9% to +1.3%.
overall_stock,stock,,ASTH,Astrana Health,12,35,29,6,0.187734668335,0.295286195286,0.107551526951,2026-08-31,2026-09-07,Astrana Health moved from rank #35 to #29 across the watchlist at 12 months; return +18.8% to +29.5%.
overall_stock,stock,,ASTH,Astrana Health,24,56,56,0,-0.205691567273,-0.192485306465,0.0132062608078,2026-08-31,2026-09-07,Astrana Health moved from rank #56 to #56 across the watchlist at 24 months; return -20.6% to -19.2%.
overall_stock,stock,,AVAH,Aveanna Healthcare,3,2,1,1,0.857740585774,1.03293413174,0.175193545963,2026-08-31,2026-09-07,Aveanna Healthcare moved from rank #2 to #1 across the watchlist at 3 months; return +85.8% to +103.3%.
overall_stock,stock,,AVAH,Aveanna Healthcare,12,14,15,-1,0.665,0.652068126521,-0.0129318734793,2026-08-31,2026-09-07,Aveanna Healthcare moved from rank #14 to #15 across the watchlist at 12 months; return +66.5% to +65.2%.
overall_stock,stock,,AVAH,Aveanna Healthcare,24,6,6,0,1.35752212389,1.50553505535,0.148012931461,2026-08-31,2026-09-07,Aveanna Healthcare moved from rank #6 to #6 across the watchlist at 24 months; return +135.8% to +150.6%.
overall_stock,stock,,BLLN,BillionToOne,3,71,58,13,-0.0580866754218,0.0226360736701,0.0807227490919,2026-08-31,2026-09-07,BillionToOne moved from rank #71 to #58 across the watchlist at 3 months; return -5.8% to +2.3%.
overall_stock,stock,,BLLN,BillionToOne,12,,,,,,,2026-08-31,2026-09-07,BillionToOne moved from rank unavailable across the watchlist at 12 months; return unavailable.
overall_stock,stock,,BLLN,BillionToOne,24,,,,,,,2026-08-31,2026-09-07,BillionToOne moved from rank unavailable across the watchlist at 24 months; return unavailable.
overall_stock,stock,,BTSG,BrightSpring Health Services,3,69,48,21,-0.0413424124514,0.0580139372822,0.0993563497336,2026-08-31,2026-09-07,BrightSpring Health Services moved from rank #69 to #48 across the watchlist at 3 months; return -4.1% to +5.8%.
overall_stock,stock,,BTSG,BrightSpring Health Services,12,4,5,-1,1.49598986914,1.5167840862,0.0207942170598,2026-08-31,2026-09-07,BrightSpring Health Services moved from rank #4 to #5 across the watchlist at 12 months; return +149.6% to +151.7%.
overall_stock,stock,,BTSG,BrightSpring Health Services,24,2,2,0,3.71155378486,3.69682907966,-0.0147247052003,2026-08-31,2026-09-07,BrightSpring Health Services moved from rank #2 to #2 across the watchlist at 24 months; return +371.2% to +369.7%.
overall_stock,stock,,CAH,Cardinal Health,3,31,25,6,0.191819105691,0.201594477663,0.00977537197173,2026-08-31,2026-09-07,Cardinal Health moved from rank #31 to #25 across the watchlist at 3 months; return +19.2% to +20.2%.
overall_stock,stock,,CAH,Cardinal Health,12,16,14,2,0.576488775373,0.65271462958,0.0762258542071,2026-08-31,2026-09-07,Cardinal Health moved from rank #16 to #14 across the watchlist at 12 months; return +57.6% to +65.3%.
overall_stock,stock,,CAH,Cardinal Health,24,7,7,0,1.08081973031,1.21150577078,0.130686040469,2026-08-31,2026-09-07,Cardinal Health moved from rank #7 to #7 across the watchlist at 24 months; return +108.1% to +121.2%.
overall_stock,stock,,CCSI,Consensus Cloud Solutions,3,43,49,-6,0.106259097525,0.0555223880597,-0.0507367094653,2026-08-31,2026-09-07,Consensus Cloud Solutions moved from rank #43 to #49 across the watchlist at 3 months; return +10.6% to +5.6%.
overall_stock,stock,,CCSI,Consensus Cloud Solutions,12,20,25,-5,0.430184418517,0.318910854159,-0.111273564358,2026-08-31,2026-09-07,Consensus Cloud Solutions moved from rank #20 to #25 across the watchlist at 12 months; return +43.0% to +31.9%.
overall_stock,stock,,CCSI,Consensus Cloud Solutions,24,17,18,-1,0.577418015774,0.557709251101,-0.0197087646727,2026-08-31,2026-09-07,Consensus Cloud Solutions moved from rank #17 to #18 across the watchlist at 24 months; return +57.7% to +55.8%.
overall_stock,stock,,CERT,Certara,3,9,9,0,0.43470790378,0.478584729981,0.0438768262014,2026-08-31,2026-09-07,Certara moved from rank #9 to #9 across the watchlist at 3 months; return +43.5% to +47.9%.
overall_stock,stock,,CERT,Certara,12,68,68,0,-0.229704797048,-0.245247148289,-0.015542351241,2026-08-31,2026-09-07,Certara moved from rank #68 to #68 across the watchlist at 12 months; return -23.0% to -24.5%.
overall_stock,stock,,CERT,Certara,24,63,63,0,-0.318367346939,-0.302897278314,0.0154700686247,2026-08-31,2026-09-07,Certara moved from rank #63 to #63 across the watchlist at 24 months; return -31.8% to -30.3%.
overall_stock,stock,,CHE,Chemed (Vitas),3,24,29,-5,0.227410238972,0.177200570665,-0.0502096683069,2026-08-31,2026-09-07,Chemed (Vitas) moved from rank #24 to #29 across the watchlist at 3 months; return +22.7% to +17.7%.
overall_stock,stock,,CHE,Chemed (Vitas),12,37,41,-4,0.14287585981,0.116422910895,-0.0264529489151,2026-08-31,2026-09-07,Chemed (Vitas) moved from rank #37 to #41 across the watchlist at 12 months; return +14.3% to +11.6%.
overall_stock,stock,,CHE,Chemed (Vitas),24,52,52,0,-0.107119095143,-0.0902981940361,0.0168209011069,2026-08-31,2026-09-07,Chemed (Vitas) moved from rank #52 to #52 across the watchlist at 24 months; return -10.7% to -9.0%.
overall_stock,stock,,CI,Cigna,3,62,67,-5,0.00533525594809,-0.0240431117867,-0.0293783677347,2026-08-31,2026-09-07,Cigna moved from rank #62 to #67 across the watchlist at 3 months; return +0.5% to -2.4%.
overall_stock,stock,,CI,Cigna,12,58,57,1,-0.0730880446705,-0.0746454423373,-0.0015573976668,2026-08-31,2026-09-07,Cigna moved from rank #58 to #57 across the watchlist at 12 months; return -7.3% to -7.5%.
overall_stock,stock,,CI,Cigna,24,57,57,0,-0.229208700699,-0.200769470141,0.0284392305584,2026-08-31,2026-09-07,Cigna moved from rank #57 to #57 across the watchlist at 24 months; return -22.9% to -20.1%.
overall_stock,stock,,CLOV,Clover Health,3,53,42,11,0.0628140703518,0.110966057441,0.0481519870895,2026-08-31,2026-09-07,Clover Health moved from rank #53 to #42 across the watchlist at 3 months; return +6.3% to +11.1%.
overall_stock,stock,,CLOV,Clover Health,12,15,17,-2,0.614503816794,0.547272727273,-0.0672310895213,2026-08-31,2026-09-07,Clover Health moved from rank #15 to #17 across the watchlist at 12 months; return +61.5% to +54.7%.
overall_stock,stock,,CLOV,Clover Health,24,15,15,0,0.608365019011,0.695219123506,0.086854104495,2026-08-31,2026-09-07,Clover Health moved from rank #15 to #15 across the watchlist at 24 months; return +60.8% to +69.5%.
overall_stock,stock,,CNC,Centene,3,49,46,3,0.0864093959732,0.0755655382641,-0.0108438577091,2026-08-31,2026-09-07,Centene moved from rank #49 to #46 across the watchlist at 3 months; return +8.6% to +7.6%.
overall_stock,stock,,CNC,Centene,12,7,7,0,1.22968319559,1.31331953071,0.0836363351208,2026-08-31,2026-09-07,Centene moved from rank #7 to #7 across the watchlist at 12 months; return +123.0% to +131.3%.
overall_stock,stock,,CNC,Centene,24,55,47,8,-0.178612203476,-0.0535084003953,0.125103803081,2026-08-31,2026-09-07,Centene moved from rank #55 to #47 across the watchlist at 24 months; return -17.9% to -5.4%.
overall_stock,stock,,CON,Concentra Group,3,10,12,-2,0.377563329312,0.361374407583,-0.0161889217291,2026-08-31,2026-09-07,Concentra Group moved from rank #10 to #12 across the watchlist at 3 months; return +37.8% to +36.1%.
overall_stock,stock,,CON,Concentra Group,12,19,18,1,0.439495798319,0.492854049372,0.053358251053,2026-08-31,2026-09-07,Concentra Group moved from rank #19 to #18 across the watchlist at 12 months; return +43.9% to +49.3%.
overall_stock,stock,,CON,Concentra Group,24,24,23,1,0.401226993865,0.420271940667,0.0190449468025,2026-08-31,2026-09-07,Concentra Group moved from rank #24 to #23 across the watchlist at 24 months; return +40.1% to +42.0%.
overall_stock,stock,,COR,Cencora,3,30,24,6,0.195537570538,0.203279522978,0.00774195244048,2026-08-31,2026-09-07,Cencora moved from rank #30 to #24 across the watchlist at 3 months; return +19.6% to +20.3%.
overall_stock,stock,,COR,Cencora,12,41,39,2,0.10431741024,0.131452991453,0.027135581213,2026-08-31,2026-09-07,Cencora moved from rank #41 to #39 across the watchlist at 12 months; return +10.4% to +13.1%.
overall_stock,stock,,COR,Cencora,24,25,24,1,0.344200025045,0.408477678001,0.0642776529564,2026-08-31,2026-09-07,Cencora moved from rank #25 to #24 across the watchlist at 24 months; return +34.4% to +40.8%.
overall_stock,stock,,CTRE,CareTrust REIT,3,70,56,14,-0.0438510534052,0.0273900447722,0.0712410981774,2026-08-31,2026-09-07,CareTrust REIT moved from rank #70 to #56 across the watchlist at 3 months; return -4.4% to +2.7%.
overall_stock,stock,,CTRE,CareTrust REIT,12,38,38,0,0.134263295554,0.149381261049,0.0151179654949,2026-08-31,2026-09-07,CareTrust REIT moved from rank #38 to #38 across the watchlist at 12 months; return +13.4% to +14.9%.
overall_stock,stock,,CTRE,CareTrust REIT,24,26,27,-1,0.306224899598,0.309939556749,0.0037146571515,2026-08-31,2026-09-07,CareTrust REIT moved from rank #26 to #27 across the watchlist at 24 months; return +30.6% to +31.0%.
overall_stock,stock,,CVS,CVS Health,3,58,60,-2,0.0228621675093,0.00844365683311,-0.0144185106762,2026-08-31,2026-09-07,CVS Health moved from rank #58 to #60 across the watchlist at 3 months; return +2.3% to +0.8%.
overall_stock,stock,,CVS,CVS Health,12,28,26,2,0.272180451128,0.31119544592,0.0390149947923,2026-08-31,2026-09-07,CVS Health moved from rank #28 to #26 across the watchlist at 12 months; return +27.2% to +31.1%.
overall_stock,stock,,CVS,CVS Health,24,13,16,-3,0.625786163522,0.675151515152,0.0493653516295,2026-08-31,2026-09-07,CVS Health moved from rank #13 to #16 across the watchlist at 24 months; return +62.6% to +67.5%.
overall_stock,stock,,CYH,Community Health Systems,3,51,50,1,0.0772058823529,0.0547445255474,-0.0224613568055,2026-08-31,2026-09-07,Community Health Systems moved from rank #51 to #50 across the watchlist at 3 months; return +7.7% to +5.5%.
overall_stock,stock,,CYH,Community Health Systems,12,47,50,-3,0.0615942028986,-0.0102739726027,-0.0718681755013,2026-08-31,2026-09-07,Community Health Systems moved from rank #47 to #50 across the watchlist at 12 months; return +6.2% to -1.0%.
overall_stock,stock,,CYH,Community Health Systems,24,68,69,-1,-0.462385321101,-0.49298245614,-0.0305971350394,2026-08-31,2026-09-07,Community Health Systems moved from rank #68 to #69 across the watchlist at 24 months; return -46.2% to -49.3%.
overall_stock,stock,,DGX,Quest Diagnostics,3,20,27,-7,0.245561826578,0.183983224325,-0.0615786022533,2026-08-31,2026-09-07,Quest Diagnostics moved from rank #20 to #27 across the watchlist at 3 months; return +24.6% to +18.4%.
overall_stock,stock,,DGX,Quest Diagnostics,12,24,31,-7,0.336489759965,0.292386506077,-0.0441032538884,2026-08-31,2026-09-07,Quest Diagnostics moved from rank #24 to #31 across the watchlist at 12 months; return +33.6% to +29.2%.
overall_stock,stock,,DGX,Quest Diagnostics,24,18,19,-1,0.546537554947,0.550644085529,0.00410653058233,2026-08-31,2026-09-07,Quest Diagnostics moved from rank #18 to #19 across the watchlist at 24 months; return +54.7% to +55.1%.
overall_stock,stock,,DH,Definitive Healthcare,3,75,32,43,-0.13794585303,0.170568561873,0.308514414903,2026-08-31,2026-09-07,Definitive Healthcare moved from rank #75 to #32 across the watchlist at 3 months; return -13.8% to +17.1%.
overall_stock,stock,,DH,Definitive Healthcare,12,80,80,0,-0.800893300248,-0.7375,0.063393300248,2026-08-31,2026-09-07,Definitive Healthcare moved from rank #80 to #80 across the watchlist at 12 months; return -80.1% to -73.8%.
overall_stock,stock,,DH,Definitive Healthcare,24,78,77,1,-0.828912579957,-0.755813953488,0.0730986264686,2026-08-31,2026-09-07,Definitive Healthcare moved from rank #78 to #77 across the watchlist at 24 months; return -82.9% to -75.6%.
overall_stock,stock,,DOC,Healthpeak properties,3,47,52,-5,0.0945169712794,0.0434562910561,-0.0510606802233,2026-08-31,2026-09-07,Healthpeak properties moved from rank #47 to #52 across the watchlist at 3 months; return +9.5% to +4.3%.
overall_stock,stock,,DOC,Healthpeak properties,12,36,40,-4,0.168338907469,0.122892876563,-0.0454460309057,2026-08-31,2026-09-07,Healthpeak properties moved from rank #36 to #40 across the watchlist at 12 months; return +16.8% to +12.3%.
overall_stock,stock,,DOC,Healthpeak properties,24,48,49,-1,-0.0592459605027,-0.0609367894497,-0.00169082894705,2026-08-31,2026-09-07,Healthpeak properties moved from rank #48 to #49 across the watchlist at 24 months; return -5.9% to -6.1%.
overall_stock,stock,,DOCS,Doximity,3,19,18,1,0.249065420561,0.279747450219,0.0306820296576,2026-08-31,2026-09-07,Doximity moved from rank #19 to #18 across the watchlist at 3 months; return +24.9% to +28.0%.
overall_stock,stock,,DOCS,Doximity,12,78,79,-1,-0.606564615838,-0.619988462648,-0.0134238468098,2026-08-31,2026-09-07,Doximity moved from rank #78 to #79 across the watchlist at 12 months; return -60.7% to -62.0%.
overall_stock,stock,,DOCS,Doximity,24,60,62,-2,-0.273246329527,-0.274903687397,-0.00165735786981,2026-08-31,2026-09-07,Doximity moved from rank #60 to #62 across the watchlist at 24 months; return -27.3% to -27.5%.
overall_stock,stock,,DVA,Davita,3,73,70,3,-0.0703848528504,-0.0425166527893,0.0278682000611,2026-08-31,2026-09-07,Davita moved from rank #73 to #70 across the watchlist at 3 months; return -7.0% to -4.3%.
overall_stock,stock,,DVA,Davita,12,25,22,3,0.311556329849,0.334518024226,0.0229616943767,2026-08-31,2026-09-07,Davita moved from rank #25 to #22 across the watchlist at 12 months; return +31.2% to +33.5%.
overall_stock,stock,,DVA,Davita,24,32,32,0,0.197190564538,0.226763568476,0.0295730039378,2026-08-31,2026-09-07,Davita moved from rank #32 to #32 across the watchlist at 24 months; return +19.7% to +22.7%.
overall_stock,stock,,EHC,Encompass Health,3,41,30,11,0.141709966934,0.170945101433,0.0292351344986,2026-08-31,2026-09-07,Encompass Health moved from rank #41 to #30 across the watchlist at 3 months; return +14.2% to +17.1%.
overall_stock,stock,,EHC,Encompass Health,12,54,53,1,-0.00747371879106,-0.0301799649626,-0.0227062461715,2026-08-31,2026-09-07,Encompass Health moved from rank #54 to #53 across the watchlist at 12 months; return -0.7% to -3.0%.
overall_stock,stock,,EHC,Encompass Health,24,27,26,1,0.29876410532,0.328714815623,0.029950710303,2026-08-31,2026-09-07,Encompass Health moved from rank #27 to #26 across the watchlist at 24 months; return +29.9% to +32.9%.
overall_stock,stock,,ELV,Elevance,3,63,66,-3,0.00315369159948,-0.0193247178302,-0.0224784094297,2026-08-31,2026-09-07,Elevance moved from rank #63 to #66 across the watchlist at 3 months; return +0.3% to -1.9%.
overall_stock,stock,,ELV,Elevance,12,33,28,5,0.237815785344,0.299260298431,0.0614445130873,2026-08-31,2026-09-07,Elevance moved from rank #33 to #28 across the watchlist at 12 months; return +23.8% to +29.9%.
overall_stock,stock,,ELV,Elevance,24,62,60,2,-0.291727271095,-0.248030115702,0.0436971553931,2026-08-31,2026-09-07,Elevance moved from rank #62 to #60 across the watchlist at 24 months; return -29.2% to -24.8%.
overall_stock,stock,,ENSG,The Ensign Group,3,56,64,-8,0.0317924246943,0.00287727539636,-0.0289151492979,2026-08-31,2026-09-07,The Ensign Group moved from rank #56 to #64 across the watchlist at 3 months; return +3.2% to +0.3%.
overall_stock,stock,,ENSG,The Ensign Group,12,51,52,-1,0.00698567935732,-0.0183918616012,-0.0253775409586,2026-08-31,2026-09-07,The Ensign Group moved from rank #51 to #52 across the watchlist at 12 months; return +0.7% to -1.8%.
overall_stock,stock,,ENSG,The Ensign Group,24,35,37,-2,0.142838266385,0.145857094935,0.00301882854959,2026-08-31,2026-09-07,The Ensign Group moved from rank #35 to #37 across the watchlist at 24 months; return +14.3% to +14.6%.
overall_stock,stock,,EVH,Evolent Health,3,36,57,-21,0.164556962025,0.0236966824645,-0.140860279561,2026-08-31,2026-09-07,Evolent Health moved from rank #36 to #57 across the watchlist at 3 months; return +16.5% to +2.4%.
overall_stock,stock,,EVH,Evolent Health,12,76,77,-1,-0.523316062176,-0.550468262227,-0.0271522000508,2026-08-31,2026-09-07,Evolent Health moved from rank #76 to #77 across the watchlist at 12 months; return -52.3% to -55.0%.
overall_stock,stock,,EVH,Evolent Health,24,79,79,0,-0.856160100063,-0.858407079646,-0.00224697958302,2026-08-31,2026-09-07,Evolent Health moved from rank #79 to #79 across the watchlist at 24 months; return -85.6% to -85.8%.
overall_stock,stock,,FMS,Fresenius,3,52,55,-3,0.0709318497914,0.0285973672265,-0.0423344825649,2026-08-31,2026-09-07,Fresenius moved from rank #52 to #55 across the watchlist at 3 months; return +7.1% to +2.9%.
overall_stock,stock,,FMS,Fresenius,12,61,58,3,-0.101167315175,-0.0851836899475,0.0159836252275,2026-08-31,2026-09-07,Fresenius moved from rank #61 to #58 across the watchlist at 12 months; return -10.1% to -8.5%.
overall_stock,stock,,FMS,Fresenius,24,33,36,-3,0.191335740072,0.151422764228,-0.0399129758444,2026-08-31,2026-09-07,Fresenius moved from rank #33 to #36 across the watchlist at 24 months; return +19.1% to +15.1%.
overall_stock,stock,,GDRX,GoodRx,3,28,15,13,0.208904109589,0.31320754717,0.104303437581,2026-08-31,2026-09-07,GoodRx moved from rank #28 to #15 across the watchlist at 3 months; return +20.9% to +31.3%.
overall_stock,stock,,GDRX,GoodRx,12,67,62,5,-0.188505747126,-0.13,0.058505747126,2026-08-31,2026-09-07,GoodRx moved from rank #67 to #62 across the watchlist at 12 months; return -18.9% to -13.0%.
overall_stock,stock,,GDRX,GoodRx,24,72,73,-1,-0.553164556962,-0.548638132296,0.00452642466628,2026-08-31,2026-09-07,GoodRx moved from rank #72 to #73 across the watchlist at 24 months; return -55.3% to -54.9%.
overall_stock,stock,,GH,Guardant Health,3,21,17,4,0.245277199476,0.285009155322,0.039731955846,2026-08-31,2026-09-07,Guardant Health moved from rank #21 to #17 across the watchlist at 3 months; return +24.5% to +28.5%.
overall_stock,stock,,GH,Guardant Health,12,5,4,1,1.39543162266,1.68435057376,0.288918951097,2026-08-31,2026-09-07,Guardant Health moved from rank #5 to #4 across the watchlist at 12 months; return +139.5% to +168.4%.
overall_stock,stock,,GH,Guardant Health,24,1,1,0,5.31352619234,5.8019384745,0.488412282165,2026-08-31,2026-09-07,Guardant Health moved from rank #1 to #1 across the watchlist at 24 months; return +531.4% to +580.2%.
overall_stock,stock,,HCA,HCA Healthcare,3,44,44,0,0.103767105194,0.0883293472711,-0.0154377579229,2026-08-31,2026-09-07,HCA Healthcare moved from rank #44 to #44 across the watchlist at 3 months; return +10.4% to +8.8%.
overall_stock,stock,,HCA,HCA Healthcare,12,48,54,-6,0.0343103277552,-0.0374789077168,-0.071789235472,2026-08-31,2026-09-07,HCA Healthcare moved from rank #48 to #54 across the watchlist at 12 months; return +3.4% to -3.7%.
overall_stock,stock,,HCA,HCA Healthcare,24,43,45,-2,0.056194544857,0.043868240631,-0.012326304226,2026-08-31,2026-09-07,HCA Healthcare moved from rank #43 to #45 across the watchlist at 24 months; return +5.6% to +4.4%.
overall_stock,stock,,HCAT,Health Catalyst,3,38,76,-38,0.152173913043,-0.124352331606,-0.276526244649,2026-08-31,2026-09-07,Health Catalyst moved from rank #38 to #76 across the watchlist at 3 months; return +15.2% to -12.4%.
overall_stock,stock,,HCAT,Health Catalyst,12,77,75,2,-0.530973451327,-0.5,0.030973451327,2026-08-31,2026-09-07,Health Catalyst moved from rank #77 to #75 across the watchlist at 12 months; return -53.1% to -50.0%.
overall_stock,stock,,HCAT,Health Catalyst,24,77,78,-1,-0.778859527121,-0.76817558299,0.0106839441306,2026-08-31,2026-09-07,Health Catalyst moved from rank #77 to #78 across the watchlist at 24 months; return -77.9% to -76.8%.
overall_stock,stock,,HIMS,Hims & Hers,3,45,47,-2,0.102868068834,0.0580374188622,-0.0448306499718,2026-08-31,2026-09-07,Hims & Hers moved from rank #45 to #47 across the watchlist at 3 months; return +10.3% to +5.8%.
overall_stock,stock,,HIMS,Hims & Hers,12,70,73,-3,-0.319008264463,-0.427597603801,-0.108589339338,2026-08-31,2026-09-07,Hims & Hers moved from rank #70 to #73 across the watchlist at 12 months; return -31.9% to -42.8%.
overall_stock,stock,,HIMS,Hims & Hers,24,9,8,1,0.957909029192,1.03003663004,0.0721276008446,2026-08-31,2026-09-07,Hims & Hers moved from rank #9 to #8 across the watchlist at 24 months; return +95.8% to +103.0%.
overall_stock,stock,,HQY,HealthEquity,3,46,45,1,0.0952380952381,0.0834555091914,-0.0117825860467,2026-08-31,2026-09-07,HealthEquity moved from rank #46 to #45 across the watchlist at 3 months; return +9.5% to +8.3%.
overall_stock,stock,,HQY,HealthEquity,12,44,47,-3,0.0788089107803,0.0501749016178,-0.0286340091625,2026-08-31,2026-09-07,HealthEquity moved from rank #44 to #47 across the watchlist at 12 months; return +7.9% to +5.0%.
overall_stock,stock,,HQY,HealthEquity,24,30,31,-1,0.211287078934,0.260099685205,0.0488126062706,2026-08-31,2026-09-07,HealthEquity moved from rank #30 to #31 across the watchlist at 24 months; return +21.1% to +26.0%.
overall_stock,stock,,HSIC,Henry Schein,3,34,34,0,0.168973622356,0.159586830213,-0.00938679214296,2026-08-31,2026-09-07,Henry Schein moved from rank #34 to #34 across the watchlist at 3 months; return +16.9% to +16.0%.
overall_stock,stock,,HSIC,Henry Schein,12,27,30,-3,0.286576602472,0.293533054875,0.00695645240341,2026-08-31,2026-09-07,Henry Schein moved from rank #27 to #30 across the watchlist at 12 months; return +28.7% to +29.4%.
overall_stock,stock,,HSIC,Henry Schein,24,29,28,1,0.268887313962,0.30518819939,0.0363008854276,2026-08-31,2026-09-07,Henry Schein moved from rank #29 to #28 across the watchlist at 24 months; return +26.9% to +30.5%.
overall_stock,stock,,HUM,Humana,3,17,37,-20,0.262327287015,0.146994972578,-0.115332314437,2026-08-31,2026-09-07,Humana moved from rank #17 to #37 across the watchlist at 3 months; return +26.2% to +14.7%.
overall_stock,stock,,HUM,Humana,12,29,27,2,0.269643680432,0.304040010392,0.0343963299603,2026-08-31,2026-09-07,Humana moved from rank #29 to #27 across the watchlist at 12 months; return +27.0% to +30.4%.
overall_stock,stock,,HUM,Humana,24,38,39,-1,0.0876519874743,0.122058905717,0.034406918243,2026-08-31,2026-09-07,Humana moved from rank #38 to #39 across the watchlist at 24 months; return +8.8% to +12.2%.
overall_stock,stock,,ILMN,Illumina,3,12,13,-1,0.322962690231,0.344381468704,0.0214187784728,2026-08-31,2026-09-07,Illumina moved from rank #12 to #13 across the watchlist at 3 months; return +32.3% to +34.4%.
overall_stock,stock,,ILMN,Illumina,12,8,8,0,1.15676270508,1.20580208228,0.0490393772004,2026-08-31,2026-09-07,Illumina moved from rank #8 to #8 across the watchlist at 12 months; return +115.7% to +120.6%.
overall_stock,stock,,ILMN,Illumina,24,12,13,-1,0.640715372907,0.754321086904,0.113605713997,2026-08-31,2026-09-07,Illumina moved from rank #12 to #13 across the watchlist at 24 months; return +64.1% to +75.4%.
overall_stock,stock,,IQV,Iqvia,3,8,10,-2,0.436529279403,0.459634777869,0.0231054984656,2026-08-31,2026-09-07,Iqvia moved from rank #8 to #10 across the watchlist at 3 months; return +43.7% to +46.0%.
overall_stock,stock,,IQV,Iqvia,12,22,19,3,0.371783449505,0.426736999147,0.0549535496425,2026-08-31,2026-09-07,Iqvia moved from rank #22 to #19 across the watchlist at 12 months; return +37.2% to +42.7%.
overall_stock,stock,,IQV,Iqvia,24,44,43,1,0.0405485986881,0.101616818201,0.0610682195124,2026-08-31,2026-09-07,Iqvia moved from rank #44 to #43 across the watchlist at 24 months; return +4.1% to +10.2%.
overall_stock,stock,,LFMD,LifeMD,3,80,82,-2,-0.266355140187,-0.370143149284,-0.103788009097,2026-08-31,2026-09-07,LifeMD moved from rank #80 to #82 across the watchlist at 3 months; return -26.6% to -37.0%.
overall_stock,stock,,LFMD,LifeMD,12,75,74,1,-0.492730210016,-0.491749174917,0.000981035098508,2026-08-31,2026-09-07,LifeMD moved from rank #75 to #74 across the watchlist at 12 months; return -49.3% to -49.2%.
overall_stock,stock,,LFMD,LifeMD,24,65,65,0,-0.397312859885,-0.356993736952,0.040319122933,2026-08-31,2026-09-07,LifeMD moved from rank #65 to #65 across the watchlist at 24 months; return -39.7% to -35.7%.
overall_stock,stock,,LFST,Lifestance Health,3,4,3,1,0.596627756161,0.717948717949,0.121320961788,2026-08-31,2026-09-07,Lifestance Health moved from rank #4 to #3 across the watchlist at 3 months; return +59.7% to +71.8%.
overall_stock,stock,,LFST,Lifestance Health,12,6,6,0,1.24635036496,1.37057728119,0.124226916232,2026-08-31,2026-09-07,Lifestance Health moved from rank #6 to #6 across the watchlist at 12 months; return +124.6% to +137.1%.
overall_stock,stock,,LFST,Lifestance Health,24,10,11,-1,0.95087163233,0.831654676259,-0.119216956071,2026-08-31,2026-09-07,Lifestance Health moved from rank #10 to #11 across the watchlist at 24 months; return +95.1% to +83.2%.
overall_stock,stock,,LH,Labcorp Holdings,3,15,23,-8,0.288587249096,0.232849330568,-0.0557379185284,2026-08-31,2026-09-07,Labcorp Holdings moved from rank #15 to #23 across the watchlist at 3 months; return +28.9% to +23.3%.
overall_stock,stock,,LH,Labcorp Holdings,12,34,35,-1,0.205475017087,0.173036207701,-0.0324388093861,2026-08-31,2026-09-07,Labcorp Holdings moved from rank #34 to #35 across the watchlist at 12 months; return +20.5% to +17.3%.
overall_stock,stock,,LH,Labcorp Holdings,24,21,20,1,0.457697159511,0.45991693091,0.00221977139874,2026-08-31,2026-09-07,Labcorp Holdings moved from rank #21 to #20 across the watchlist at 24 months; return +45.8% to +46.0%.
overall_stock,stock,,MCK,McKesson,3,29,31,-2,0.203316092883,0.170603099296,-0.0327129935869,2026-08-31,2026-09-07,McKesson moved from rank #29 to #31 across the watchlist at 3 months; return +20.3% to +17.1%.
overall_stock,stock,,MCK,McKesson,12,26,24,2,0.301103926366,0.320904858889,0.0198009325226,2026-08-31,2026-09-07,McKesson moved from rank #26 to #24 across the watchlist at 12 months; return +30.1% to +32.1%.
overall_stock,stock,,MCK,McKesson,24,16,12,4,0.592268482213,0.800959993653,0.20869151144,2026-08-31,2026-09-07,McKesson moved from rank #16 to #12 across the watchlist at 24 months; return +59.2% to +80.1%.
overall_stock,stock,,MDRX,Veradigm,3,68,69,-1,-0.04,-0.04,-3.46944695195e-17,2026-08-31,2026-09-07,Veradigm moved from rank #68 to #69 across the watchlist at 3 months; return -4.0% to -4.0%.
overall_stock,stock,,MDRX,Veradigm,12,55,51,4,-0.0204081632653,-0.0123456790123,0.00806248425295,2026-08-31,2026-09-07,Veradigm moved from rank #55 to #51 across the watchlist at 12 months; return -2.0% to -1.2%.
overall_stock,stock,,MDRX,Veradigm,24,70,70,0,-0.517587939698,-0.505154639175,0.0124333005227,2026-08-31,2026-09-07,Veradigm moved from rank #70 to #70 across the watchlist at 24 months; return -51.8% to -50.5%.
overall_stock,stock,,MOH,Molina Healthcare,3,39,51,-12,0.152073732719,0.0520800586818,-0.0999936740372,2026-08-31,2026-09-07,Molina Healthcare moved from rank #39 to #51 across the watchlist at 3 months; return +15.2% to +5.2%.
overall_stock,stock,,MOH,Molina Healthcare,12,40,37,3,0.106011170713,0.149728027484,0.0437168567705,2026-08-31,2026-09-07,Molina Healthcare moved from rank #40 to #37 across the watchlist at 12 months; return +10.6% to +15.0%.
overall_stock,stock,,MOH,Molina Healthcare,24,66,66,0,-0.428228365591,-0.386832783681,0.0413955819096,2026-08-31,2026-09-07,Molina Healthcare moved from rank #66 to #66 across the watchlist at 24 months; return -42.8% to -38.7%.
overall_stock,stock,,MPT,Medical Properties Trust,3,77,78,-1,-0.199608610568,-0.194779116466,0.00482949410214,2026-08-31,2026-09-07,Medical Properties Trust moved from rank #77 to #78 across the watchlist at 3 months; return -20.0% to -19.5%.
overall_stock,stock,,MPT,Medical Properties Trust,12,,,,,,,2026-08-31,2026-09-07,Medical Properties Trust moved from rank unavailable across the watchlist at 12 months; return unavailable.
overall_stock,stock,,MPT,Medical Properties Trust,24,,,,,,,2026-08-31,2026-09-07,Medical Properties Trust moved from rank unavailable across the watchlist at 24 months; return unavailable.
overall_stock,stock,,NEO,NeoGenomics,3,3,5,-2,0.715779467681,0.594495412844,-0.121284054837,2026-08-31,2026-09-07,NeoGenomics moved from rank #3 to #5 across the watchlist at 3 months; return +71.6% to +59.4%.
overall_stock,stock,,NEO,NeoGenomics,12,9,9,0,1.05580865604,1.17794486216,0.122136206115,2026-08-31,2026-09-07,NeoGenomics moved from rank #9 to #9 across the watchlist at 12 months; return +105.6% to +117.8%.
overall_stock,stock,,NEO,NeoGenomics,24,37,44,-7,0.0926150121065,0.0835411471322,-0.00907386497433,2026-08-31,2026-09-07,NeoGenomics moved from rank #37 to #44 across the watchlist at 24 months; return +9.3% to +8.4%.
overall_stock,stock,,NHI,National Health Investors,3,66,61,5,-0.0171919770774,0.00638932273179,0.0235812998092,2026-08-31,2026-09-07,National Health Investors moved from rank #66 to #61 across the watchlist at 3 months; return -1.7% to +0.6%.
overall_stock,stock,,NHI,National Health Investors,12,59,59,0,-0.0799591263252,-0.0959183673469,-0.0159592410217,2026-08-31,2026-09-07,National Health Investors moved from rank #59 to #59 across the watchlist at 12 months; return -8.0% to -9.6%.
overall_stock,stock,,NHI,National Health Investors,24,53,53,0,-0.115436571288,-0.13886526546,-0.0234286941718,2026-08-31,2026-09-07,National Health Investors moved from rank #53 to #53 across the watchlist at 24 months; return -11.5% to -13.9%.
overall_stock,stock,,NTRA,Natera,3,7,7,0,0.460625867395,0.524220890809,0.0635950234136,2026-08-31,2026-09-07,Natera moved from rank #7 to #7 across the watchlist at 3 months; return +46.1% to +52.4%.
overall_stock,stock,,NTRA,Natera,12,11,11,0,0.939138187221,0.953219854779,0.0140816675582,2026-08-31,2026-09-07,Natera moved from rank #11 to #11 across the watchlist at 12 months; return +93.9% to +95.3%.
overall_stock,stock,,NTRA,Natera,24,3,5,-2,1.75883646203,1.90682019486,0.147983732833,2026-08-31,2026-09-07,Natera moved from rank #3 to #5 across the watchlist at 24 months; return +175.9% to +190.7%.
overall_stock,stock,,OHI,Omega Healthcare Investors,3,65,53,12,-0.0164670658683,0.0429503035754,0.0594173694437,2026-08-31,2026-09-07,Omega Healthcare Investors moved from rank #65 to #53 across the watchlist at 3 months; return -1.6% to +4.3%.
overall_stock,stock,,OHI,Omega Healthcare Investors,12,43,43,0,0.0803382663848,0.0751043115438,-0.00523395484099,2026-08-31,2026-09-07,Omega Healthcare Investors moved from rank #43 to #43 across the watchlist at 12 months; return +8.0% to +7.5%.
overall_stock,stock,,OHI,Omega Healthcare Investors,24,34,35,-1,0.163125948407,0.170030272452,0.00690432404507,2026-08-31,2026-09-07,Omega Healthcare Investors moved from rank #34 to #35 across the watchlist at 24 months; return +16.3% to +17.0%.
overall_stock,stock,,OMCL,Omnicell,3,79,79,0,-0.250566379701,-0.200697674419,0.0498687052824,2026-08-31,2026-09-07,Omnicell moved from rank #79 to #79 across the watchlist at 3 months; return -25.1% to -20.1%.
overall_stock,stock,,OMCL,Omnicell,12,50,44,6,0.0150352868978,0.0703830582373,0.0553477713395,2026-08-31,2026-09-07,Omnicell moved from rank #50 to #44 across the watchlist at 12 months; return +1.5% to +7.0%.
overall_stock,stock,,OMCL,Omnicell,24,59,58,1,-0.256294964029,-0.241112828439,0.0151821355901,2026-08-31,2026-09-07,Omnicell moved from rank #59 to #58 across the watchlist at 24 months; return -25.6% to -24.1%.
overall_stock,stock,,OMDA,Omada Health,3,13,19,-6,0.318308291597,0.269938650307,-0.0483696412903,2026-08-31,2026-09-07,Omada Health moved from rank #13 to #19 across the watchlist at 3 months; return +31.8% to +27.0%.
overall_stock,stock,,OMDA,Omada Health,12,53,55,-2,0,-0.0621911037891,-0.0621911037891,2026-08-31,2026-09-07,Omada Health moved from rank #53 to #55 across the watchlist at 12 months; return +0.0% to -6.2%.
overall_stock,stock,,OMDA,Omada Health,24,,,,,,,2026-08-31,2026-09-07,Omada Health moved from rank unavailable across the watchlist at 24 months; return unavailable.
overall_stock,stock,,OPCH,Option Care Health,3,40,28,12,0.145184475323,0.180399804973,0.0352153296502,2026-08-31,2026-09-07,Option Care Health moved from rank #40 to #28 across the watchlist at 3 months; return +14.5% to +18.0%.
overall_stock,stock,,OPCH,Option Care Health,12,65,64,1,-0.166666666667,-0.167755242351,-0.00108857568432,2026-08-31,2026-09-07,Option Care Health moved from rank #65 to #64 across the watchlist at 12 months; return -16.7% to -16.8%.
overall_stock,stock,,OPCH,Option Care Health,24,58,59,-1,-0.253591505309,-0.245794392523,0.00779711278564,2026-08-31,2026-09-07,Option Care Health moved from rank #58 to #59 across the watchlist at 24 months; return -25.4% to -24.6%.
overall_stock,stock,,ORCL,Oracle-Cerner,3,81,80,1,-0.331871733546,-0.256926244852,0.0749454886939,2026-08-31,2026-09-07,Oracle-Cerner moved from rank #81 to #80 across the watchlist at 3 months; return -33.2% to -25.7%.
overall_stock,stock,,ORCL,Oracle-Cerner,12,71,70,1,-0.332905850617,-0.31795532646,0.0149505241565,2026-08-31,2026-09-07,Oracle-Cerner moved from rank #71 to #70 across the watchlist at 12 months; return -33.3% to -31.8%.
overall_stock,stock,,ORCL,Oracle-Cerner,24,42,40,2,0.0676622549367,0.119667160285,0.0520049053482,2026-08-31,2026-09-07,Oracle-Cerner moved from rank #42 to #40 across the watchlist at 24 months; return +6.8% to +12.0%.
overall_stock,stock,,OSCR,Oscar Health,3,11,14,-3,0.370670265407,0.315789473684,-0.0548807917228,2026-08-31,2026-09-07,Oscar Health moved from rank #11 to #14 across the watchlist at 3 months; return +37.1% to +31.6%.
overall_stock,stock,,OSCR,Oscar Health,12,12,13,-1,0.828931572629,0.659804426145,-0.169127146484,2026-08-31,2026-09-07,Oscar Health moved from rank #12 to #13 across the watchlist at 12 months; return +82.9% to +66.0%.
overall_stock,stock,,OSCR,Oscar Health,24,11,9,2,0.665027322404,0.898175397293,0.233148074889,2026-08-31,2026-09-07,Oscar Health moved from rank #11 to #9 across the watchlist at 24 months; return +66.5% to +89.8%.
overall_stock,stock,,PACB,PacBio,3,72,72,0,-0.0604026845638,-0.0689655172414,-0.00856283267758,2026-08-31,2026-09-07,PacBio moved from rank #72 to #72 across the watchlist at 3 months; return -6.0% to -6.9%.
overall_stock,stock,,PACB,PacBio,12,46,46,0,0.0687022900763,0.0629921259843,-0.00571016409205,2026-08-31,2026-09-07,PacBio moved from rank #46 to #46 across the watchlist at 12 months; return +6.9% to +6.3%.
overall_stock,stock,,PACB,PacBio,24,46,54,-8,0.021897810219,-0.145569620253,-0.167467430472,2026-08-31,2026-09-07,PacBio moved from rank #46 to #54 across the watchlist at 24 months; return +2.2% to -14.6%.
overall_stock,stock,,PACS,PACS Group,3,35,36,-1,0.166439290587,0.148338286949,-0.0181010036375,2026-08-31,2026-09-07,PACS Group moved from rank #35 to #36 across the watchlist at 3 months; return +16.6% to +14.8%.
overall_stock,stock,,PACS,PACS Group,12,2,2,0,2.67268041237,2.8048343778,0.132153965428,2026-08-31,2026-09-07,PACS Group moved from rank #2 to #2 across the watchlist at 12 months; return +267.3% to +280.5%.
overall_stock,stock,,PACS,PACS Group,24,41,38,3,0.0776405344089,0.145552560647,0.067912026238,2026-08-31,2026-09-07,PACS Group moved from rank #41 to #38 across the watchlist at 24 months; return +7.8% to +14.6%.
overall_stock,stock,,PGNY,Progyny,3,59,63,-4,0.0172143974961,0.0030935808198,-0.0141208166763,2026-08-31,2026-09-07,Progyny moved from rank #59 to #63 across the watchlist at 3 months; return +1.7% to +0.3%.
overall_stock,stock,,PGNY,Progyny,12,42,36,6,0.0984368398817,0.150332594235,0.0518957543533,2026-08-31,2026-09-07,Progyny moved from rank #42 to #36 across the watchlist at 12 months; return +9.8% to +15.0%.
overall_stock,stock,,PGNY,Progyny,24,36,41,-5,0.106853980417,0.11858559724,0.0117316168232,2026-08-31,2026-09-07,Progyny moved from rank #36 to #41 across the watchlist at 24 months; return +10.7% to +11.9%.
overall_stock,stock,,PHR,Phreesia,3,22,38,-16,0.232251521298,0.146750524109,-0.085500997189,2026-08-31,2026-09-07,Phreesia moved from rank #22 to #38 across the watchlist at 3 months; return +23.2% to +14.7%.
overall_stock,stock,,PHR,Phreesia,12,79,78,1,-0.616234996841,-0.611091361536,0.00514363530527,2026-08-31,2026-09-07,Phreesia moved from rank #79 to #78 across the watchlist at 12 months; return -61.6% to -61.1%.
overall_stock,stock,,PHR,Phreesia,24,71,72,-1,-0.527421236873,-0.535456475584,-0.00803523871086,2026-08-31,2026-09-07,Phreesia moved from rank #71 to #72 across the watchlist at 24 months; return -52.7% to -53.5%.
overall_stock,stock,,PIII,P3 Health,3,78,77,1,-0.24302134647,-0.192573402418,0.050447944052,2026-08-31,2026-09-07,P3 Health moved from rank #78 to #77 across the watchlist at 3 months; return -24.3% to -19.3%.
overall_stock,stock,,PIII,P3 Health,12,39,45,-6,0.106869312589,0.0656242164528,-0.0412450961362,2026-08-31,2026-09-07,P3 Health moved from rank #39 to #45 across the watchlist at 12 months; return +10.7% to +6.6%.
overall_stock,stock,,PIII,P3 Health,24,74,74,0,-0.634634436299,-0.59347826087,0.0411561754294,2026-08-31,2026-09-07,P3 Health moved from rank #74 to #74 across the watchlist at 24 months; return -63.5% to -59.3%.
overall_stock,stock,,PNTG,Pennant Group,3,50,26,24,0.0826277372263,0.198360138757,0.115732401531,2026-08-31,2026-09-07,Pennant Group moved from rank #50 to #26 across the watchlist at 3 months; return +8.3% to +19.8%.
overall_stock,stock,,PNTG,Pennant Group,12,17,16,1,0.544356518117,0.564429806505,0.0200732883877,2026-08-31,2026-09-07,Pennant Group moved from rank #17 to #16 across the watchlist at 12 months; return +54.4% to +56.4%.
overall_stock,stock,,PNTG,Pennant Group,24,39,34,5,0.0823117338004,0.193467336683,0.111155602883,2026-08-31,2026-09-07,Pennant Group moved from rank #39 to #34 across the watchlist at 24 months; return +8.2% to +19.3%.
overall_stock,stock,,PRVA,Privia Health Group,3,67,71,-4,-0.0334728033473,-0.044845122515,-0.0113723191677,2026-08-31,2026-09-07,Privia Health Group moved from rank #67 to #71 across the watchlist at 3 months; return -3.3% to -4.5%.
overall_stock,stock,,PRVA,Privia Health Group,12,60,61,-1,-0.09765625,-0.112542955326,-0.0148867053265,2026-08-31,2026-09-07,Privia Health Group moved from rank #60 to #61 across the watchlist at 12 months; return -9.8% to -11.3%.
overall_stock,stock,,PRVA,Privia Health Group,24,45,42,3,0.03227408143,0.10718113612,0.07490705469,2026-08-31,2026-09-07,Privia Health Group moved from rank #45 to #42 across the watchlist at 24 months; return +3.2% to +10.7%.
overall_stock,stock,,QDEL,QuidelOrtho,3,42,68,-26,0.132104454685,-0.0251221214236,-0.157226576109,2026-08-31,2026-09-07,QuidelOrtho moved from rank #42 to #68 across the watchlist at 3 months; return +13.2% to -2.5%.
overall_stock,stock,,QDEL,QuidelOrtho,12,74,76,-2,-0.486232136633,-0.51290097629,-0.0266688396571,2026-08-31,2026-09-07,QuidelOrtho moved from rank #74 to #76 across the watchlist at 12 months; return -48.6% to -51.3%.
overall_stock,stock,,QDEL,QuidelOrtho,24,75,76,-1,-0.651124260355,-0.678481012658,-0.0273567523032,2026-08-31,2026-09-07,QuidelOrtho moved from rank #75 to #76 across the watchlist at 24 months; return -65.1% to -67.8%.
overall_stock,stock,,SBRA,Sabra Health Care REIT,3,54,41,13,0.0361990950226,0.125677139762,0.089478044739,2026-08-31,2026-09-07,Sabra Health Care REIT moved from rank #54 to #41 across the watchlist at 3 months; return +3.6% to +12.6%.
overall_stock,stock,,SBRA,Sabra Health Care REIT,12,45,42,3,0.0784929356358,0.0919600630583,0.0134671274225,2026-08-31,2026-09-07,Sabra Health Care REIT moved from rank #45 to #42 across the watchlist at 12 months; return +7.8% to +9.2%.
overall_stock,stock,,SBRA,Sabra Health Care REIT,24,31,33,-2,0.209507042254,0.204637681159,-0.00486936109458,2026-08-31,2026-09-07,Sabra Health Care REIT moved from rank #31 to #33 across the watchlist at 24 months; return +21.0% to +20.5%.
overall_stock,stock,,SGRY,Surgery Partners,3,57,54,3,0.0247005988024,0.0401167031364,0.015416104334,2026-08-31,2026-09-07,Surgery Partners moved from rank #57 to #54 across the watchlist at 3 months; return +2.5% to +4.0%.
overall_stock,stock,,SGRY,Surgery Partners,12,73,72,1,-0.396650506831,-0.3665037761,0.0301467307315,2026-08-31,2026-09-07,Surgery Partners moved from rank #73 to #72 across the watchlist at 12 months; return -39.7% to -36.7%.
overall_stock,stock,,SGRY,Surgery Partners,24,73,71,2,-0.57151799687,-0.527501656726,0.0440163401437,2026-08-31,2026-09-07,Surgery Partners moved from rank #73 to #71 across the watchlist at 24 months; return -57.2% to -52.8%.
overall_stock,stock,,SOLV,Solventum,3,26,40,-14,0.215743829219,0.131835575855,-0.0839082533642,2026-08-31,2026-09-07,Solventum moved from rank #26 to #40 across the watchlist at 3 months; return +21.6% to +13.2%.
overall_stock,stock,,SOLV,Solventum,12,31,32,-1,0.246682172664,0.260863586359,0.0141814136946,2026-08-31,2026-09-07,Solventum moved from rank #31 to #32 across the watchlist at 12 months; return +24.7% to +26.1%.
overall_stock,stock,,SOLV,Solventum,24,23,25,-2,0.421307128373,0.385045317221,-0.0362618111525,2026-08-31,2026-09-07,Solventum moved from rank #23 to #25 across the watchlist at 24 months; return +42.1% to +38.5%.
overall_stock,stock,,TALK,Talkspace,3,60,62,-2,0.00961538461538,0.00574712643678,-0.0038682581786,2026-08-31,2026-09-07,Talkspace moved from rank #60 to #62 across the watchlist at 3 months; return +1.0% to +0.6%.
overall_stock,stock,,TALK,Talkspace,12,10,10,0,0.973684210526,1.01149425287,0.0378100423476,2026-08-31,2026-09-07,Talkspace moved from rank #10 to #10 across the watchlist at 12 months; return +97.4% to +101.1%.
overall_stock,stock,,TALK,Talkspace,24,5,3,2,1.625,1.93296089385,0.307960893855,2026-08-31,2026-09-07,Talkspace moved from rank #5 to #3 across the watchlist at 24 months; return +162.5% to +193.3%.
overall_stock,stock,,TDOC,Teladoc,3,76,74,2,-0.145860709593,-0.109219858156,0.036640851437,2026-08-31,2026-09-07,Teladoc moved from rank #76 to #74 across the watchlist at 3 months; return -14.6% to -10.9%.
overall_stock,stock,,TDOC,Teladoc,12,64,67,-3,-0.159120310479,-0.196930946292,-0.0378106358126,2026-08-31,2026-09-07,Teladoc moved from rank #64 to #67 across the watchlist at 12 months; return -15.9% to -19.7%.
overall_stock,stock,,TDOC,Teladoc,24,51,55,-4,-0.0934449093445,-0.163781624501,-0.0703367151562,2026-08-31,2026-09-07,Teladoc moved from rank #51 to #55 across the watchlist at 24 months; return -9.3% to -16.4%.
overall_stock,stock,,TEM,Tempus AI,3,16,11,5,0.268872597583,0.391772560844,0.122899963261,2026-08-31,2026-09-07,Tempus AI moved from rank #16 to #11 across the watchlist at 3 months; return +26.9% to +39.2%.
overall_stock,stock,,TEM,Tempus AI,12,63,66,-3,-0.155813340364,-0.188394875659,-0.0325815352954,2026-08-31,2026-09-07,Tempus AI moved from rank #63 to #66 across the watchlist at 12 months; return -15.6% to -18.8%.
overall_stock,stock,,TEM,Tempus AI,24,40,29,11,0.0784776018862,0.287507471608,0.209029869722,2026-08-31,2026-09-07,Tempus AI moved from rank #40 to #29 across the watchlist at 24 months; return +7.8% to +28.8%.
overall_stock,stock,,THC,Tenet Health,3,6,4,2,0.521788729181,0.635505368382,0.113716639201,2026-08-31,2026-09-07,Tenet Health moved from rank #6 to #4 across the watchlist at 3 months; return +52.2% to +63.6%.
overall_stock,stock,,THC,Tenet Health,12,18,21,-3,0.44740411219,0.351055153431,-0.0963489587595,2026-08-31,2026-09-07,Tenet Health moved from rank #18 to #21 across the watchlist at 12 months; return +44.7% to +35.1%.
overall_stock,stock,,THC,Tenet Health,24,14,14,0,0.608779546551,0.727835723598,0.119056177047,2026-08-31,2026-09-07,Tenet Health moved from rank #14 to #14 across the watchlist at 24 months; return +60.9% to +72.8%.
overall_stock,stock,,TXG,10x Genomics,3,1,2,-1,1.17417417417,1.01836340206,-0.155810772108,2026-08-31,2026-09-07,10x Genomics moved from rank #1 to #2 across the watchlist at 3 months; return +117.4% to +101.8%.
overall_stock,stock,,TXG,10x Genomics,12,1,1,0,3.39257673091,3.48782234957,0.0952456186602,2026-08-31,2026-09-07,10x Genomics moved from rank #1 to #1 across the watchlist at 12 months; return +339.3% to +348.8%.
overall_stock,stock,,TXG,10x Genomics,24,4,4,0,1.63554603854,1.90854224698,0.272996208442,2026-08-31,2026-09-07,10x Genomics moved from rank #4 to #4 across the watchlist at 24 months; return +163.6% to +190.9%.
overall_stock,stock,,UHS,Universal Health Services,3,33,33,0,0.174868249949,0.168629882207,-0.00623836774193,2026-08-31,2026-09-07,Universal Health Services moved from rank #33 to #33 across the watchlist at 3 months; return +17.5% to +16.9%.
overall_stock,stock,,UHS,Universal Health Services,12,57,60,-3,-0.0546315673532,-0.107668840732,-0.053037273379,2026-08-31,2026-09-07,Universal Health Services moved from rank #57 to #60 across the watchlist at 12 months; return -5.5% to -10.8%.
overall_stock,stock,,UHS,Universal Health Services,24,61,61,0,-0.278648569147,-0.259655247654,0.0189933214926,2026-08-31,2026-09-07,Universal Health Services moved from rank #61 to #61 across the watchlist at 24 months; return -27.9% to -26.0%.
overall_stock,stock,,UNH,UnitedHealth,3,55,65,-10,0.0332360442797,-0.00583272836508,-0.0390687726448,2026-08-31,2026-09-07,UnitedHealth moved from rank #55 to #65 across the watchlist at 3 months; return +3.3% to -0.6%.
overall_stock,stock,,UNH,UnitedHealth,12,30,33,-3,0.268112434247,0.259202891658,-0.00890954258905,2026-08-31,2026-09-07,UnitedHealth moved from rank #30 to #33 across the watchlist at 12 months; return +26.8% to +25.9%.
overall_stock,stock,,UNH,UnitedHealth,24,64,64,0,-0.334208742799,-0.334640128669,-0.000431385870079,2026-08-31,2026-09-07,UnitedHealth moved from rank #64 to #64 across the watchlist at 24 months; return -33.4% to -33.5%.
overall_stock,stock,,USPH,US Physical Therapy,3,25,22,3,0.223622782446,0.250591016548,0.0269682341025,2026-08-31,2026-09-07,US Physical Therapy moved from rank #25 to #22 across the watchlist at 3 months; return +22.4% to +25.1%.
overall_stock,stock,,USPH,US Physical Therapy,12,56,56,0,-0.0513934129569,-0.0734469873891,-0.0220535744322,2026-08-31,2026-09-07,US Physical Therapy moved from rank #56 to #56 across the watchlist at 12 months; return -5.1% to -7.3%.
overall_stock,stock,,USPH,US Physical Therapy,24,49,50,-1,-0.0814252336449,-0.0616130558184,0.0198121778265,2026-08-31,2026-09-07,US Physical Therapy moved from rank #49 to #50 across the watchlist at 24 months; return -8.1% to -6.2%.
overall_stock,stock,,VEEV,Veeva Systems,3,5,6,-1,0.587071240106,0.593708359886,0.00663711978045,2026-08-31,2026-09-07,Veeva Systems moved from rank #5 to #6 across the watchlist at 3 months; return +58.7% to +59.4%.
overall_stock,stock,,VEEV,Veeva Systems,12,49,49,0,0.027823179792,0.0079141171729,-0.0199090626191,2026-08-31,2026-09-07,Veeva Systems moved from rank #49 to #49 across the watchlist at 12 months; return +2.8% to +0.8%.
overall_stock,stock,,VEEV,Veeva Systems,24,28,30,-2,0.278368138976,0.27421371995,-0.00415441902603,2026-08-31,2026-09-07,Veeva Systems moved from rank #28 to #30 across the watchlist at 24 months; return +27.8% to +27.4%.
overall_stock,stock,,VTR,"Ventas, Inc",3,48,43,5,0.0875384979863,0.100585223116,0.01304672513,2026-08-31,2026-09-07,"Ventas, Inc moved from rank #48 to #43 across the watchlist at 3 months; return +8.8% to +10.1%."
overall_stock,stock,,VTR,"Ventas, Inc",12,23,23,0,0.348560517039,0.329259313798,-0.0193012032413,2026-08-31,2026-09-07,"Ventas, Inc moved from rank #23 to #23 across the watchlist at 12 months; return +34.9% to +32.9%."
overall_stock,stock,,VTR,"Ventas, Inc",24,20,21,-1,0.478183867332,0.436048361438,-0.0421355058939,2026-08-31,2026-09-07,"Ventas, Inc moved from rank #20 to #21 across the watchlist at 24 months; return +47.8% to +43.6%."
overall_stock,stock,,WAY,Waystar,3,14,21,-7,0.317930688096,0.2535,-0.064430688096,2026-08-31,2026-09-07,Waystar moved from rank #14 to #21 across the watchlist at 3 months; return +31.8% to +25.4%.
overall_stock,stock,,WAY,Waystar,12,69,71,-2,-0.307286166843,-0.327341024953,-0.02005485811,2026-08-31,2026-09-07,Waystar moved from rank #69 to #71 across the watchlist at 12 months; return -30.7% to -32.7%.
overall_stock,stock,,WAY,Waystar,24,47,51,-4,-0.0360029390154,-0.0830285296269,-0.0470255906115,2026-08-31,2026-09-07,Waystar moved from rank #47 to #51 across the watchlist at 24 months; return -3.6% to -8.3%.
overall_stock,stock,,WELL,Welltower,3,37,39,-2,0.159450640432,0.141303822549,-0.0181468178833,2026-08-31,2026-09-07,Welltower moved from rank #37 to #39 across the watchlist at 3 months; return +15.9% to +14.1%.
overall_stock,stock,,WELL,Welltower,12,21,20,1,0.414725457571,0.40728161125,-0.00744384632085,2026-08-31,2026-09-07,Welltower moved from rank #21 to #20 across the watchlist at 12 months; return +41.5% to +40.7%.
overall_stock,stock,,WELL,Welltower,24,8,10,-2,0.972737819026,0.895425361156,-0.0773124578703,2026-08-31,2026-09-07,Welltower moved from rank #8 to #10 across the watchlist at 24 months; return +97.3% to +89.5%.
