change_type,entity_type,category,ticker,name,horizon_months,previous_rank,current_rank,rank_delta,previous_return,current_return,return_delta,previous_report_date,current_report_date,detail
category_performance,category,"Digital Health, Specialty, Benefits",,"Digital Health, Specialty, Benefits",12,9,9,0,-0.0199148892908,-0.00364719872684,0.016267690564,2026-09-28,2026-10-05,"Digital Health, Specialty, Benefits moved from rank #9 to #9 among subcategories at 12 months; return -2.0% to -0.4%."
category_performance,category,"Digital Health, Specialty, Benefits",,"Digital Health, Specialty, Benefits",24,5,5,0,0.363957485279,0.327774611545,-0.0361828737344,2026-09-28,2026-10-05,"Digital Health, Specialty, Benefits moved from rank #5 to #5 among subcategories at 24 months; return +36.4% to +32.8%."
category_performance,category,"Digital Health, Specialty, Benefits",,"Digital Health, Specialty, Benefits",3,7,8,-1,-0.0252392712348,-0.0910726768557,-0.0658334056209,2026-09-28,2026-10-05,"Digital Health, Specialty, Benefits moved from rank #7 to #8 among subcategories at 3 months; return -2.5% to -9.1%."
category_performance,category,Health Care Real Estate,,Health Care Real Estate,12,5,5,0,0.262479688931,0.233991579905,-0.0284881090261,2026-09-28,2026-10-05,Health Care Real Estate moved from rank #5 to #5 among subcategories at 12 months; return +26.2% to +23.4%.
category_performance,category,Health Care Real Estate,,Health Care Real Estate,24,4,4,0,0.592512246243,0.585636501056,-0.00687574518719,2026-09-28,2026-10-05,Health Care Real Estate moved from rank #4 to #4 among subcategories at 24 months; return +59.3% to +58.6%.
category_performance,category,Health Care Real Estate,,Health Care Real Estate,3,6,6,0,-0.00603169422581,-0.0599639472855,-0.0539322530597,2026-09-28,2026-10-05,Health Care Real Estate moved from rank #6 to #6 among subcategories at 3 months; return -0.6% to -6.0%.
category_performance,category,Health IT and Data,,Health IT and Data,12,10,10,0,-0.372509806304,-0.387617444112,-0.0151076378077,2026-09-28,2026-10-05,Health IT and Data moved from rank #10 to #10 among subcategories at 12 months; return -37.3% to -38.8%.
category_performance,category,Health IT and Data,,Health IT and Data,24,8,9,-1,-0.109290517743,-0.0952839831655,0.0140065345775,2026-09-28,2026-10-05,Health IT and Data moved from rank #8 to #9 among subcategories at 24 months; return -10.9% to -9.5%.
category_performance,category,Health IT and Data,,Health IT and Data,3,5,3,2,0.0250157894658,0.0664990999865,0.0414833105207,2026-09-28,2026-10-05,Health IT and Data moved from rank #5 to #3 among subcategories at 3 months; return +2.5% to +6.6%.
category_performance,category,Health System Providers,,Health System Providers,12,8,8,0,0.0653824057544,0.0253158444562,-0.0400665612982,2026-09-28,2026-10-05,Health System Providers moved from rank #8 to #8 among subcategories at 12 months; return +6.5% to +2.5%.
category_performance,category,Health System Providers,,Health System Providers,24,6,6,0,0.133387111112,0.148755320114,0.0153682090017,2026-09-28,2026-10-05,Health System Providers moved from rank #6 to #6 among subcategories at 24 months; return +13.3% to +14.9%.
category_performance,category,Health System Providers,,Health System Providers,3,2,2,0,0.165712169589,0.0826126458704,-0.0830995237186,2026-09-28,2026-10-05,Health System Providers moved from rank #2 to #2 among subcategories at 3 months; return +16.6% to +8.3%.
category_performance,category,Inpatient Non-Acute Providers,,Inpatient Non-Acute Providers,12,3,3,0,0.461541333727,0.479735815269,0.0181944815422,2026-09-28,2026-10-05,Inpatient Non-Acute Providers moved from rank #3 to #3 among subcategories at 12 months; return +46.2% to +48.0%.
category_performance,category,Inpatient Non-Acute Providers,,Inpatient Non-Acute Providers,24,7,7,0,0.132842873715,0.139387143837,0.00654427012245,2026-09-28,2026-10-05,Inpatient Non-Acute Providers moved from rank #7 to #7 among subcategories at 24 months; return +13.3% to +13.9%.
category_performance,category,Inpatient Non-Acute Providers,,Inpatient Non-Acute Providers,3,3,5,-2,0.100017054137,0.0318304494041,-0.0681866047329,2026-09-28,2026-10-05,Inpatient Non-Acute Providers moved from rank #3 to #5 among subcategories at 3 months; return +10.0% to +3.2%.
category_performance,category,Outpatient and Home Providers,,Outpatient and Home Providers,12,4,4,0,0.357935087995,0.354692639756,-0.00324244823855,2026-09-28,2026-10-05,Outpatient and Home Providers moved from rank #4 to #4 among subcategories at 12 months; return +35.8% to +35.5%.
category_performance,category,Outpatient and Home Providers,,Outpatient and Home Providers,24,3,3,0,0.608382020865,0.690387694104,0.0820056732389,2026-09-28,2026-10-05,Outpatient and Home Providers moved from rank #3 to #3 among subcategories at 24 months; return +60.8% to +69.0%.
category_performance,category,Outpatient and Home Providers,,Outpatient and Home Providers,3,8,7,1,-0.034543130313,-0.07394694916,-0.039403818847,2026-09-28,2026-10-05,Outpatient and Home Providers moved from rank #8 to #7 among subcategories at 3 months; return -3.5% to -7.4%.
category_performance,category,Payers,,Payers,12,7,7,0,0.167691551083,0.0850471512045,-0.0826443998785,2026-09-28,2026-10-05,Payers moved from rank #7 to #7 among subcategories at 12 months; return +16.8% to +8.5%.
category_performance,category,Payers,,Payers,24,10,10,0,-0.134709819297,-0.13630942414,-0.00159960484302,2026-09-28,2026-10-05,Payers moved from rank #10 to #10 among subcategories at 24 months; return -13.5% to -13.6%.
category_performance,category,Payers,,Payers,3,9,9,0,-0.0938778181691,-0.116382947729,-0.0225051295602,2026-09-28,2026-10-05,Payers moved from rank #9 to #9 among subcategories at 3 months; return -9.4% to -11.6%.
category_performance,category,Pharma Distribution,,Pharma Distribution,12,6,6,0,0.179720141337,0.230806355431,0.0510862140944,2026-09-28,2026-10-05,Pharma Distribution moved from rank #6 to #6 among subcategories at 12 months; return +18.0% to +23.1%.
category_performance,category,Pharma Distribution,,Pharma Distribution,24,2,2,0,0.689484485136,0.746219484602,0.0567349994661,2026-09-28,2026-10-05,Pharma Distribution moved from rank #2 to #2 among subcategories at 24 months; return +68.9% to +74.6%.
category_performance,category,Pharma Distribution,,Pharma Distribution,3,4,4,0,0.0590809970609,0.0620248999874,0.00294390292645,2026-09-28,2026-10-05,Pharma Distribution moved from rank #4 to #4 among subcategories at 3 months; return +5.9% to +6.2%.
category_performance,category,Precision Diagnostics,,Precision Diagnostics,12,1,1,0,1.30894406147,1.2146947604,-0.0942493010682,2026-09-28,2026-10-05,Precision Diagnostics moved from rank #1 to #1 among subcategories at 12 months; return +130.9% to +121.5%.
category_performance,category,Precision Diagnostics,,Precision Diagnostics,24,1,1,0,1.92752911328,1.94437727454,0.0168481612606,2026-09-28,2026-10-05,Precision Diagnostics moved from rank #1 to #1 among subcategories at 24 months; return +192.8% to +194.4%.
category_performance,category,Precision Diagnostics,,Precision Diagnostics,3,1,1,0,0.377380902222,0.285010109583,-0.0923707926388,2026-09-28,2026-10-05,Precision Diagnostics moved from rank #1 to #1 among subcategories at 3 months; return +37.7% to +28.5%.
category_performance,category,Value-Based Care,,Value-Based Care,12,2,2,0,0.516896413125,0.536181106878,0.0192846937528,2026-09-28,2026-10-05,Value-Based Care moved from rank #2 to #2 among subcategories at 12 months; return +51.7% to +53.6%.
category_performance,category,Value-Based Care,,Value-Based Care,24,9,8,1,-0.134556483374,-0.0653379511436,0.0692185322304,2026-09-28,2026-10-05,Value-Based Care moved from rank #9 to #8 among subcategories at 24 months; return -13.5% to -6.5%.
category_performance,category,Value-Based Care,,Value-Based Care,3,10,10,0,-0.251118577606,-0.263829043073,-0.0127104654667,2026-09-28,2026-10-05,Value-Based Care moved from rank #10 to #10 among subcategories at 3 months; return -25.1% to -26.4%.
within_category,stock,"Digital Health, Specialty, Benefits",AMWL,Amwell,12,1,1,0,1.16612903226,0.957345971564,-0.208783060696,2026-09-28,2026-10-05,"Amwell moved from rank #1 to #1 within Digital Health, Specialty, Benefits at 12 months; return +116.6% to +95.7%."
within_category,stock,"Digital Health, Specialty, Benefits",AMWL,Amwell,24,5,4,1,0.413684210526,0.323717948718,-0.0899662618081,2026-09-28,2026-10-05,"Amwell moved from rank #5 to #4 within Digital Health, Specialty, Benefits at 24 months; return +41.4% to +32.4%."
within_category,stock,"Digital Health, Specialty, Benefits",AMWL,Amwell,3,1,1,0,0.461371055495,0.339459459459,-0.121911596036,2026-09-28,2026-10-05,"Amwell moved from rank #1 to #1 within Digital Health, Specialty, Benefits at 3 months; return +46.1% to +33.9%."
within_category,stock,"Digital Health, Specialty, Benefits",CON,Concentra Group,12,3,2,1,0.681556195965,0.718072289157,0.0365160931916,2026-09-28,2026-10-05,"Concentra Group moved from rank #3 to #2 within Digital Health, Specialty, Benefits at 12 months; return +68.2% to +71.8%."
within_category,stock,"Digital Health, Specialty, Benefits",CON,Concentra Group,24,3,1,2,0.561552185549,0.700047687172,0.138495501623,2026-09-28,2026-10-05,"Concentra Group moved from rank #3 to #1 within Digital Health, Specialty, Benefits at 24 months; return +56.2% to +70.0%."
within_category,stock,"Digital Health, Specialty, Benefits",CON,Concentra Group,3,3,2,1,0.160039761431,0.117204638045,-0.0428351233865,2026-09-28,2026-10-05,"Concentra Group moved from rank #3 to #2 within Digital Health, Specialty, Benefits at 3 months; return +16.0% to +11.7%."
within_category,stock,"Digital Health, Specialty, Benefits",GDRX,GoodRx,12,7,6,1,-0.170792079208,-0.275938189845,-0.105146110637,2026-09-28,2026-10-05,"GoodRx moved from rank #7 to #6 within Digital Health, Specialty, Benefits at 12 months; return -17.1% to -27.6%."
within_category,stock,"Digital Health, Specialty, Benefits",GDRX,GoodRx,24,9,8,1,-0.510948905109,-0.537376586742,-0.0264276816329,2026-09-28,2026-10-05,"GoodRx moved from rank #9 to #8 within Digital Health, Specialty, Benefits at 24 months; return -51.1% to -53.7%."
within_category,stock,"Digital Health, Specialty, Benefits",GDRX,GoodRx,3,2,3,-1,0.196428571429,0.0754098360656,-0.121018735363,2026-09-28,2026-10-05,"GoodRx moved from rank #2 to #3 within Digital Health, Specialty, Benefits at 3 months; return +19.6% to +7.5%."
within_category,stock,"Digital Health, Specialty, Benefits",HIMS,Hims & Hers,12,9,8,1,-0.496232876712,-0.448039588885,0.0481932878273,2026-09-28,2026-10-05,"Hims & Hers moved from rank #9 to #8 within Digital Health, Specialty, Benefits at 12 months; return -49.6% to -44.8%."
within_category,stock,"Digital Health, Specialty, Benefits",HIMS,Hims & Hers,24,2,2,0,0.655599324705,0.642129105323,-0.0134702193822,2026-09-28,2026-10-05,"Hims & Hers moved from rank #2 to #2 within Digital Health, Specialty, Benefits at 24 months; return +65.6% to +64.2%."
within_category,stock,"Digital Health, Specialty, Benefits",HIMS,Hims & Hers,3,8,7,1,-0.133176193282,-0.211956521739,-0.0787803284571,2026-09-28,2026-10-05,"Hims & Hers moved from rank #8 to #7 within Digital Health, Specialty, Benefits at 3 months; return -13.3% to -21.2%."
within_category,stock,"Digital Health, Specialty, Benefits",HQY,HealthEquity,12,5,4,1,-0.0857764425567,0.0163675358393,0.102143978396,2026-09-28,2026-10-05,"HealthEquity moved from rank #5 to #4 within Digital Health, Specialty, Benefits at 12 months; return -8.6% to +1.6%."
within_category,stock,"Digital Health, Specialty, Benefits",HQY,HealthEquity,24,6,5,1,0.104091079695,0.0836442411843,-0.0204468385107,2026-09-28,2026-10-05,"HealthEquity moved from rank #6 to #5 within Digital Health, Specialty, Benefits at 24 months; return +10.4% to +8.4%."
within_category,stock,"Digital Health, Specialty, Benefits",HQY,HealthEquity,3,5,4,1,-0.00237395432964,-0.0552932535935,-0.0529192992639,2026-09-28,2026-10-05,"HealthEquity moved from rank #5 to #4 within Digital Health, Specialty, Benefits at 3 months; return -0.2% to -5.5%."
within_category,stock,"Digital Health, Specialty, Benefits",LFMD,LifeMD,12,10,9,1,-0.538102643857,-0.606886657102,-0.0687840132449,2026-09-28,2026-10-05,"LifeMD moved from rank #10 to #9 within Digital Health, Specialty, Benefits at 12 months; return -53.8% to -60.7%."
within_category,stock,"Digital Health, Specialty, Benefits",LFMD,LifeMD,24,8,7,1,-0.429942418426,-0.432712215321,-0.00276979689491,2026-09-28,2026-10-05,"LifeMD moved from rank #8 to #7 within Digital Health, Specialty, Benefits at 24 months; return -43.0% to -43.3%."
within_category,stock,"Digital Health, Specialty, Benefits",LFMD,LifeMD,3,10,9,1,-0.280871670702,-0.437371663244,-0.156499992542,2026-09-28,2026-10-05,"LifeMD moved from rank #10 to #9 within Digital Health, Specialty, Benefits at 3 months; return -28.1% to -43.7%."
within_category,stock,"Digital Health, Specialty, Benefits",OMDA,Omada Health,12,6,5,1,-0.136962247586,-0.0694380995889,0.0675241479971,2026-09-28,2026-10-05,"Omada Health moved from rank #6 to #5 within Digital Health, Specialty, Benefits at 12 months; return -13.7% to -6.9%."
within_category,stock,"Digital Health, Specialty, Benefits",OMDA,Omada Health,24,,,,,,,2026-09-28,2026-10-05,"Omada Health moved from rank unavailable within Digital Health, Specialty, Benefits at 24 months; return unavailable."
within_category,stock,"Digital Health, Specialty, Benefits",OMDA,Omada Health,3,6,5,1,-0.0588798468167,-0.0902188476999,-0.0313390008832,2026-09-28,2026-10-05,"Omada Health moved from rank #6 to #5 within Digital Health, Specialty, Benefits at 3 months; return -5.9% to -9.0%."
within_category,stock,"Digital Health, Specialty, Benefits",PGNY,Progyny,12,4,3,1,0.185461323392,0.225352112676,0.0398907892841,2026-09-28,2026-10-05,"Progyny moved from rank #4 to #3 within Digital Health, Specialty, Benefits at 12 months; return +18.5% to +22.5%."
within_category,stock,"Digital Health, Specialty, Benefits",PGNY,Progyny,24,4,3,1,0.514285714286,0.547852760736,0.0335670464502,2026-09-28,2026-10-05,"Progyny moved from rank #4 to #3 within Digital Health, Specialty, Benefits at 24 months; return +51.4% to +54.8%."
within_category,stock,"Digital Health, Specialty, Benefits",PGNY,Progyny,3,7,6,1,-0.107681515258,-0.165122435473,-0.0574409202152,2026-09-28,2026-10-05,"Progyny moved from rank #7 to #6 within Digital Health, Specialty, Benefits at 3 months; return -10.8% to -16.5%."
within_category,stock,"Digital Health, Specialty, Benefits",TDOC,Teladoc,12,8,7,1,-0.253676470588,-0.387347391787,-0.133670921199,2026-09-28,2026-10-05,"Teladoc moved from rank #8 to #7 within Digital Health, Specialty, Benefits at 12 months; return -25.4% to -38.7%."
within_category,stock,"Digital Health, Specialty, Benefits",TDOC,Teladoc,24,7,6,1,-0.280141843972,-0.389380530973,-0.109238687001,2026-09-28,2026-10-05,"Teladoc moved from rank #7 to #6 within Digital Health, Specialty, Benefits at 24 months; return -28.0% to -38.9%."
within_category,stock,"Digital Health, Specialty, Benefits",TDOC,Teladoc,3,9,8,1,-0.274135876043,-0.4,-0.125864123957,2026-09-28,2026-10-05,"Teladoc moved from rank #9 to #8 within Digital Health, Specialty, Benefits at 3 months; return -27.4% to -40.0%."
within_category,stock,Health Care Real Estate,CTRE,CareTrust REIT,12,4,5,-1,0.075,0.0228233305156,-0.0521766694844,2026-09-28,2026-10-05,CareTrust REIT moved from rank #4 to #5 within Health Care Real Estate at 12 months; return +7.5% to +2.3%.
within_category,stock,Health Care Real Estate,CTRE,CareTrust REIT,24,3,3,0,0.216189856957,0.195258478762,-0.0209313781951,2026-09-28,2026-10-05,CareTrust REIT moved from rank #3 to #3 within Health Care Real Estate at 24 months; return +21.6% to +19.5%.
within_category,stock,Health Care Real Estate,CTRE,CareTrust REIT,3,6,6,0,-0.0837619397502,-0.130747126437,-0.0469851866866,2026-09-28,2026-10-05,CareTrust REIT moved from rank #6 to #6 within Health Care Real Estate at 3 months; return -8.4% to -13.1%.
within_category,stock,Health Care Real Estate,DOC,Healthpeak properties,12,5,6,-1,0.0723336853221,0.00619514713474,-0.0661385381874,2026-09-28,2026-10-05,Healthpeak properties moved from rank #5 to #6 within Health Care Real Estate at 12 months; return +7.2% to +0.6%.
within_category,stock,Health Care Real Estate,DOC,Healthpeak properties,24,6,6,0,-0.101327433628,-0.118896925859,-0.017569492231,2026-09-28,2026-10-05,Healthpeak properties moved from rank #6 to #6 within Health Care Real Estate at 24 months; return -10.1% to -11.9%.
within_category,stock,Health Care Real Estate,DOC,Healthpeak properties,3,5,5,0,-0.0575406032483,-0.109639104614,-0.0520985013657,2026-09-28,2026-10-05,Healthpeak properties moved from rank #5 to #5 within Health Care Real Estate at 3 months; return -5.8% to -11.0%.
within_category,stock,Health Care Real Estate,MPT,Medical Properties Trust,12,,,,,,,2026-09-28,2026-10-05,Medical Properties Trust moved from rank unavailable within Health Care Real Estate at 12 months; return unavailable.
within_category,stock,Health Care Real Estate,MPT,Medical Properties Trust,24,,,,,,,2026-09-28,2026-10-05,Medical Properties Trust moved from rank unavailable within Health Care Real Estate at 24 months; return unavailable.
within_category,stock,Health Care Real Estate,MPT,Medical Properties Trust,3,8,8,0,-0.211920529801,-0.287581699346,-0.0756611695454,2026-09-28,2026-10-05,Medical Properties Trust moved from rank #8 to #8 within Health Care Real Estate at 3 months; return -21.2% to -28.8%.
within_category,stock,Health Care Real Estate,NHI,National Health Investors,12,7,7,0,-0.161928616155,-0.162695884826,-0.000767268671092,2026-09-28,2026-10-05,National Health Investors moved from rank #7 to #7 within Health Care Real Estate at 12 months; return -16.2% to -16.3%.
within_category,stock,Health Care Real Estate,NHI,National Health Investors,24,7,7,0,-0.193637787685,-0.192033439882,0.00160434780302,2026-09-28,2026-10-05,National Health Investors moved from rank #7 to #7 within Health Care Real Estate at 24 months; return -19.4% to -19.2%.
within_category,stock,Health Care Real Estate,NHI,National Health Investors,3,7,7,0,-0.137072856222,-0.151890566525,-0.0148177103027,2026-09-28,2026-10-05,National Health Investors moved from rank #7 to #7 within Health Care Real Estate at 3 months; return -13.7% to -15.2%.
within_category,stock,Health Care Real Estate,OHI,Omega Healthcare Investors,12,3,3,0,0.106118546845,0.111057108141,0.00493856129595,2026-09-28,2026-10-05,Omega Healthcare Investors moved from rank #3 to #3 within Health Care Real Estate at 12 months; return +10.6% to +11.1%.
within_category,stock,Health Care Real Estate,OHI,Omega Healthcare Investors,24,4,4,0,0.147532853955,0.161880559085,0.0143477051301,2026-09-28,2026-10-05,Omega Healthcare Investors moved from rank #4 to #4 within Health Care Real Estate at 24 months; return +14.8% to +16.2%.
within_category,stock,Health Care Real Estate,OHI,Omega Healthcare Investors,3,4,3,1,-0.037037037037,-0.0744939271255,-0.0374568900885,2026-09-28,2026-10-05,Omega Healthcare Investors moved from rank #4 to #3 within Health Care Real Estate at 3 months; return -3.7% to -7.4%.
within_category,stock,Health Care Real Estate,SBRA,Sabra Health Care REIT,12,6,4,2,0.0541688794477,0.0562293274531,0.00206044800544,2026-09-28,2026-10-05,Sabra Health Care REIT moved from rank #6 to #4 within Health Care Real Estate at 12 months; return +5.4% to +5.6%.
within_category,stock,Health Care Real Estate,SBRA,Sabra Health Care REIT,24,5,5,0,0.076464208243,0.0662214802449,-0.0102427279981,2026-09-28,2026-10-05,Sabra Health Care REIT moved from rank #5 to #5 within Health Care Real Estate at 24 months; return +7.6% to +6.6%.
within_category,stock,Health Care Real Estate,SBRA,Sabra Health Care REIT,3,2,2,0,0.0158648925281,-0.0496031746032,-0.0654680671313,2026-09-28,2026-10-05,Sabra Health Care REIT moved from rank #2 to #2 within Health Care Real Estate at 3 months; return +1.6% to -5.0%.
within_category,stock,Health Care Real Estate,VTR,"Ventas, Inc",12,2,2,0,0.254927536232,0.204271788991,-0.0506557472412,2026-09-28,2026-10-05,"Ventas, Inc moved from rank #2 to #2 within Health Care Real Estate at 12 months; return +25.5% to +20.4%."
within_category,stock,Health Care Real Estate,VTR,"Ventas, Inc",24,2,2,0,0.356359649123,0.343515112746,-0.0128445363771,2026-09-28,2026-10-05,"Ventas, Inc moved from rank #2 to #2 within Health Care Real Estate at 24 months; return +35.6% to +34.4%."
within_category,stock,Health Care Real Estate,VTR,"Ventas, Inc",3,3,4,-1,-0.0276249298147,-0.0919801124081,-0.0643551825934,2026-09-28,2026-10-05,"Ventas, Inc moved from rank #3 to #4 within Health Care Real Estate at 3 months; return -2.8% to -9.2%."
within_category,stock,Health Care Real Estate,WELL,Welltower,12,1,1,0,0.322870211549,0.300902650823,-0.0219675607263,2026-09-28,2026-10-05,Welltower moved from rank #1 to #1 within Health Care Real Estate at 12 months; return +32.3% to +30.1%.
within_category,stock,Health Care Real Estate,WELL,Welltower,24,1,1,0,0.818946540881,0.81355527238,-0.00539126850126,2026-09-28,2026-10-05,Welltower moved from rank #1 to #1 within Health Care Real Estate at 24 months; return +81.9% to +81.4%.
within_category,stock,Health Care Real Estate,WELL,Welltower,3,1,1,0,0.0177715215766,-0.0353723629586,-0.0531438845352,2026-09-28,2026-10-05,Welltower moved from rank #1 to #1 within Health Care Real Estate at 3 months; return +1.8% to -3.5%.
within_category,stock,Health IT and Data,CCSI,Consensus Cloud Solutions,12,3,1,2,0.198366791426,0.27148507731,0.0731182858843,2026-09-28,2026-10-05,Consensus Cloud Solutions moved from rank #3 to #1 within Health IT and Data at 12 months; return +19.8% to +27.1%.
within_category,stock,Health IT and Data,CCSI,Consensus Cloud Solutions,24,1,1,0,0.491109229467,0.594948128101,0.103838898634,2026-09-28,2026-10-05,Consensus Cloud Solutions moved from rank #1 to #1 within Health IT and Data at 24 months; return +49.1% to +59.5%.
within_category,stock,Health IT and Data,CCSI,Consensus Cloud Solutions,3,8,8,0,-0.0408496732026,-0.0680021085925,-0.0271524353899,2026-09-28,2026-10-05,Consensus Cloud Solutions moved from rank #8 to #8 within Health IT and Data at 3 months; return -4.1% to -6.8%.
within_category,stock,Health IT and Data,DH,Definitive Healthcare,12,12,11,1,-0.76256281407,-0.727105263158,0.0354575509121,2026-09-28,2026-10-05,Definitive Healthcare moved from rank #12 to #11 within Health IT and Data at 12 months; return -76.3% to -72.7%.
within_category,stock,Health IT and Data,DH,Definitive Healthcare,24,11,11,0,-0.785714285714,-0.784953917051,0.000760368663309,2026-09-28,2026-10-05,Definitive Healthcare moved from rank #11 to #11 within Health IT and Data at 24 months; return -78.6% to -78.5%.
within_category,stock,Health IT and Data,DH,Definitive Healthcare,3,2,4,-2,0.431818181818,0.19699884571,-0.234819336108,2026-09-28,2026-10-05,Definitive Healthcare moved from rank #2 to #4 within Health IT and Data at 3 months; return +43.2% to +19.7%.
within_category,stock,Health IT and Data,DOCS,Doximity,12,11,10,1,-0.645833333333,-0.618755118755,0.0270782145779,2026-09-28,2026-10-05,Doximity moved from rank #11 to #10 within Health IT and Data at 12 months; return -64.6% to -61.9%.
within_category,stock,Health IT and Data,DOCS,Doximity,24,8,8,0,-0.385780885781,-0.362765229295,0.023015656486,2026-09-28,2026-10-05,Doximity moved from rank #8 to #8 within Health IT and Data at 24 months; return -38.6% to -36.3%.
within_category,stock,Health IT and Data,DOCS,Doximity,3,4,2,2,0.261973180077,0.277676120769,0.0157029406915,2026-09-28,2026-10-05,Doximity moved from rank #4 to #2 within Health IT and Data at 3 months; return +26.2% to +27.8%.
within_category,stock,Health IT and Data,HCAT,Health Catalyst,12,8,7,1,-0.378571428571,-0.408783783784,-0.0302123552128,2026-09-28,2026-10-05,Health Catalyst moved from rank #8 to #7 within Health IT and Data at 12 months; return -37.9% to -40.9%.
within_category,stock,Health IT and Data,HCAT,Health Catalyst,24,12,10,2,-0.790613718412,-0.772727272727,0.0178864456847,2026-09-28,2026-10-05,Health Catalyst moved from rank #12 to #10 within Health IT and Data at 24 months; return -79.1% to -77.3%.
within_category,stock,Health IT and Data,HCAT,Health Catalyst,3,11,10,1,-0.0842105263158,-0.158653846154,-0.074443319838,2026-09-28,2026-10-05,Health Catalyst moved from rank #11 to #10 within Health IT and Data at 3 months; return -8.4% to -15.9%.
within_category,stock,Health IT and Data,IQV,Iqvia,12,1,2,-1,0.505736244152,0.249624933456,-0.256111310696,2026-09-28,2026-10-05,Iqvia moved from rank #1 to #2 within Health IT and Data at 12 months; return +50.6% to +25.0%.
within_category,stock,Health IT and Data,IQV,Iqvia,24,4,4,0,0.151539673751,0.123433693004,-0.0281059807472,2026-09-28,2026-10-05,Iqvia moved from rank #4 to #4 within Health IT and Data at 24 months; return +15.2% to +12.3%.
within_category,stock,Health IT and Data,IQV,Iqvia,3,3,3,0,0.414512922465,0.247150309119,-0.167362613346,2026-09-28,2026-10-05,Iqvia moved from rank #3 to #3 within Health IT and Data at 3 months; return +41.5% to +24.7%.
within_category,stock,Health IT and Data,OMCL,Omnicell,12,4,4,0,0.095703125,0.0856219709208,-0.0100811540792,2026-09-28,2026-10-05,Omnicell moved from rank #4 to #4 within Health IT and Data at 12 months; return +9.6% to +8.6%.
within_category,stock,Health IT and Data,OMCL,Omnicell,24,7,7,0,-0.217573221757,-0.207360226469,0.0102129952885,2026-09-28,2026-10-05,Omnicell moved from rank #7 to #7 within Health IT and Data at 24 months; return -21.8% to -20.7%.
within_category,stock,Health IT and Data,OMCL,Omnicell,3,12,11,1,-0.16122601545,-0.21914943063,-0.0579234151798,2026-09-28,2026-10-05,Omnicell moved from rank #12 to #11 within Health IT and Data at 3 months; return -16.1% to -21.9%.
within_category,stock,Health IT and Data,ORCL,Oracle-Cerner,12,9,8,1,-0.516333874268,-0.502690990424,0.0136428838437,2026-09-28,2026-10-05,Oracle-Cerner moved from rank #9 to #8 within Health IT and Data at 12 months; return -51.6% to -50.3%.
within_category,stock,Health IT and Data,ORCL,Oracle-Cerner,24,6,6,0,-0.187507407846,-0.167154395411,0.0203530124346,2026-09-28,2026-10-05,Oracle-Cerner moved from rank #6 to #6 within Health IT and Data at 24 months; return -18.8% to -16.7%.
within_category,stock,Health IT and Data,ORCL,Oracle-Cerner,3,10,7,3,-0.0769541506766,0.0144720895416,0.0914262402182,2026-09-28,2026-10-05,Oracle-Cerner moved from rank #10 to #7 within Health IT and Data at 3 months; return -7.7% to +1.4%.
within_category,stock,Health IT and Data,PHR,Phreesia,12,10,9,1,-0.570279424217,-0.567253975075,0.0030254491418,2026-09-28,2026-10-05,Phreesia moved from rank #10 to #9 within Health IT and Data at 12 months; return -57.0% to -56.7%.
within_category,stock,Health IT and Data,PHR,Phreesia,24,10,9,1,-0.553257042254,-0.546191978369,0.00706506388537,2026-09-28,2026-10-05,Phreesia moved from rank #10 to #9 within Health IT and Data at 24 months; return -55.3% to -54.6%.
within_category,stock,Health IT and Data,PHR,Phreesia,3,7,9,-2,0.00794438927507,-0.0795246800731,-0.0874690693482,2026-09-28,2026-10-05,Phreesia moved from rank #7 to #9 within Health IT and Data at 3 months; return +0.8% to -8.0%.
within_category,stock,Health IT and Data,SOLV,Solventum,12,2,3,-1,0.254028303209,0.187162162162,-0.0668661410468,2026-09-28,2026-10-05,Solventum moved from rank #2 to #3 within Health IT and Data at 12 months; return +25.4% to +18.7%.
within_category,stock,Health IT and Data,SOLV,Solventum,24,3,3,0,0.324552316117,0.296870386773,-0.027681929344,2026-09-28,2026-10-05,Solventum moved from rank #3 to #3 within Health IT and Data at 24 months; return +32.5% to +29.7%.
within_category,stock,Health IT and Data,SOLV,Solventum,3,6,5,1,0.125361498805,0.122396831481,-0.00296466732423,2026-09-28,2026-10-05,Solventum moved from rank #6 to #5 within Health IT and Data at 3 months; return +12.5% to +12.2%.
within_category,stock,Health IT and Data,VEEV,Veeva Systems,12,6,5,1,-0.0330382058084,-0.0774605103281,-0.0444223045197,2026-09-28,2026-10-05,Veeva Systems moved from rank #6 to #5 within Health IT and Data at 12 months; return -3.3% to -7.7%.
within_category,stock,Health IT and Data,VEEV,Veeva Systems,24,2,2,0,0.331183305668,0.335466849074,0.00428354340612,2026-09-28,2026-10-05,Veeva Systems moved from rank #2 to #2 within Health IT and Data at 24 months; return +33.1% to +33.5%.
within_category,stock,Health IT and Data,VEEV,Veeva Systems,3,1,1,0,0.637955182073,0.418128048148,-0.219827133925,2026-09-28,2026-10-05,Veeva Systems moved from rank #1 to #1 within Health IT and Data at 3 months; return +63.8% to +41.8%.
within_category,stock,Health IT and Data,WAY,Waystar,12,7,6,1,-0.342385516507,-0.357919254658,-0.0155337381514,2026-09-28,2026-10-05,Waystar moved from rank #7 to #6 within Health IT and Data at 12 months; return -34.2% to -35.8%.
within_category,stock,Health IT and Data,WAY,Waystar,24,5,5,0,-0.11087113031,-0.0821309655938,0.0287401647162,2026-09-28,2026-10-05,Waystar moved from rank #5 to #5 within Health IT and Data at 24 months; return -11.1% to -8.2%.
within_category,stock,Health IT and Data,WAY,Waystar,3,5,6,-1,0.241206030151,0.0575447570332,-0.183661273118,2026-09-28,2026-10-05,Waystar moved from rank #5 to #6 within Health IT and Data at 3 months; return +24.1% to +5.8%.
within_category,stock,Health System Providers,ARDT,Ardent Health Partners,12,5,5,0,-0.205128205128,-0.262482168331,-0.057353963203,2026-09-28,2026-10-05,Ardent Health Partners moved from rank #5 to #5 within Health System Providers at 12 months; return -20.5% to -26.2%.
within_category,stock,Health System Providers,ARDT,Ardent Health Partners,24,4,4,0,-0.424043715847,-0.425236242357,-0.00119252650986,2026-09-28,2026-10-05,Ardent Health Partners moved from rank #4 to #4 within Health System Providers at 24 months; return -42.4% to -42.5%.
within_category,stock,Health System Providers,ARDT,Ardent Health Partners,3,4,4,0,0.0832476875642,-0.0390334572491,-0.122281144813,2026-09-28,2026-10-05,Ardent Health Partners moved from rank #4 to #4 within Health System Providers at 3 months; return +8.3% to -3.9%.
within_category,stock,Health System Providers,CYH,Community Health Systems,12,3,3,0,-0.0754716981132,-0.128205128205,-0.0527334300919,2026-09-28,2026-10-05,Community Health Systems moved from rank #3 to #3 within Health System Providers at 12 months; return -7.5% to -12.8%.
within_category,stock,Health System Providers,CYH,Community Health Systems,24,5,5,0,-0.51081530782,-0.517730496454,-0.0069151886339,2026-09-28,2026-10-05,Community Health Systems moved from rank #5 to #5 within Health System Providers at 24 months; return -51.1% to -51.8%.
within_category,stock,Health System Providers,CYH,Community Health Systems,3,5,5,0,-0.103658536585,-0.302564102564,-0.198905565979,2026-09-28,2026-10-05,Community Health Systems moved from rank #5 to #5 within Health System Providers at 3 months; return -10.4% to -30.3%.
within_category,stock,Health System Providers,HCA,HCA Healthcare,12,2,2,0,0.039443542999,-0.00663500488895,-0.046078547888,2026-09-28,2026-10-05,HCA Healthcare moved from rank #2 to #2 within Health System Providers at 12 months; return +3.9% to -0.7%.
within_category,stock,Health System Providers,HCA,HCA Healthcare,24,2,2,0,0.0801676254711,0.0827771715685,0.0026095460974,2026-09-28,2026-10-05,HCA Healthcare moved from rank #2 to #2 within Health System Providers at 24 months; return +8.0% to +8.3%.
within_category,stock,Health System Providers,HCA,HCA Healthcare,3,3,3,0,0.112157883987,0.0394397076736,-0.0727181763134,2026-09-28,2026-10-05,HCA Healthcare moved from rank #3 to #3 within Health System Providers at 3 months; return +11.2% to +3.9%.
within_category,stock,Health System Providers,THC,Tenet Health,12,1,1,0,0.285693069307,0.273990147783,-0.0117029215237,2026-09-28,2026-10-05,Tenet Health moved from rank #1 to #1 within Health System Providers at 12 months; return +28.6% to +27.4%.
within_category,stock,Health System Providers,THC,Tenet Health,24,1,1,0,0.59116529837,0.651785144025,0.060619845655,2026-09-28,2026-10-05,Tenet Health moved from rank #1 to #1 within Health System Providers at 24 months; return +59.1% to +65.2%.
within_category,stock,Health System Providers,THC,Tenet Health,3,1,1,0,0.374126984127,0.269487531907,-0.10463945222,2026-09-28,2026-10-05,Tenet Health moved from rank #1 to #1 within Health System Providers at 3 months; return +37.4% to +26.9%.
within_category,stock,Health System Providers,UHS,Universal Health Services,12,4,4,0,-0.109484690067,-0.152094190311,-0.0426095002438,2026-09-28,2026-10-05,Universal Health Services moved from rank #4 to #4 within Health System Providers at 12 months; return -10.9% to -15.2%.
within_category,stock,Health System Providers,UHS,Universal Health Services,24,3,3,0,-0.222077244259,-0.185274480712,0.0368027635468,2026-09-28,2026-10-05,Universal Health Services moved from rank #3 to #3 within Health System Providers at 24 months; return -22.2% to -18.5%.
within_category,stock,Health System Providers,UHS,Universal Health Services,3,2,2,0,0.227675200769,0.10983389124,-0.117841309529,2026-09-28,2026-10-05,Universal Health Services moved from rank #2 to #2 within Health System Providers at 3 months; return +22.8% to +11.0%.
within_category,stock,Inpatient Non-Acute Providers,ACHC,Acadia Healthcare,12,2,2,0,0.145128414187,0.0338983050847,-0.111230109102,2026-09-28,2026-10-05,Acadia Healthcare moved from rank #2 to #2 within Inpatient Non-Acute Providers at 12 months; return +14.5% to +3.4%.
within_category,stock,Inpatient Non-Acute Providers,ACHC,Acadia Healthcare,24,4,4,0,-0.556099873578,-0.497132616487,0.0589672570905,2026-09-28,2026-10-05,Acadia Healthcare moved from rank #4 to #4 within Inpatient Non-Acute Providers at 24 months; return -55.6% to -49.7%.
within_category,stock,Inpatient Non-Acute Providers,ACHC,Acadia Healthcare,3,3,4,-1,0.0244347191831,-0.120651833281,-0.145086552464,2026-09-28,2026-10-05,Acadia Healthcare moved from rank #3 to #4 within Inpatient Non-Acute Providers at 3 months; return +2.4% to -12.1%.
within_category,stock,Inpatient Non-Acute Providers,EHC,Encompass Health,12,4,4,0,-0.0254932912391,-0.0278341312992,-0.0023408400601,2026-09-28,2026-10-05,Encompass Health moved from rank #4 to #4 within Inpatient Non-Acute Providers at 12 months; return -2.5% to -2.8%.
within_category,stock,Inpatient Non-Acute Providers,EHC,Encompass Health,24,1,1,0,0.286011873763,0.267724867725,-0.0182870060381,2026-09-28,2026-10-05,Encompass Health moved from rank #1 to #1 within Inpatient Non-Acute Providers at 24 months; return +28.6% to +26.8%.
within_category,stock,Inpatient Non-Acute Providers,EHC,Encompass Health,3,1,1,0,0.218494029409,0.125305278978,-0.093188750431,2026-09-28,2026-10-05,Encompass Health moved from rank #1 to #1 within Inpatient Non-Acute Providers at 3 months; return +21.8% to +12.5%.
within_category,stock,Inpatient Non-Acute Providers,ENSG,The Ensign Group,12,3,3,0,0.0155362318841,-0.0206385404789,-0.036174772363,2026-09-28,2026-10-05,The Ensign Group moved from rank #3 to #3 within Inpatient Non-Acute Providers at 12 months; return +1.6% to -2.1%.
within_category,stock,Inpatient Non-Acute Providers,ENSG,The Ensign Group,24,2,2,0,0.215599195059,0.190766671288,-0.024832523771,2026-09-28,2026-10-05,The Ensign Group moved from rank #2 to #2 within Inpatient Non-Acute Providers at 24 months; return +21.6% to +19.1%.
within_category,stock,Inpatient Non-Acute Providers,ENSG,The Ensign Group,3,2,2,0,0.074394357559,0.0211627630484,-0.0532315945106,2026-09-28,2026-10-05,The Ensign Group moved from rank #2 to #2 within Inpatient Non-Acute Providers at 3 months; return +7.4% to +2.1%.
within_category,stock,Inpatient Non-Acute Providers,PACS,PACS Group,12,1,1,0,1.95422031474,2.13002191381,0.175801599066,2026-09-28,2026-10-05,PACS Group moved from rank #1 to #1 within Inpatient Non-Acute Providers at 12 months; return +195.4% to +213.0%.
within_category,stock,Inpatient Non-Acute Providers,PACS,PACS Group,24,3,3,0,0.0439838220425,0.112987012987,0.0690031909445,2026-09-28,2026-10-05,PACS Group moved from rank #3 to #3 within Inpatient Non-Acute Providers at 24 months; return +4.4% to +11.3%.
within_category,stock,Inpatient Non-Acute Providers,PACS,PACS Group,3,4,3,1,-0.0140845070423,-0.0366456834532,-0.0225611764109,2026-09-28,2026-10-05,PACS Group moved from rank #4 to #3 within Inpatient Non-Acute Providers at 3 months; return -1.4% to -3.7%.
within_category,stock,Outpatient and Home Providers,ADUS,Addus HomeCare,12,8,7,1,-0.0353673086756,-0.0312554414069,0.00411186726867,2026-09-28,2026-10-05,Addus HomeCare moved from rank #8 to #7 within Outpatient and Home Providers at 12 months; return -3.5% to -3.1%.
within_category,stock,Outpatient and Home Providers,ADUS,Addus HomeCare,24,8,8,0,-0.135624284078,-0.119072124139,0.016552159939,2026-09-28,2026-10-05,Addus HomeCare moved from rank #8 to #8 within Outpatient and Home Providers at 24 months; return -13.6% to -11.9%.
within_category,stock,Outpatient and Home Providers,ADUS,Addus HomeCare,3,3,3,0,0.167509025271,0.0580013311781,-0.109507694093,2026-09-28,2026-10-05,Addus HomeCare moved from rank #3 to #3 within Outpatient and Home Providers at 3 months; return +16.8% to +5.8%.
within_category,stock,Outpatient and Home Providers,AVAH,Aveanna Healthcare,12,4,4,0,0.418285714286,0.458864426419,0.0405787121335,2026-09-28,2026-10-05,Aveanna Healthcare moved from rank #4 to #4 within Outpatient and Home Providers at 12 months; return +41.8% to +45.9%.
within_category,stock,Outpatient and Home Providers,AVAH,Aveanna Healthcare,24,2,2,0,1.4003868472,1.77924944812,0.378862600924,2026-09-28,2026-10-05,Aveanna Healthcare moved from rank #2 to #2 within Outpatient and Home Providers at 24 months; return +140.0% to +177.9%.
within_category,stock,Outpatient and Home Providers,AVAH,Aveanna Healthcare,3,1,1,0,0.433025404157,0.383516483516,-0.0495089206405,2026-09-28,2026-10-05,Aveanna Healthcare moved from rank #1 to #1 within Outpatient and Home Providers at 3 months; return +43.3% to +38.4%.
within_category,stock,Outpatient and Home Providers,BTSG,BrightSpring Health Services,12,2,2,0,1.06608251187,1.12447108604,0.0583885741667,2026-09-28,2026-10-05,BrightSpring Health Services moved from rank #2 to #2 within Outpatient and Home Providers at 12 months; return +106.6% to +112.4%.
within_category,stock,Outpatient and Home Providers,BTSG,BrightSpring Health Services,24,1,1,0,2.77518345564,3.08197831978,0.306794864143,2026-09-28,2026-10-05,BrightSpring Health Services moved from rank #1 to #1 within Outpatient and Home Providers at 24 months; return +277.5% to +308.2%.
within_category,stock,Outpatient and Home Providers,BTSG,BrightSpring Health Services,3,11,9,2,-0.179617280371,-0.127191076344,0.0524262040274,2026-09-28,2026-10-05,BrightSpring Health Services moved from rank #11 to #9 within Outpatient and Home Providers at 3 months; return -18.0% to -12.7%.
within_category,stock,Outpatient and Home Providers,CHE,Chemed (Vitas),12,6,6,0,0.108019816974,0.144332453945,0.0363126369708,2026-09-28,2026-10-05,Chemed (Vitas) moved from rank #6 to #6 within Outpatient and Home Providers at 12 months; return +10.8% to +14.4%.
within_category,stock,Outpatient and Home Providers,CHE,Chemed (Vitas),24,9,9,0,-0.145032051282,-0.127332129654,0.0176999216285,2026-09-28,2026-10-05,Chemed (Vitas) moved from rank #9 to #9 within Outpatient and Home Providers at 24 months; return -14.5% to -12.7%.
within_category,stock,Outpatient and Home Providers,CHE,Chemed (Vitas),3,6,5,1,0.105508547747,0.0364334436139,-0.0690751041331,2026-09-28,2026-10-05,Chemed (Vitas) moved from rank #6 to #5 within Outpatient and Home Providers at 3 months; return +10.6% to +3.6%.
within_category,stock,Outpatient and Home Providers,DVA,Davita,12,5,5,0,0.364449541284,0.362381823727,-0.00206771755725,2026-09-28,2026-10-05,Davita moved from rank #5 to #5 within Outpatient and Home Providers at 12 months; return +36.4% to +36.2%.
within_category,stock,Outpatient and Home Providers,DVA,Davita,24,5,5,0,0.0943708609272,0.112016927002,0.0176460660751,2026-09-28,2026-10-05,Davita moved from rank #5 to #5 within Outpatient and Home Providers at 24 months; return +9.4% to +11.2%.
within_category,stock,Outpatient and Home Providers,DVA,Davita,3,10,11,-1,-0.177709178032,-0.239325699204,-0.061616521172,2026-09-28,2026-10-05,Davita moved from rank #10 to #11 within Outpatient and Home Providers at 3 months; return -17.8% to -23.9%.
within_category,stock,Outpatient and Home Providers,FMS,Fresenius,12,9,9,0,-0.112978889758,-0.168224299065,-0.0552454093074,2026-09-28,2026-10-05,Fresenius moved from rank #9 to #9 within Outpatient and Home Providers at 12 months; return -11.3% to -16.8%.
within_category,stock,Outpatient and Home Providers,FMS,Fresenius,24,6,6,0,0.0647583294228,0.0748792270531,0.0101208976303,2026-09-28,2026-10-05,Fresenius moved from rank #6 to #6 within Outpatient and Home Providers at 24 months; return +6.5% to +7.5%.
within_category,stock,Outpatient and Home Providers,FMS,Fresenius,3,8,8,0,-0.0236660929432,-0.054398640034,-0.0307325470908,2026-09-28,2026-10-05,Fresenius moved from rank #8 to #8 within Outpatient and Home Providers at 3 months; return -2.4% to -5.4%.
within_category,stock,Outpatient and Home Providers,LFST,Lifestance Health,12,1,1,0,1.18450184502,1.14700544465,-0.0374964003739,2026-09-28,2026-10-05,Lifestance Health moved from rank #1 to #1 within Outpatient and Home Providers at 12 months; return +118.5% to +114.7%.
within_category,stock,Outpatient and Home Providers,LFST,Lifestance Health,24,3,3,0,0.706051873199,0.712011577424,0.00595970422502,2026-09-28,2026-10-05,Lifestance Health moved from rank #3 to #3 within Outpatient and Home Providers at 24 months; return +70.6% to +71.2%.
within_category,stock,Outpatient and Home Providers,LFST,Lifestance Health,3,4,4,0,0.151750972763,0.0496894409938,-0.102061531769,2026-09-28,2026-10-05,Lifestance Health moved from rank #4 to #4 within Outpatient and Home Providers at 3 months; return +15.2% to +5.0%.
within_category,stock,Outpatient and Home Providers,OPCH,Option Care Health,12,10,10,0,-0.154945054945,-0.176727272727,-0.0217822177823,2026-09-28,2026-10-05,Option Care Health moved from rank #10 to #10 within Outpatient and Home Providers at 12 months; return -15.5% to -17.7%.
within_category,stock,Outpatient and Home Providers,OPCH,Option Care Health,24,10,10,0,-0.265754296626,-0.22332761578,0.0424266808456,2026-09-28,2026-10-05,Option Care Health moved from rank #10 to #10 within Outpatient and Home Providers at 24 months; return -26.6% to -22.3%.
within_category,stock,Outpatient and Home Providers,OPCH,Option Care Health,3,7,6,1,0.0572868927589,0.0337899543379,-0.023496938421,2026-09-28,2026-10-05,Option Care Health moved from rank #7 to #6 within Outpatient and Home Providers at 3 months; return +5.7% to +3.4%.
within_category,stock,Outpatient and Home Providers,PNTG,Pennant Group,12,3,3,0,0.605118110236,0.517401392111,-0.0877167181246,2026-09-28,2026-10-05,Pennant Group moved from rank #3 to #3 within Outpatient and Home Providers at 12 months; return +60.5% to +51.7%.
within_category,stock,Outpatient and Home Providers,PNTG,Pennant Group,24,4,4,0,0.185519046234,0.189090909091,0.00357186285691,2026-09-28,2026-10-05,Pennant Group moved from rank #4 to #4 within Outpatient and Home Providers at 24 months; return +18.6% to +18.9%.
within_category,stock,Outpatient and Home Providers,PNTG,Pennant Group,3,5,7,-2,0.135338345865,0.018691588785,-0.11664675708,2026-09-28,2026-10-05,Pennant Group moved from rank #5 to #7 within Outpatient and Home Providers at 3 months; return +13.5% to +1.9%.
within_category,stock,Outpatient and Home Providers,SGRY,Surgery Partners,12,11,11,0,-0.340961098398,-0.370212765957,-0.0292516675594,2026-09-28,2026-10-05,Surgery Partners moved from rank #11 to #11 within Outpatient and Home Providers at 12 months; return -34.1% to -37.0%.
within_category,stock,Outpatient and Home Providers,SGRY,Surgery Partners,24,11,11,0,-0.548872180451,-0.572528883184,-0.0236567027326,2026-09-28,2026-10-05,Surgery Partners moved from rank #11 to #11 within Outpatient and Home Providers at 24 months; return -54.9% to -57.3%.
within_category,stock,Outpatient and Home Providers,SGRY,Surgery Partners,3,9,10,-1,-0.0897597977244,-0.226929773651,-0.137169975926,2026-09-28,2026-10-05,Surgery Partners moved from rank #9 to #10 within Outpatient and Home Providers at 3 months; return -9.0% to -22.7%.
within_category,stock,Outpatient and Home Providers,USPH,US Physical Therapy,12,7,8,-1,0.0172661870504,-0.0586912525298,-0.0759574395802,2026-09-28,2026-10-05,US Physical Therapy moved from rank #7 to #8 within Outpatient and Home Providers at 12 months; return +1.7% to -5.9%.
within_category,stock,Outpatient and Home Providers,USPH,US Physical Therapy,24,7,7,0,0.00545152879829,0.0329426280074,0.0274910992091,2026-09-28,2026-10-05,US Physical Therapy moved from rank #7 to #7 within Outpatient and Home Providers at 24 months; return +0.5% to +3.3%.
within_category,stock,Outpatient and Home Providers,USPH,US Physical Therapy,3,2,2,0,0.233498109916,0.157152729786,-0.0763453801302,2026-09-28,2026-10-05,US Physical Therapy moved from rank #2 to #2 within Outpatient and Home Providers at 3 months; return +23.3% to +15.7%.
within_category,stock,Payers,ALHC,Alignment Health,12,10,10,0,-0.531660011409,-0.522262334537,0.0093976768723,2026-09-28,2026-10-05,Alignment Health moved from rank #10 to #10 within Payers at 12 months; return -53.2% to -52.2%.
within_category,stock,Payers,ALHC,Alignment Health,24,8,8,0,-0.284219703575,-0.272893772894,0.0113259306812,2026-09-28,2026-10-05,Alignment Health moved from rank #8 to #8 within Payers at 24 months; return -28.4% to -27.3%.
within_category,stock,Payers,ALHC,Alignment Health,3,10,10,0,-0.645968089694,-0.666386554622,-0.0204184649278,2026-09-28,2026-10-05,Alignment Health moved from rank #10 to #10 within Payers at 3 months; return -64.6% to -66.6%.
within_category,stock,Payers,CI,Cigna,12,9,9,0,-0.0494810776811,-0.130128617363,-0.0806475396822,2026-09-28,2026-10-05,Cigna moved from rank #9 to #9 within Payers at 12 months; return -4.9% to -13.0%.
within_category,stock,Payers,CI,Cigna,24,6,6,0,-0.217687661777,-0.208282118818,0.00940554295932,2026-09-28,2026-10-05,Cigna moved from rank #6 to #6 within Payers at 24 months; return -21.8% to -20.8%.
within_category,stock,Payers,CI,Cigna,3,4,3,1,-0.0381201598359,-0.0599089550683,-0.0217887952324,2026-09-28,2026-10-05,Cigna moved from rank #4 to #3 within Payers at 3 months; return -3.8% to -6.0%.
within_category,stock,Payers,CLOV,Clover Health,12,4,1,3,0.403125,0.69111969112,0.28799469112,2026-09-28,2026-10-05,Clover Health moved from rank #4 to #1 within Payers at 12 months; return +40.3% to +69.1%.
within_category,stock,Payers,CLOV,Clover Health,24,1,4,-3,0.59219858156,0.0841584158416,-0.508040165718,2026-09-28,2026-10-05,Clover Health moved from rank #1 to #4 within Payers at 24 months; return +59.2% to +8.4%.
within_category,stock,Payers,CLOV,Clover Health,3,9,7,2,-0.170055452865,-0.167300380228,0.00275507263686,2026-09-28,2026-10-05,Clover Health moved from rank #9 to #7 within Payers at 3 months; return -17.0% to -16.7%.
within_category,stock,Payers,CNC,Centene,12,1,2,-1,0.773379231211,0.627648578811,-0.1457306524,2026-09-28,2026-10-05,Centene moved from rank #1 to #2 within Payers at 12 months; return +77.3% to +62.8%.
within_category,stock,Payers,CNC,Centene,24,5,5,0,-0.171091445428,-0.126109877913,0.0449815675146,2026-09-28,2026-10-05,Centene moved from rank #5 to #5 within Payers at 24 months; return -17.1% to -12.6%.
within_category,stock,Payers,CNC,Centene,3,5,4,1,-0.0594857751407,-0.0717653993516,-0.0122796242109,2026-09-28,2026-10-05,Centene moved from rank #5 to #4 within Payers at 3 months; return -5.9% to -7.2%.
within_category,stock,Payers,CVS,CVS Health,12,6,5,1,0.176323083014,0.115756871854,-0.0605662111596,2026-09-28,2026-10-05,CVS Health moved from rank #6 to #5 within Payers at 12 months; return +17.6% to +11.6%.
within_category,stock,Payers,CVS,CVS Health,24,2,3,-1,0.452101661779,0.338597306085,-0.113504355694,2026-09-28,2026-10-05,CVS Health moved from rank #2 to #3 within Payers at 24 months; return +45.2% to +33.9%.
within_category,stock,Payers,CVS,CVS Health,3,7,8,-1,-0.145773433007,-0.174369747899,-0.0285963148922,2026-09-28,2026-10-05,CVS Health moved from rank #7 to #8 within Payers at 3 months; return -14.6% to -17.4%.
within_category,stock,Payers,ELV,Elevance,12,5,6,-1,0.243181318854,0.102510699001,-0.140670619853,2026-09-28,2026-10-05,Elevance moved from rank #5 to #6 within Payers at 12 months; return +24.3% to +10.3%.
within_category,stock,Payers,ELV,Elevance,24,7,7,0,-0.244030918981,-0.214684902555,0.0293460164265,2026-09-28,2026-10-05,Elevance moved from rank #7 to #7 within Payers at 24 months; return -24.4% to -21.5%.
within_category,stock,Payers,ELV,Elevance,3,2,5,-3,0.00230274811478,-0.0752829692024,-0.0775857173172,2026-09-28,2026-10-05,Elevance moved from rank #2 to #5 within Payers at 3 months; return +0.2% to -7.5%.
within_category,stock,Payers,HUM,Humana,12,3,4,-1,0.560815846244,0.368814323981,-0.192001522263,2026-09-28,2026-10-05,Humana moved from rank #3 to #4 within Payers at 12 months; return +56.1% to +36.9%.
within_category,stock,Payers,HUM,Humana,24,4,1,3,0.245204493538,0.617964421114,0.372759927576,2026-09-28,2026-10-05,Humana moved from rank #4 to #1 within Payers at 24 months; return +24.5% to +61.8%.
within_category,stock,Payers,HUM,Humana,3,1,1,0,0.0367080033347,-0.0211468178954,-0.0578548212301,2026-09-28,2026-10-05,Humana moved from rank #1 to #1 within Payers at 3 months; return +3.7% to -2.1%.
within_category,stock,Payers,MOH,Molina Healthcare,12,8,8,0,-0.00583394103552,-0.0615437936327,-0.0557098525972,2026-09-28,2026-10-05,Molina Healthcare moved from rank #8 to #8 within Payers at 12 months; return -0.6% to -6.2%.
within_category,stock,Payers,MOH,Molina Healthcare,24,10,10,0,-0.441701281226,-0.426800133063,0.0149011481628,2026-09-28,2026-10-05,Molina Healthcare moved from rank #10 to #10 within Payers at 24 months; return -44.2% to -42.7%.
within_category,stock,Payers,MOH,Molina Healthcare,3,8,9,-1,-0.169234787151,-0.175446991778,-0.00621220462696,2026-09-28,2026-10-05,Molina Healthcare moved from rank #8 to #9 within Payers at 3 months; return -16.9% to -17.5%.
within_category,stock,Payers,OSCR,Oscar Health,12,2,3,-1,0.606948968512,0.428439519852,-0.17850944866,2026-09-28,2026-10-05,Oscar Health moved from rank #2 to #3 within Payers at 12 months; return +60.7% to +42.8%.
within_category,stock,Payers,OSCR,Oscar Health,24,3,2,1,0.41019533111,0.536246276068,0.126050944958,2026-09-28,2026-10-05,Oscar Health moved from rank #3 to #2 within Payers at 24 months; return +41.0% to +53.6%.
within_category,stock,Payers,OSCR,Oscar Health,3,3,2,1,-0.00637797918765,-0.0385332504661,-0.0321552712785,2026-09-28,2026-10-05,Oscar Health moved from rank #3 to #2 within Payers at 3 months; return -0.6% to -3.9%.
within_category,stock,Payers,UNH,UnitedHealth,12,7,7,0,0.0944838409672,0.0324819544697,-0.0620018864975,2026-09-28,2026-10-05,UnitedHealth moved from rank #7 to #7 within Payers at 12 months; return +9.4% to +3.2%.
within_category,stock,Payers,UNH,UnitedHealth,24,9,9,0,-0.352771332818,-0.370940460081,-0.0181691272632,2026-09-28,2026-10-05,UnitedHealth moved from rank #9 to #9 within Payers at 24 months; return -35.3% to -37.1%.
within_category,stock,Payers,UNH,UnitedHealth,3,6,6,0,-0.119890626095,-0.125681775437,-0.00579114934228,2026-09-28,2026-10-05,UnitedHealth moved from rank #6 to #6 within Payers at 3 months; return -12.0% to -12.6%.
within_category,stock,Pharma Distribution,AHCO,Accendra Health,12,5,5,0,-0.365579302587,-0.383938393839,-0.0183590912524,2026-09-28,2026-10-05,Accendra Health moved from rank #5 to #5 within Pharma Distribution at 12 months; return -36.6% to -38.4%.
within_category,stock,Pharma Distribution,AHCO,Accendra Health,24,5,5,0,-0.493261455526,-0.463601532567,0.029659922959,2026-09-28,2026-10-05,Accendra Health moved from rank #5 to #5 within Pharma Distribution at 24 months; return -49.3% to -46.4%.
within_category,stock,Pharma Distribution,AHCO,Accendra Health,3,5,5,0,-0.451895043732,-0.479553903346,-0.0276588596137,2026-09-28,2026-10-05,Accendra Health moved from rank #5 to #5 within Pharma Distribution at 3 months; return -45.2% to -48.0%.
within_category,stock,Pharma Distribution,CAH,Cardinal Health,12,1,1,0,0.432697937675,0.478052570245,0.0453546325697,2026-09-28,2026-10-05,Cardinal Health moved from rank #1 to #1 within Pharma Distribution at 12 months; return +43.3% to +47.8%.
within_category,stock,Pharma Distribution,CAH,Cardinal Health,24,1,1,0,1.0058293105,1.03875692088,0.0329276103787,2026-09-28,2026-10-05,Cardinal Health moved from rank #1 to #1 within Pharma Distribution at 24 months; return +100.6% to +103.9%.
within_category,stock,Pharma Distribution,CAH,Cardinal Health,3,4,4,0,-0.0743947545393,-0.0445300075333,0.029864747006,2026-09-28,2026-10-05,Cardinal Health moved from rank #4 to #4 within Pharma Distribution at 3 months; return -7.4% to -4.5%.
within_category,stock,Pharma Distribution,COR,Cencora,12,4,4,0,-0.000260586319218,0.0207755317743,0.0210361180936,2026-09-28,2026-10-05,Cencora moved from rank #4 to #4 within Pharma Distribution at 12 months; return -0.0% to +2.1%.
within_category,stock,Pharma Distribution,COR,Cencora,24,3,3,0,0.364574070781,0.405155951623,0.0405818808422,2026-09-28,2026-10-05,Cencora moved from rank #3 to #3 within Pharma Distribution at 24 months; return +36.5% to +40.5%.
within_category,stock,Pharma Distribution,COR,Cencora,3,2,2,0,0.0726592807465,0.0422919968972,-0.0303672838493,2026-09-28,2026-10-05,Cencora moved from rank #2 to #2 within Pharma Distribution at 3 months; return +7.3% to +4.2%.
within_category,stock,Pharma Distribution,HSIC,Henry Schein,12,2,2,0,0.30744777475,0.266298672236,-0.0411491025137,2026-09-28,2026-10-05,Henry Schein moved from rank #2 to #2 within Pharma Distribution at 12 months; return +30.7% to +26.6%.
within_category,stock,Pharma Distribution,HSIC,Henry Schein,24,4,4,0,0.179595738869,0.202947845805,0.023352106936,2026-09-28,2026-10-05,Henry Schein moved from rank #4 to #4 within Pharma Distribution at 24 months; return +18.0% to +20.3%.
within_category,stock,Pharma Distribution,HSIC,Henry Schein,3,3,3,0,0.0167157151265,-0.0179335878746,-0.0346493030011,2026-09-28,2026-10-05,Henry Schein moved from rank #3 to #3 within Pharma Distribution at 3 months; return +1.7% to -1.8%.
within_category,stock,Pharma Distribution,MCK,McKesson,12,3,3,0,0.139491157715,0.222502235591,0.0830110778756,2026-09-28,2026-10-05,McKesson moved from rank #3 to #3 within Pharma Distribution at 12 months; return +13.9% to +22.3%.
within_category,stock,Pharma Distribution,MCK,McKesson,24,2,2,0,0.774992319508,0.8587614849,0.0837691653917,2026-09-28,2026-10-05,McKesson moved from rank #2 to #2 within Pharma Distribution at 24 months; return +77.5% to +85.9%.
within_category,stock,Pharma Distribution,MCK,McKesson,3,1,1,0,0.135073541931,0.147500953834,0.0124274119034,2026-09-28,2026-10-05,McKesson moved from rank #1 to #1 within Pharma Distribution at 3 months; return +13.5% to +14.8%.
within_category,stock,Precision Diagnostics,BLLN,BillionToOne,12,,,,,,,2026-09-28,2026-10-05,BillionToOne moved from rank unavailable within Precision Diagnostics at 12 months; return unavailable.
within_category,stock,Precision Diagnostics,BLLN,BillionToOne,24,,,,,,,2026-09-28,2026-10-05,BillionToOne moved from rank unavailable within Precision Diagnostics at 24 months; return unavailable.
within_category,stock,Precision Diagnostics,BLLN,BillionToOne,3,10,11,-1,0.041550308877,-0.120066472788,-0.161616781665,2026-09-28,2026-10-05,BillionToOne moved from rank #10 to #11 within Precision Diagnostics at 3 months; return +4.2% to -12.0%.
within_category,stock,Precision Diagnostics,CERT,Certara,12,10,10,0,-0.227966101695,-0.283856159143,-0.0558900574481,2026-09-28,2026-10-05,Certara moved from rank #10 to #10 within Precision Diagnostics at 12 months; return -22.8% to -28.4%.
within_category,stock,Precision Diagnostics,CERT,Certara,24,10,10,0,-0.224680851064,-0.155996393147,0.068684457917,2026-09-28,2026-10-05,Certara moved from rank #10 to #10 within Precision Diagnostics at 24 months; return -22.5% to -15.6%.
within_category,stock,Precision Diagnostics,CERT,Certara,3,3,5,-2,0.559931506849,0.342898134864,-0.217033371985,2026-09-28,2026-10-05,Certara moved from rank #3 to #5 within Precision Diagnostics at 3 months; return +56.0% to +34.3%.
within_category,stock,Precision Diagnostics,DGX,Quest Diagnostics,12,7,7,0,0.250436531033,0.301120838677,0.0506843076443,2026-09-28,2026-10-05,Quest Diagnostics moved from rank #7 to #7 within Precision Diagnostics at 12 months; return +25.0% to +30.1%.
within_category,stock,Precision Diagnostics,DGX,Quest Diagnostics,24,6,5,1,0.52661498708,0.547383778765,0.0207687916852,2026-09-28,2026-10-05,Quest Diagnostics moved from rank #6 to #5 within Precision Diagnostics at 24 months; return +52.7% to +54.7%.
within_category,stock,Precision Diagnostics,DGX,Quest Diagnostics,3,9,8,1,0.125976748618,0.08163359911,-0.044343149508,2026-09-28,2026-10-05,Quest Diagnostics moved from rank #9 to #8 within Precision Diagnostics at 3 months; return +12.6% to +8.2%.
within_category,stock,Precision Diagnostics,GH,Guardant Health,12,2,2,0,1.95269032151,1.82940802037,-0.123282301141,2026-09-28,2026-10-05,Guardant Health moved from rank #2 to #2 within Precision Diagnostics at 12 months; return +195.3% to +182.9%.
within_category,stock,Precision Diagnostics,GH,Guardant Health,24,1,1,0,6.74694055944,7.02346570397,0.276525144531,2026-09-28,2026-10-05,Guardant Health moved from rank #1 to #1 within Precision Diagnostics at 24 months; return +674.7% to +702.3%.
within_category,stock,Precision Diagnostics,GH,Guardant Health,3,7,10,-3,0.18784345262,0.0584593403977,-0.129384112222,2026-09-28,2026-10-05,Guardant Health moved from rank #7 to #10 within Precision Diagnostics at 3 months; return +18.8% to +5.8%.
within_category,stock,Precision Diagnostics,ILMN,Illumina,12,3,3,0,1.94470498419,1.67371719546,-0.270987788734,2026-09-28,2026-10-05,Illumina moved from rank #3 to #3 within Precision Diagnostics at 12 months; return +194.5% to +167.4%.
within_category,stock,Precision Diagnostics,ILMN,Illumina,24,4,4,0,1.07500768521,0.930566357916,-0.144441327294,2026-09-28,2026-10-05,Illumina moved from rank #4 to #4 within Precision Diagnostics at 24 months; return +107.5% to +93.1%.
within_category,stock,Precision Diagnostics,ILMN,Illumina,3,4,4,0,0.529311809686,0.447106211575,-0.0822055981108,2026-09-28,2026-10-05,Illumina moved from rank #4 to #4 within Precision Diagnostics at 3 months; return +52.9% to +44.7%.
within_category,stock,Precision Diagnostics,LH,Labcorp Holdings,12,8,8,0,0.103453191262,0.113923593558,0.0104704022962,2026-09-28,2026-10-05,Labcorp Holdings moved from rank #8 to #8 within Precision Diagnostics at 12 months; return +10.3% to +11.4%.
within_category,stock,Precision Diagnostics,LH,Labcorp Holdings,24,7,8,-1,0.394146780729,0.428194444444,0.0340476637154,2026-09-28,2026-10-05,Labcorp Holdings moved from rank #7 to #8 within Precision Diagnostics at 24 months; return +39.4% to +42.8%.
within_category,stock,Precision Diagnostics,LH,Labcorp Holdings,3,8,9,-1,0.140604855048,0.0749529583943,-0.0656518966537,2026-09-28,2026-10-05,Labcorp Holdings moved from rank #8 to #9 within Precision Diagnostics at 3 months; return +14.1% to +7.5%.
within_category,stock,Precision Diagnostics,NEO,NeoGenomics,12,5,5,0,1.43757881463,1.02967032967,-0.40790848496,2026-09-28,2026-10-05,NeoGenomics moved from rank #5 to #5 within Precision Diagnostics at 12 months; return +143.8% to +103.0%.
within_category,stock,Precision Diagnostics,NEO,NeoGenomics,24,8,9,-1,0.333103448276,0.324964131994,-0.00813931628174,2026-09-28,2026-10-05,NeoGenomics moved from rank #8 to #9 within Precision Diagnostics at 24 months; return +33.3% to +32.5%.
within_category,stock,Precision Diagnostics,NEO,NeoGenomics,3,6,7,-1,0.364149611856,0.218337730871,-0.145811880985,2026-09-28,2026-10-05,NeoGenomics moved from rank #6 to #7 within Precision Diagnostics at 3 months; return +36.4% to +21.8%.
within_category,stock,Precision Diagnostics,NTRA,Natera,12,4,4,0,1.53150886666,1.4520466089,-0.0794622577565,2026-09-28,2026-10-05,Natera moved from rank #4 to #4 within Precision Diagnostics at 12 months; return +153.2% to +145.2%.
within_category,stock,Precision Diagnostics,NTRA,Natera,24,3,3,0,2.28157811009,2.16042821935,-0.121149890743,2026-09-28,2026-10-05,Natera moved from rank #3 to #3 within Precision Diagnostics at 24 months; return +228.2% to +216.0%.
within_category,stock,Precision Diagnostics,NTRA,Natera,3,2,3,-1,0.575197586957,0.469103537162,-0.106094049795,2026-09-28,2026-10-05,Natera moved from rank #2 to #3 within Precision Diagnostics at 3 months; return +57.5% to +46.9%.
within_category,stock,Precision Diagnostics,PACB,PacBio,12,6,6,0,0.338842975207,0.704697986577,0.36585501137,2026-09-28,2026-10-05,PacBio moved from rank #6 to #6 within Precision Diagnostics at 12 months; return +33.9% to +70.5%.
within_category,stock,Precision Diagnostics,PACB,PacBio,24,9,6,3,-0.0742857142857,0.476744186047,0.551029900332,2026-09-28,2026-10-05,PacBio moved from rank #9 to #6 within Precision Diagnostics at 24 months; return -7.4% to +47.7%.
within_category,stock,Precision Diagnostics,PACB,PacBio,3,11,2,9,-0.0181818181818,0.511904761905,0.530086580087,2026-09-28,2026-10-05,PacBio moved from rank #11 to #2 within Precision Diagnostics at 3 months; return -1.8% to +51.2%.
within_category,stock,Precision Diagnostics,QDEL,QuidelOrtho,12,11,11,0,-0.613836921991,-0.640760507005,-0.0269235850137,2026-09-28,2026-10-05,QuidelOrtho moved from rank #11 to #11 within Precision Diagnostics at 12 months; return -61.4% to -64.1%.
within_category,stock,Precision Diagnostics,QDEL,QuidelOrtho,24,11,11,0,-0.759824368825,-0.753941055517,0.00588331330752,2026-09-28,2026-10-05,QuidelOrtho moved from rank #11 to #11 within Precision Diagnostics at 24 months; return -76.0% to -75.4%.
within_category,stock,Precision Diagnostics,QDEL,QuidelOrtho,3,12,12,0,-0.206671501088,-0.409863013699,-0.203191512611,2026-09-28,2026-10-05,QuidelOrtho moved from rank #12 to #12 within Precision Diagnostics at 3 months; return -20.7% to -41.0%.
within_category,stock,Precision Diagnostics,TEM,Tempus AI,12,9,9,0,0.0832059123344,-0.163975561859,-0.247181474193,2026-09-28,2026-10-05,Tempus AI moved from rank #9 to #9 within Precision Diagnostics at 12 months; return +8.3% to -16.4%.
within_category,stock,Precision Diagnostics,TEM,Tempus AI,24,5,7,-2,0.578937592868,0.447487721949,-0.131449870919,2026-09-28,2026-10-05,Tempus AI moved from rank #5 to #7 within Precision Diagnostics at 24 months; return +57.9% to +44.7%.
within_category,stock,Precision Diagnostics,TEM,Tempus AI,3,5,6,-1,0.514250089063,0.271445163431,-0.242804925632,2026-09-28,2026-10-05,Tempus AI moved from rank #5 to #6 within Precision Diagnostics at 3 months; return +51.4% to +27.1%.
within_category,stock,Precision Diagnostics,TXG,10x Genomics,12,1,1,0,6.31313993174,6.33333333333,0.0201934015933,2026-09-28,2026-10-05,10x Genomics moved from rank #1 to #1 within Precision Diagnostics at 12 months; return +631.3% to +633.3%.
within_category,stock,Precision Diagnostics,TXG,10x Genomics,24,2,2,0,2.78076753419,3.67032967033,0.88956213614,2026-09-28,2026-10-05,10x Genomics moved from rank #2 to #2 within Precision Diagnostics at 24 months; return +278.1% to +367.0%.
within_category,stock,Precision Diagnostics,TXG,10x Genomics,3,1,1,0,1.33224489796,1.39682132786,0.0645764299047,2026-09-28,2026-10-05,10x Genomics moved from rank #1 to #1 within Precision Diagnostics at 3 months; return +133.2% to +139.7%.
within_category,stock,Value-Based Care,AGL,Agilon Health,12,1,1,0,1.96256880734,1.97840707965,0.015838272306,2026-09-28,2026-10-05,Agilon Health moved from rank #1 to #1 within Value-Based Care at 12 months; return +196.3% to +197.8%.
within_category,stock,Value-Based Care,AGL,Agilon Health,24,2,2,0,-0.136577540107,0.0484735202492,0.185051060356,2026-09-28,2026-10-05,Agilon Health moved from rank #2 to #2 within Value-Based Care at 24 months; return -13.7% to +4.8%.
within_category,stock,Value-Based Care,AGL,Agilon Health,3,3,1,2,-0.323018867925,-0.242050265742,0.0809686021832,2026-09-28,2026-10-05,Agilon Health moved from rank #3 to #1 within Value-Based Care at 3 months; return -32.3% to -24.2%.
within_category,stock,Value-Based Care,ASTH,Astrana Health,12,2,2,0,0.225404312668,0.248,0.022595687332,2026-09-28,2026-10-05,Astrana Health moved from rank #2 to #2 within Value-Based Care at 12 months; return +22.5% to +24.8%.
within_category,stock,Value-Based Care,ASTH,Astrana Health,24,3,3,0,-0.356624800991,-0.400901653031,-0.0442768520396,2026-09-28,2026-10-05,Astrana Health moved from rank #3 to #3 within Value-Based Care at 24 months; return -35.7% to -40.1%.
within_category,stock,Value-Based Care,ASTH,Astrana Health,3,1,3,-2,-0.182880251629,-0.27028676022,-0.0874065085906,2026-09-28,2026-10-05,Astrana Health moved from rank #1 to #3 within Value-Based Care at 3 months; return -18.3% to -27.0%.
within_category,stock,Value-Based Care,EVH,Evolent Health,12,5,5,0,-0.596648044693,-0.579586877278,0.0170611674147,2026-09-28,2026-10-05,Evolent Health moved from rank #5 to #5 within Value-Based Care at 12 months; return -59.7% to -58.0%.
within_category,stock,Value-Based Care,EVH,Evolent Health,24,5,5,0,-0.876791808874,-0.868640850418,0.00815095845638,2026-09-28,2026-10-05,Evolent Health moved from rank #5 to #5 within Value-Based Care at 24 months; return -87.7% to -86.9%.
within_category,stock,Value-Based Care,EVH,Evolent Health,3,4,4,0,-0.344827586207,-0.394045534151,-0.0492179479436,2026-09-28,2026-10-05,Evolent Health moved from rank #4 to #4 within Value-Based Care at 3 months; return -34.5% to -39.4%.
within_category,stock,Value-Based Care,PIII,P3 Health,12,4,4,0,-0.277663934426,-0.264739884393,0.0129240500329,2026-09-28,2026-10-05,P3 Health moved from rank #4 to #4 within Value-Based Care at 12 months; return -27.8% to -26.5%.
within_category,stock,Value-Based Care,PIII,P3 Health,24,4,4,0,-0.640306122449,-0.663492063492,-0.0231859410431,2026-09-28,2026-10-05,P3 Health moved from rank #4 to #4 within Value-Based Care at 24 months; return -64.0% to -66.3%.
within_category,stock,Value-Based Care,PIII,P3 Health,3,5,5,0,-0.376657824934,-0.440633245383,-0.0639754204486,2026-09-28,2026-10-05,P3 Health moved from rank #5 to #5 within Value-Based Care at 3 months; return -37.7% to -44.1%.
within_category,stock,Value-Based Care,PRVA,Privia Health Group,12,3,3,0,-0.177378964942,-0.157326691573,0.0200522733687,2026-09-28,2026-10-05,Privia Health Group moved from rank #3 to #3 within Value-Based Care at 12 months; return -17.7% to -15.7%.
within_category,stock,Value-Based Care,PRVA,Privia Health Group,24,1,1,0,0.0901548672566,0.154064809551,0.0639099422943,2026-09-28,2026-10-05,Privia Health Group moved from rank #1 to #1 within Value-Based Care at 24 months; return +9.0% to +15.4%.
within_category,stock,Value-Based Care,PRVA,Privia Health Group,3,2,2,0,-0.229174814235,-0.258040935673,-0.0288661214375,2026-09-28,2026-10-05,Privia Health Group moved from rank #2 to #2 within Value-Based Care at 3 months; return -22.9% to -25.8%.
overall_stock,stock,,ACHC,Acadia Healthcare,3,36,55,-19,0.0244347191831,-0.120651833281,-0.145086552464,2026-09-28,2026-10-05,Acadia Healthcare moved from rank #36 to #55 across the watchlist at 3 months; return +2.4% to -12.1%.
overall_stock,stock,,ACHC,Acadia Healthcare,12,34,39,-5,0.145128414187,0.0338983050847,-0.111230109102,2026-09-28,2026-10-05,Acadia Healthcare moved from rank #34 to #39 across the watchlist at 12 months; return +14.5% to +3.4%.
overall_stock,stock,,ACHC,Acadia Healthcare,24,74,68,6,-0.556099873578,-0.497132616487,0.0589672570905,2026-09-28,2026-10-05,Acadia Healthcare moved from rank #74 to #68 across the watchlist at 24 months; return -55.6% to -49.7%.
overall_stock,stock,,ADUS,Addus HomeCare,3,20,25,-5,0.167509025271,0.0580013311781,-0.109507694093,2026-09-28,2026-10-05,Addus HomeCare moved from rank #20 to #25 across the watchlist at 3 months; return +16.8% to +5.8%.
overall_stock,stock,,ADUS,Addus HomeCare,12,53,48,5,-0.0353673086756,-0.0312554414069,0.00411186726867,2026-09-28,2026-10-05,Addus HomeCare moved from rank #53 to #48 across the watchlist at 12 months; return -3.5% to -3.1%.
overall_stock,stock,,ADUS,Addus HomeCare,24,48,48,0,-0.135624284078,-0.119072124139,0.016552159939,2026-09-28,2026-10-05,Addus HomeCare moved from rank #48 to #48 across the watchlist at 24 months; return -13.6% to -11.9%.
overall_stock,stock,,AGL,Agilon Health,3,78,69,9,-0.323018867925,-0.242050265742,0.0809686021832,2026-09-28,2026-10-05,Agilon Health moved from rank #78 to #69 across the watchlist at 3 months; return -32.3% to -24.2%.
overall_stock,stock,,AGL,Agilon Health,12,2,3,-1,1.96256880734,1.97840707965,0.015838272306,2026-09-28,2026-10-05,Agilon Health moved from rank #2 to #3 across the watchlist at 12 months; return +196.3% to +197.8%.
overall_stock,stock,,AGL,Agilon Health,24,49,44,5,-0.136577540107,0.0484735202492,0.185051060356,2026-09-28,2026-10-05,Agilon Health moved from rank #49 to #44 across the watchlist at 24 months; return -13.7% to +4.8%.
overall_stock,stock,,AHCO,Accendra Health,3,81,79,2,-0.451895043732,-0.479553903346,-0.0276588596137,2026-09-28,2026-10-05,Accendra Health moved from rank #81 to #79 across the watchlist at 3 months; return -45.2% to -48.0%.
overall_stock,stock,,AHCO,Accendra Health,12,70,67,3,-0.365579302587,-0.383938393839,-0.0183590912524,2026-09-28,2026-10-05,Accendra Health moved from rank #70 to #67 across the watchlist at 12 months; return -36.6% to -38.4%.
overall_stock,stock,,AHCO,Accendra Health,24,68,67,1,-0.493261455526,-0.463601532567,0.029659922959,2026-09-28,2026-10-05,Accendra Health moved from rank #68 to #67 across the watchlist at 24 months; return -49.3% to -46.4%.
overall_stock,stock,,ALHC,Alignment Health,3,82,80,2,-0.645968089694,-0.666386554622,-0.0204184649278,2026-09-28,2026-10-05,Alignment Health moved from rank #82 to #80 across the watchlist at 3 months; return -64.6% to -66.6%.
overall_stock,stock,,ALHC,Alignment Health,12,74,72,2,-0.531660011409,-0.522262334537,0.0093976768723,2026-09-28,2026-10-05,Alignment Health moved from rank #74 to #72 across the watchlist at 12 months; return -53.2% to -52.2%.
overall_stock,stock,,ALHC,Alignment Health,24,61,59,2,-0.284219703575,-0.272893772894,0.0113259306812,2026-09-28,2026-10-05,Alignment Health moved from rank #61 to #59 across the watchlist at 24 months; return -28.4% to -27.3%.
overall_stock,stock,,AMWL,Amwell,3,7,8,-1,0.461371055495,0.339459459459,-0.121911596036,2026-09-28,2026-10-05,Amwell moved from rank #7 to #8 across the watchlist at 3 months; return +46.1% to +33.9%.
overall_stock,stock,,AMWL,Amwell,12,9,10,-1,1.16612903226,0.957345971564,-0.208783060696,2026-09-28,2026-10-05,Amwell moved from rank #9 to #10 across the watchlist at 12 months; return +116.6% to +95.7%.
overall_stock,stock,,AMWL,Amwell,24,21,27,-6,0.413684210526,0.323717948718,-0.0899662618081,2026-09-28,2026-10-05,Amwell moved from rank #21 to #27 across the watchlist at 24 months; return +41.4% to +32.4%.
overall_stock,stock,,ARDT,Ardent Health Partners,3,30,40,-10,0.0832476875642,-0.0390334572491,-0.122281144813,2026-09-28,2026-10-05,Ardent Health Partners moved from rank #30 to #40 across the watchlist at 3 months; return +8.3% to -3.9%.
overall_stock,stock,,ARDT,Ardent Health Partners,12,64,61,3,-0.205128205128,-0.262482168331,-0.057353963203,2026-09-28,2026-10-05,Ardent Health Partners moved from rank #64 to #61 across the watchlist at 12 months; return -20.5% to -26.2%.
overall_stock,stock,,ARDT,Ardent Health Partners,24,65,64,1,-0.424043715847,-0.425236242357,-0.00119252650986,2026-09-28,2026-10-05,Ardent Health Partners moved from rank #65 to #64 across the watchlist at 24 months; return -42.4% to -42.5%.
overall_stock,stock,,ASTH,Astrana Health,3,72,71,1,-0.182880251629,-0.27028676022,-0.0874065085906,2026-09-28,2026-10-05,Astrana Health moved from rank #72 to #71 across the watchlist at 3 months; return -18.3% to -27.0%.
overall_stock,stock,,ASTH,Astrana Health,12,30,27,3,0.225404312668,0.248,0.022595687332,2026-09-28,2026-10-05,Astrana Health moved from rank #30 to #27 across the watchlist at 12 months; return +22.5% to +24.8%.
overall_stock,stock,,ASTH,Astrana Health,24,63,63,0,-0.356624800991,-0.400901653031,-0.0442768520396,2026-09-28,2026-10-05,Astrana Health moved from rank #63 to #63 across the watchlist at 24 months; return -35.7% to -40.1%.
overall_stock,stock,,AVAH,Aveanna Healthcare,3,8,6,2,0.433025404157,0.383516483516,-0.0495089206405,2026-09-28,2026-10-05,Aveanna Healthcare moved from rank #8 to #6 across the watchlist at 3 months; return +43.3% to +38.4%.
overall_stock,stock,,AVAH,Aveanna Healthcare,12,19,17,2,0.418285714286,0.458864426419,0.0405787121335,2026-09-28,2026-10-05,Aveanna Healthcare moved from rank #19 to #17 across the watchlist at 12 months; return +41.8% to +45.9%.
overall_stock,stock,,AVAH,Aveanna Healthcare,24,6,5,1,1.4003868472,1.77924944812,0.378862600924,2026-09-28,2026-10-05,Aveanna Healthcare moved from rank #6 to #5 across the watchlist at 24 months; return +140.0% to +177.9%.
overall_stock,stock,,BLLN,BillionToOne,3,34,54,-20,0.041550308877,-0.120066472788,-0.161616781665,2026-09-28,2026-10-05,BillionToOne moved from rank #34 to #54 across the watchlist at 3 months; return +4.2% to -12.0%.
overall_stock,stock,,BLLN,BillionToOne,12,,,,,,,2026-09-28,2026-10-05,BillionToOne moved from rank unavailable across the watchlist at 12 months; return unavailable.
overall_stock,stock,,BLLN,BillionToOne,24,,,,,,,2026-09-28,2026-10-05,BillionToOne moved from rank unavailable across the watchlist at 24 months; return unavailable.
overall_stock,stock,,BTSG,BrightSpring Health Services,3,71,57,14,-0.179617280371,-0.127191076344,0.0524262040274,2026-09-28,2026-10-05,BrightSpring Health Services moved from rank #71 to #57 across the watchlist at 3 months; return -18.0% to -12.7%.
overall_stock,stock,,BTSG,BrightSpring Health Services,12,10,8,2,1.06608251187,1.12447108604,0.0583885741667,2026-09-28,2026-10-05,BrightSpring Health Services moved from rank #10 to #8 across the watchlist at 12 months; return +106.6% to +112.4%.
overall_stock,stock,,BTSG,BrightSpring Health Services,24,3,3,0,2.77518345564,3.08197831978,0.306794864143,2026-09-28,2026-10-05,BrightSpring Health Services moved from rank #3 to #3 across the watchlist at 24 months; return +277.5% to +308.2%.
overall_stock,stock,,CAH,Cardinal Health,3,56,41,15,-0.0743947545393,-0.0445300075333,0.029864747006,2026-09-28,2026-10-05,Cardinal Health moved from rank #56 to #41 across the watchlist at 3 months; return -7.4% to -4.5%.
overall_stock,stock,,CAH,Cardinal Health,12,18,16,2,0.432697937675,0.478052570245,0.0453546325697,2026-09-28,2026-10-05,Cardinal Health moved from rank #18 to #16 across the watchlist at 12 months; return +43.3% to +47.8%.
overall_stock,stock,,CAH,Cardinal Health,24,8,6,2,1.0058293105,1.03875692088,0.0329276103787,2026-09-28,2026-10-05,Cardinal Health moved from rank #8 to #6 across the watchlist at 24 months; return +100.6% to +103.9%.
overall_stock,stock,,CCSI,Consensus Cloud Solutions,3,51,46,5,-0.0408496732026,-0.0680021085925,-0.0271524353899,2026-09-28,2026-10-05,Consensus Cloud Solutions moved from rank #51 to #46 across the watchlist at 3 months; return -4.1% to -6.8%.
overall_stock,stock,,CCSI,Consensus Cloud Solutions,12,31,24,7,0.198366791426,0.27148507731,0.0731182858843,2026-09-28,2026-10-05,Consensus Cloud Solutions moved from rank #31 to #24 across the watchlist at 12 months; return +19.8% to +27.1%.
overall_stock,stock,,CCSI,Consensus Cloud Solutions,24,19,15,4,0.491109229467,0.594948128101,0.103838898634,2026-09-28,2026-10-05,Consensus Cloud Solutions moved from rank #19 to #15 across the watchlist at 24 months; return +49.1% to +59.5%.
overall_stock,stock,,CERT,Certara,3,4,7,-3,0.559931506849,0.342898134864,-0.217033371985,2026-09-28,2026-10-05,Certara moved from rank #4 to #7 across the watchlist at 3 months; return +56.0% to +34.3%.
overall_stock,stock,,CERT,Certara,12,65,64,1,-0.227966101695,-0.283856159143,-0.0558900574481,2026-09-28,2026-10-05,Certara moved from rank #65 to #64 across the watchlist at 12 months; return -22.8% to -28.4%.
overall_stock,stock,,CERT,Certara,24,57,51,6,-0.224680851064,-0.155996393147,0.068684457917,2026-09-28,2026-10-05,Certara moved from rank #57 to #51 across the watchlist at 24 months; return -22.5% to -15.6%.
overall_stock,stock,,CHE,Chemed (Vitas),3,29,30,-1,0.105508547747,0.0364334436139,-0.0690751041331,2026-09-28,2026-10-05,Chemed (Vitas) moved from rank #29 to #30 across the watchlist at 3 months; return +10.6% to +3.6%.
overall_stock,stock,,CHE,Chemed (Vitas),12,36,32,4,0.108019816974,0.144332453945,0.0363126369708,2026-09-28,2026-10-05,Chemed (Vitas) moved from rank #36 to #32 across the watchlist at 12 months; return +10.8% to +14.4%.
overall_stock,stock,,CHE,Chemed (Vitas),24,50,50,0,-0.145032051282,-0.127332129654,0.0176999216285,2026-09-28,2026-10-05,Chemed (Vitas) moved from rank #50 to #50 across the watchlist at 24 months; return -14.5% to -12.7%.
overall_stock,stock,,CI,Cigna,3,50,45,5,-0.0381201598359,-0.0599089550683,-0.0217887952324,2026-09-28,2026-10-05,Cigna moved from rank #50 to #45 across the watchlist at 3 months; return -3.8% to -6.0%.
overall_stock,stock,,CI,Cigna,12,54,54,0,-0.0494810776811,-0.130128617363,-0.0806475396822,2026-09-28,2026-10-05,Cigna moved from rank #54 to #54 across the watchlist at 12 months; return -4.9% to -13.0%.
overall_stock,stock,,CI,Cigna,24,55,56,-1,-0.217687661777,-0.208282118818,0.00940554295932,2026-09-28,2026-10-05,Cigna moved from rank #55 to #56 across the watchlist at 24 months; return -21.8% to -20.8%.
overall_stock,stock,,CLOV,Clover Health,3,69,62,7,-0.170055452865,-0.167300380228,0.00275507263686,2026-09-28,2026-10-05,Clover Health moved from rank #69 to #62 across the watchlist at 3 months; return -17.0% to -16.7%.
overall_stock,stock,,CLOV,Clover Health,12,20,13,7,0.403125,0.69111969112,0.28799469112,2026-09-28,2026-10-05,Clover Health moved from rank #20 to #13 across the watchlist at 12 months; return +40.3% to +69.1%.
overall_stock,stock,,CLOV,Clover Health,24,13,39,-26,0.59219858156,0.0841584158416,-0.508040165718,2026-09-28,2026-10-05,Clover Health moved from rank #13 to #39 across the watchlist at 24 months; return +59.2% to +8.4%.
overall_stock,stock,,CNC,Centene,3,55,47,8,-0.0594857751407,-0.0717653993516,-0.0122796242109,2026-09-28,2026-10-05,Centene moved from rank #55 to #47 across the watchlist at 3 months; return -5.9% to -7.2%.
overall_stock,stock,,CNC,Centene,12,12,14,-2,0.773379231211,0.627648578811,-0.1457306524,2026-09-28,2026-10-05,Centene moved from rank #12 to #14 across the watchlist at 12 months; return +77.3% to +62.8%.
overall_stock,stock,,CNC,Centene,24,51,49,2,-0.171091445428,-0.126109877913,0.0449815675146,2026-09-28,2026-10-05,Centene moved from rank #51 to #49 across the watchlist at 24 months; return -17.1% to -12.6%.
overall_stock,stock,,CON,Concentra Group,3,21,19,2,0.160039761431,0.117204638045,-0.0428351233865,2026-09-28,2026-10-05,Concentra Group moved from rank #21 to #19 across the watchlist at 3 months; return +16.0% to +11.7%.
overall_stock,stock,,CON,Concentra Group,12,13,11,2,0.681556195965,0.718072289157,0.0365160931916,2026-09-28,2026-10-05,Concentra Group moved from rank #13 to #11 across the watchlist at 12 months; return +68.2% to +71.8%.
overall_stock,stock,,CON,Concentra Group,24,16,11,5,0.561552185549,0.700047687172,0.138495501623,2026-09-28,2026-10-05,Concentra Group moved from rank #16 to #11 across the watchlist at 24 months; return +56.2% to +70.0%.
overall_stock,stock,,COR,Cencora,3,32,28,4,0.0726592807465,0.0422919968972,-0.0303672838493,2026-09-28,2026-10-05,Cencora moved from rank #32 to #28 across the watchlist at 3 months; return +7.3% to +4.2%.
overall_stock,stock,,COR,Cencora,12,49,42,7,-0.000260586319218,0.0207755317743,0.0210361180936,2026-09-28,2026-10-05,Cencora moved from rank #49 to #42 across the watchlist at 12 months; return -0.0% to +2.1%.
overall_stock,stock,,COR,Cencora,24,24,22,2,0.364574070781,0.405155951623,0.0405818808422,2026-09-28,2026-10-05,Cencora moved from rank #24 to #22 across the watchlist at 24 months; return +36.5% to +40.5%.
overall_stock,stock,,CTRE,CareTrust REIT,3,58,58,0,-0.0837619397502,-0.130747126437,-0.0469851866866,2026-09-28,2026-10-05,CareTrust REIT moved from rank #58 to #58 across the watchlist at 3 months; return -8.4% to -13.1%.
overall_stock,stock,,CTRE,CareTrust REIT,12,42,41,1,0.075,0.0228233305156,-0.0521766694844,2026-09-28,2026-10-05,CareTrust REIT moved from rank #42 to #41 across the watchlist at 12 months; return +7.5% to +2.3%.
overall_stock,stock,,CTRE,CareTrust REIT,24,31,31,0,0.216189856957,0.195258478762,-0.0209313781951,2026-09-28,2026-10-05,CareTrust REIT moved from rank #31 to #31 across the watchlist at 24 months; return +21.6% to +19.5%.
overall_stock,stock,,CVS,CVS Health,3,66,63,3,-0.145773433007,-0.174369747899,-0.0285963148922,2026-09-28,2026-10-05,CVS Health moved from rank #66 to #63 across the watchlist at 3 months; return -14.6% to -17.4%.
overall_stock,stock,,CVS,CVS Health,12,33,33,0,0.176323083014,0.115756871854,-0.0605662111596,2026-09-28,2026-10-05,CVS Health moved from rank #33 to #33 across the watchlist at 12 months; return +17.6% to +11.6%.
overall_stock,stock,,CVS,CVS Health,24,20,24,-4,0.452101661779,0.338597306085,-0.113504355694,2026-09-28,2026-10-05,CVS Health moved from rank #20 to #24 across the watchlist at 24 months; return +45.2% to +33.9%.
overall_stock,stock,,CYH,Community Health Systems,3,61,73,-12,-0.103658536585,-0.302564102564,-0.198905565979,2026-09-28,2026-10-05,Community Health Systems moved from rank #61 to #73 across the watchlist at 3 months; return -10.4% to -30.3%.
overall_stock,stock,,CYH,Community Health Systems,12,55,53,2,-0.0754716981132,-0.128205128205,-0.0527334300919,2026-09-28,2026-10-05,Community Health Systems moved from rank #55 to #53 across the watchlist at 12 months; return -7.5% to -12.8%.
overall_stock,stock,,CYH,Community Health Systems,24,70,69,1,-0.51081530782,-0.517730496454,-0.0069151886339,2026-09-28,2026-10-05,Community Health Systems moved from rank #70 to #69 across the watchlist at 24 months; return -51.1% to -51.8%.
overall_stock,stock,,DGX,Quest Diagnostics,3,26,21,5,0.125976748618,0.08163359911,-0.044343149508,2026-09-28,2026-10-05,Quest Diagnostics moved from rank #26 to #21 across the watchlist at 3 months; return +12.6% to +8.2%.
overall_stock,stock,,DGX,Quest Diagnostics,12,28,21,7,0.250436531033,0.301120838677,0.0506843076443,2026-09-28,2026-10-05,Quest Diagnostics moved from rank #28 to #21 across the watchlist at 12 months; return +25.0% to +30.1%.
overall_stock,stock,,DGX,Quest Diagnostics,24,17,17,0,0.52661498708,0.547383778765,0.0207687916852,2026-09-28,2026-10-05,Quest Diagnostics moved from rank #17 to #17 across the watchlist at 24 months; return +52.7% to +54.7%.
overall_stock,stock,,DH,Definitive Healthcare,3,9,14,-5,0.431818181818,0.19699884571,-0.234819336108,2026-09-28,2026-10-05,Definitive Healthcare moved from rank #9 to #14 across the watchlist at 3 months; return +43.2% to +19.7%.
overall_stock,stock,,DH,Definitive Healthcare,12,80,78,2,-0.76256281407,-0.727105263158,0.0354575509121,2026-09-28,2026-10-05,Definitive Healthcare moved from rank #80 to #78 across the watchlist at 12 months; return -76.3% to -72.7%.
overall_stock,stock,,DH,Definitive Healthcare,24,77,76,1,-0.785714285714,-0.784953917051,0.000760368663309,2026-09-28,2026-10-05,Definitive Healthcare moved from rank #77 to #76 across the watchlist at 24 months; return -78.6% to -78.5%.
overall_stock,stock,,DOC,Healthpeak properties,3,52,53,-1,-0.0575406032483,-0.109639104614,-0.0520985013657,2026-09-28,2026-10-05,Healthpeak properties moved from rank #52 to #53 across the watchlist at 3 months; return -5.8% to -11.0%.
overall_stock,stock,,DOC,Healthpeak properties,12,43,44,-1,0.0723336853221,0.00619514713474,-0.0661385381874,2026-09-28,2026-10-05,Healthpeak properties moved from rank #43 to #44 across the watchlist at 12 months; return +7.2% to +0.6%.
overall_stock,stock,,DOC,Healthpeak properties,24,46,47,-1,-0.101327433628,-0.118896925859,-0.017569492231,2026-09-28,2026-10-05,Healthpeak properties moved from rank #46 to #47 across the watchlist at 24 months; return -10.1% to -11.9%.
overall_stock,stock,,DOCS,Doximity,3,13,9,4,0.261973180077,0.277676120769,0.0157029406915,2026-09-28,2026-10-05,Doximity moved from rank #13 to #9 across the watchlist at 3 months; return +26.2% to +27.8%.
overall_stock,stock,,DOCS,Doximity,12,79,76,3,-0.645833333333,-0.618755118755,0.0270782145779,2026-09-28,2026-10-05,Doximity moved from rank #79 to #76 across the watchlist at 12 months; return -64.6% to -61.9%.
overall_stock,stock,,DOCS,Doximity,24,64,60,4,-0.385780885781,-0.362765229295,0.023015656486,2026-09-28,2026-10-05,Doximity moved from rank #64 to #60 across the watchlist at 24 months; return -38.6% to -36.3%.
overall_stock,stock,,DVA,Davita,3,70,68,2,-0.177709178032,-0.239325699204,-0.061616521172,2026-09-28,2026-10-05,Davita moved from rank #70 to #68 across the watchlist at 3 months; return -17.8% to -23.9%.
overall_stock,stock,,DVA,Davita,12,21,20,1,0.364449541284,0.362381823727,-0.00206771755725,2026-09-28,2026-10-05,Davita moved from rank #21 to #20 across the watchlist at 12 months; return +36.4% to +36.2%.
overall_stock,stock,,DVA,Davita,24,38,38,0,0.0943708609272,0.112016927002,0.0176460660751,2026-09-28,2026-10-05,Davita moved from rank #38 to #38 across the watchlist at 24 months; return +9.4% to +11.2%.
overall_stock,stock,,EHC,Encompass Health,3,17,17,0,0.218494029409,0.125305278978,-0.093188750431,2026-09-28,2026-10-05,Encompass Health moved from rank #17 to #17 across the watchlist at 3 months; return +21.8% to +12.5%.
overall_stock,stock,,EHC,Encompass Health,12,51,47,4,-0.0254932912391,-0.0278341312992,-0.0023408400601,2026-09-28,2026-10-05,Encompass Health moved from rank #51 to #47 across the watchlist at 12 months; return -2.5% to -2.8%.
overall_stock,stock,,EHC,Encompass Health,24,29,29,0,0.286011873763,0.267724867725,-0.0182870060381,2026-09-28,2026-10-05,Encompass Health moved from rank #29 to #29 across the watchlist at 24 months; return +28.6% to +26.8%.
overall_stock,stock,,ELV,Elevance,3,42,49,-7,0.00230274811478,-0.0752829692024,-0.0775857173172,2026-09-28,2026-10-05,Elevance moved from rank #42 to #49 across the watchlist at 3 months; return +0.2% to -7.5%.
overall_stock,stock,,ELV,Elevance,12,29,36,-7,0.243181318854,0.102510699001,-0.140670619853,2026-09-28,2026-10-05,Elevance moved from rank #29 to #36 across the watchlist at 12 months; return +24.3% to +10.3%.
overall_stock,stock,,ELV,Elevance,24,58,57,1,-0.244030918981,-0.214684902555,0.0293460164265,2026-09-28,2026-10-05,Elevance moved from rank #58 to #57 across the watchlist at 24 months; return -24.4% to -21.5%.
overall_stock,stock,,ENSG,The Ensign Group,3,31,32,-1,0.074394357559,0.0211627630484,-0.0532315945106,2026-09-28,2026-10-05,The Ensign Group moved from rank #31 to #32 across the watchlist at 3 months; return +7.4% to +2.1%.
overall_stock,stock,,ENSG,The Ensign Group,12,48,46,2,0.0155362318841,-0.0206385404789,-0.036174772363,2026-09-28,2026-10-05,The Ensign Group moved from rank #48 to #46 across the watchlist at 12 months; return +1.6% to -2.1%.
overall_stock,stock,,ENSG,The Ensign Group,24,32,32,0,0.215599195059,0.190766671288,-0.024832523771,2026-09-28,2026-10-05,The Ensign Group moved from rank #32 to #32 across the watchlist at 24 months; return +21.6% to +19.1%.
overall_stock,stock,,EVH,Evolent Health,3,79,74,5,-0.344827586207,-0.394045534151,-0.0492179479436,2026-09-28,2026-10-05,Evolent Health moved from rank #79 to #74 across the watchlist at 3 months; return -34.5% to -39.4%.
overall_stock,stock,,EVH,Evolent Health,12,77,74,3,-0.596648044693,-0.579586877278,0.0170611674147,2026-09-28,2026-10-05,Evolent Health moved from rank #77 to #74 across the watchlist at 12 months; return -59.7% to -58.0%.
overall_stock,stock,,EVH,Evolent Health,24,79,77,2,-0.876791808874,-0.868640850418,0.00815095845638,2026-09-28,2026-10-05,Evolent Health moved from rank #79 to #77 across the watchlist at 24 months; return -87.7% to -86.9%.
overall_stock,stock,,FMS,Fresenius,3,47,43,4,-0.0236660929432,-0.054398640034,-0.0307325470908,2026-09-28,2026-10-05,Fresenius moved from rank #47 to #43 across the watchlist at 3 months; return -2.4% to -5.4%.
overall_stock,stock,,FMS,Fresenius,12,58,59,-1,-0.112978889758,-0.168224299065,-0.0552454093074,2026-09-28,2026-10-05,Fresenius moved from rank #58 to #59 across the watchlist at 12 months; return -11.3% to -16.8%.
overall_stock,stock,,FMS,Fresenius,24,42,42,0,0.0647583294228,0.0748792270531,0.0101208976303,2026-09-28,2026-10-05,Fresenius moved from rank #42 to #42 across the watchlist at 24 months; return +6.5% to +7.5%.
overall_stock,stock,,GDRX,GoodRx,3,18,22,-4,0.196428571429,0.0754098360656,-0.121018735363,2026-09-28,2026-10-05,GoodRx moved from rank #18 to #22 across the watchlist at 3 months; return +19.6% to +7.5%.
overall_stock,stock,,GDRX,GoodRx,12,62,63,-1,-0.170792079208,-0.275938189845,-0.105146110637,2026-09-28,2026-10-05,GoodRx moved from rank #62 to #63 across the watchlist at 12 months; return -17.1% to -27.6%.
overall_stock,stock,,GDRX,GoodRx,24,71,70,1,-0.510948905109,-0.537376586742,-0.0264276816329,2026-09-28,2026-10-05,GoodRx moved from rank #71 to #70 across the watchlist at 24 months; return -51.1% to -53.7%.
overall_stock,stock,,GH,Guardant Health,3,19,24,-5,0.18784345262,0.0584593403977,-0.129384112222,2026-09-28,2026-10-05,Guardant Health moved from rank #19 to #24 across the watchlist at 3 months; return +18.8% to +5.8%.
overall_stock,stock,,GH,Guardant Health,12,4,4,0,1.95269032151,1.82940802037,-0.123282301141,2026-09-28,2026-10-05,Guardant Health moved from rank #4 to #4 across the watchlist at 12 months; return +195.3% to +182.9%.
overall_stock,stock,,GH,Guardant Health,24,1,1,0,6.74694055944,7.02346570397,0.276525144531,2026-09-28,2026-10-05,Guardant Health moved from rank #1 to #1 across the watchlist at 24 months; return +674.7% to +702.3%.
overall_stock,stock,,HCA,HCA Healthcare,3,28,29,-1,0.112157883987,0.0394397076736,-0.0727181763134,2026-09-28,2026-10-05,HCA Healthcare moved from rank #28 to #29 across the watchlist at 3 months; return +11.2% to +3.9%.
overall_stock,stock,,HCA,HCA Healthcare,12,45,45,0,0.039443542999,-0.00663500488895,-0.046078547888,2026-09-28,2026-10-05,HCA Healthcare moved from rank #45 to #45 across the watchlist at 12 months; return +3.9% to -0.7%.
overall_stock,stock,,HCA,HCA Healthcare,24,40,41,-1,0.0801676254711,0.0827771715685,0.0026095460974,2026-09-28,2026-10-05,HCA Healthcare moved from rank #40 to #41 across the watchlist at 24 months; return +8.0% to +8.3%.
overall_stock,stock,,HCAT,Health Catalyst,3,59,60,-1,-0.0842105263158,-0.158653846154,-0.074443319838,2026-09-28,2026-10-05,Health Catalyst moved from rank #59 to #60 across the watchlist at 3 months; return -8.4% to -15.9%.
overall_stock,stock,,HCAT,Health Catalyst,12,71,69,2,-0.378571428571,-0.408783783784,-0.0302123552128,2026-09-28,2026-10-05,Health Catalyst moved from rank #71 to #69 across the watchlist at 12 months; return -37.9% to -40.9%.
overall_stock,stock,,HCAT,Health Catalyst,24,78,75,3,-0.790613718412,-0.772727272727,0.0178864456847,2026-09-28,2026-10-05,Health Catalyst moved from rank #78 to #75 across the watchlist at 24 months; return -79.1% to -77.3%.
overall_stock,stock,,HIMS,Hims & Hers,3,64,65,-1,-0.133176193282,-0.211956521739,-0.0787803284571,2026-09-28,2026-10-05,Hims & Hers moved from rank #64 to #65 across the watchlist at 3 months; return -13.3% to -21.2%.
overall_stock,stock,,HIMS,Hims & Hers,12,72,70,2,-0.496232876712,-0.448039588885,0.0481932878273,2026-09-28,2026-10-05,Hims & Hers moved from rank #72 to #70 across the watchlist at 12 months; return -49.6% to -44.8%.
overall_stock,stock,,HIMS,Hims & Hers,24,12,13,-1,0.655599324705,0.642129105323,-0.0134702193822,2026-09-28,2026-10-05,Hims & Hers moved from rank #12 to #13 across the watchlist at 24 months; return +65.6% to +64.2%.
overall_stock,stock,,HQY,HealthEquity,3,43,44,-1,-0.00237395432964,-0.0552932535935,-0.0529192992639,2026-09-28,2026-10-05,HealthEquity moved from rank #43 to #44 across the watchlist at 3 months; return -0.2% to -5.5%.
overall_stock,stock,,HQY,HealthEquity,12,56,43,13,-0.0857764425567,0.0163675358393,0.102143978396,2026-09-28,2026-10-05,HealthEquity moved from rank #56 to #43 across the watchlist at 12 months; return -8.6% to +1.6%.
overall_stock,stock,,HQY,HealthEquity,24,37,40,-3,0.104091079695,0.0836442411843,-0.0204468385107,2026-09-28,2026-10-05,HealthEquity moved from rank #37 to #40 across the watchlist at 24 months; return +10.4% to +8.4%.
overall_stock,stock,,HSIC,Henry Schein,3,38,35,3,0.0167157151265,-0.0179335878746,-0.0346493030011,2026-09-28,2026-10-05,Henry Schein moved from rank #38 to #35 across the watchlist at 3 months; return +1.7% to -1.8%.
overall_stock,stock,,HSIC,Henry Schein,12,24,25,-1,0.30744777475,0.266298672236,-0.0411491025137,2026-09-28,2026-10-05,Henry Schein moved from rank #24 to #25 across the watchlist at 12 months; return +30.7% to +26.6%.
overall_stock,stock,,HSIC,Henry Schein,24,34,30,4,0.179595738869,0.202947845805,0.023352106936,2026-09-28,2026-10-05,Henry Schein moved from rank #34 to #30 across the watchlist at 24 months; return +18.0% to +20.3%.
overall_stock,stock,,HUM,Humana,3,35,36,-1,0.0367080033347,-0.0211468178954,-0.0578548212301,2026-09-28,2026-10-05,Humana moved from rank #35 to #36 across the watchlist at 3 months; return +3.7% to -2.1%.
overall_stock,stock,,HUM,Humana,12,16,19,-3,0.560815846244,0.368814323981,-0.192001522263,2026-09-28,2026-10-05,Humana moved from rank #16 to #19 across the watchlist at 12 months; return +56.1% to +36.9%.
overall_stock,stock,,HUM,Humana,24,30,14,16,0.245204493538,0.617964421114,0.372759927576,2026-09-28,2026-10-05,Humana moved from rank #30 to #14 across the watchlist at 24 months; return +24.5% to +61.8%.
overall_stock,stock,,ILMN,Illumina,3,5,4,1,0.529311809686,0.447106211575,-0.0822055981108,2026-09-28,2026-10-05,Illumina moved from rank #5 to #4 across the watchlist at 3 months; return +52.9% to +44.7%.
overall_stock,stock,,ILMN,Illumina,12,5,5,0,1.94470498419,1.67371719546,-0.270987788734,2026-09-28,2026-10-05,Illumina moved from rank #5 to #5 across the watchlist at 12 months; return +194.5% to +167.4%.
overall_stock,stock,,ILMN,Illumina,24,7,7,0,1.07500768521,0.930566357916,-0.144441327294,2026-09-28,2026-10-05,Illumina moved from rank #7 to #7 across the watchlist at 24 months; return +107.5% to +93.1%.
overall_stock,stock,,IQV,Iqvia,3,10,12,-2,0.414512922465,0.247150309119,-0.167362613346,2026-09-28,2026-10-05,Iqvia moved from rank #10 to #12 across the watchlist at 3 months; return +41.5% to +24.7%.
overall_stock,stock,,IQV,Iqvia,12,17,26,-9,0.505736244152,0.249624933456,-0.256111310696,2026-09-28,2026-10-05,Iqvia moved from rank #17 to #26 across the watchlist at 12 months; return +50.6% to +25.0%.
overall_stock,stock,,IQV,Iqvia,24,35,36,-1,0.151539673751,0.123433693004,-0.0281059807472,2026-09-28,2026-10-05,Iqvia moved from rank #35 to #36 across the watchlist at 24 months; return +15.2% to +12.3%.
overall_stock,stock,,LFMD,LifeMD,3,77,77,0,-0.280871670702,-0.437371663244,-0.156499992542,2026-09-28,2026-10-05,LifeMD moved from rank #77 to #77 across the watchlist at 3 months; return -28.1% to -43.7%.
overall_stock,stock,,LFMD,LifeMD,12,75,75,0,-0.538102643857,-0.606886657102,-0.0687840132449,2026-09-28,2026-10-05,LifeMD moved from rank #75 to #75 across the watchlist at 12 months; return -53.8% to -60.7%.
overall_stock,stock,,LFMD,LifeMD,24,66,66,0,-0.429942418426,-0.432712215321,-0.00276979689491,2026-09-28,2026-10-05,LifeMD moved from rank #66 to #66 across the watchlist at 24 months; return -43.0% to -43.3%.
overall_stock,stock,,LFST,Lifestance Health,3,22,27,-5,0.151750972763,0.0496894409938,-0.102061531769,2026-09-28,2026-10-05,Lifestance Health moved from rank #22 to #27 across the watchlist at 3 months; return +15.2% to +5.0%.
overall_stock,stock,,LFST,Lifestance Health,12,8,7,1,1.18450184502,1.14700544465,-0.0374964003739,2026-09-28,2026-10-05,Lifestance Health moved from rank #8 to #7 across the watchlist at 12 months; return +118.5% to +114.7%.
overall_stock,stock,,LFST,Lifestance Health,24,11,10,1,0.706051873199,0.712011577424,0.00595970422502,2026-09-28,2026-10-05,Lifestance Health moved from rank #11 to #10 across the watchlist at 24 months; return +70.6% to +71.2%.
overall_stock,stock,,LH,Labcorp Holdings,3,23,23,0,0.140604855048,0.0749529583943,-0.0656518966537,2026-09-28,2026-10-05,Labcorp Holdings moved from rank #23 to #23 across the watchlist at 3 months; return +14.1% to +7.5%.
overall_stock,stock,,LH,Labcorp Holdings,12,38,34,4,0.103453191262,0.113923593558,0.0104704022962,2026-09-28,2026-10-05,Labcorp Holdings moved from rank #38 to #34 across the watchlist at 12 months; return +10.3% to +11.4%.
overall_stock,stock,,LH,Labcorp Holdings,24,23,21,2,0.394146780729,0.428194444444,0.0340476637154,2026-09-28,2026-10-05,Labcorp Holdings moved from rank #23 to #21 across the watchlist at 24 months; return +39.4% to +42.8%.
overall_stock,stock,,MCK,McKesson,3,25,16,9,0.135073541931,0.147500953834,0.0124274119034,2026-09-28,2026-10-05,McKesson moved from rank #25 to #16 across the watchlist at 3 months; return +13.5% to +14.8%.
overall_stock,stock,,MCK,McKesson,12,35,29,6,0.139491157715,0.222502235591,0.0830110778756,2026-09-28,2026-10-05,McKesson moved from rank #35 to #29 across the watchlist at 12 months; return +13.9% to +22.3%.
overall_stock,stock,,MCK,McKesson,24,10,8,2,0.774992319508,0.8587614849,0.0837691653917,2026-09-28,2026-10-05,McKesson moved from rank #10 to #8 across the watchlist at 24 months; return +77.5% to +85.9%.
overall_stock,stock,,MOH,Molina Healthcare,3,68,64,4,-0.169234787151,-0.175446991778,-0.00621220462696,2026-09-28,2026-10-05,Molina Healthcare moved from rank #68 to #64 across the watchlist at 3 months; return -16.9% to -17.5%.
overall_stock,stock,,MOH,Molina Healthcare,12,50,50,0,-0.00583394103552,-0.0615437936327,-0.0557098525972,2026-09-28,2026-10-05,Molina Healthcare moved from rank #50 to #50 across the watchlist at 12 months; return -0.6% to -6.2%.
overall_stock,stock,,MOH,Molina Healthcare,24,67,65,2,-0.441701281226,-0.426800133063,0.0149011481628,2026-09-28,2026-10-05,Molina Healthcare moved from rank #67 to #65 across the watchlist at 24 months; return -44.2% to -42.7%.
overall_stock,stock,,MPT,Medical Properties Trust,3,74,72,2,-0.211920529801,-0.287581699346,-0.0756611695454,2026-09-28,2026-10-05,Medical Properties Trust moved from rank #74 to #72 across the watchlist at 3 months; return -21.2% to -28.8%.
overall_stock,stock,,MPT,Medical Properties Trust,12,,,,,,,2026-09-28,2026-10-05,Medical Properties Trust moved from rank unavailable across the watchlist at 12 months; return unavailable.
overall_stock,stock,,MPT,Medical Properties Trust,24,,,,,,,2026-09-28,2026-10-05,Medical Properties Trust moved from rank unavailable across the watchlist at 24 months; return unavailable.
overall_stock,stock,,NEO,NeoGenomics,3,12,13,-1,0.364149611856,0.218337730871,-0.145811880985,2026-09-28,2026-10-05,NeoGenomics moved from rank #12 to #13 across the watchlist at 3 months; return +36.4% to +21.8%.
overall_stock,stock,,NEO,NeoGenomics,12,7,9,-2,1.43757881463,1.02967032967,-0.40790848496,2026-09-28,2026-10-05,NeoGenomics moved from rank #7 to #9 across the watchlist at 12 months; return +143.8% to +103.0%.
overall_stock,stock,,NEO,NeoGenomics,24,26,26,0,0.333103448276,0.324964131994,-0.00813931628174,2026-09-28,2026-10-05,NeoGenomics moved from rank #26 to #26 across the watchlist at 24 months; return +33.3% to +32.5%.
overall_stock,stock,,NHI,National Health Investors,3,65,59,6,-0.137072856222,-0.151890566525,-0.0148177103027,2026-09-28,2026-10-05,National Health Investors moved from rank #65 to #59 across the watchlist at 3 months; return -13.7% to -15.2%.
overall_stock,stock,,NHI,National Health Investors,12,61,57,4,-0.161928616155,-0.162695884826,-0.000767268671092,2026-09-28,2026-10-05,National Health Investors moved from rank #61 to #57 across the watchlist at 12 months; return -16.2% to -16.3%.
overall_stock,stock,,NHI,National Health Investors,24,53,54,-1,-0.193637787685,-0.192033439882,0.00160434780302,2026-09-28,2026-10-05,National Health Investors moved from rank #53 to #54 across the watchlist at 24 months; return -19.4% to -19.2%.
overall_stock,stock,,NTRA,Natera,3,3,3,0,0.575197586957,0.469103537162,-0.106094049795,2026-09-28,2026-10-05,Natera moved from rank #3 to #3 across the watchlist at 3 months; return +57.5% to +46.9%.
overall_stock,stock,,NTRA,Natera,12,6,6,0,1.53150886666,1.4520466089,-0.0794622577565,2026-09-28,2026-10-05,Natera moved from rank #6 to #6 across the watchlist at 12 months; return +153.2% to +145.2%.
overall_stock,stock,,NTRA,Natera,24,4,4,0,2.28157811009,2.16042821935,-0.121149890743,2026-09-28,2026-10-05,Natera moved from rank #4 to #4 across the watchlist at 24 months; return +228.2% to +216.0%.
overall_stock,stock,,OHI,Omega Healthcare Investors,3,49,48,1,-0.037037037037,-0.0744939271255,-0.0374568900885,2026-09-28,2026-10-05,Omega Healthcare Investors moved from rank #49 to #48 across the watchlist at 3 months; return -3.7% to -7.4%.
overall_stock,stock,,OHI,Omega Healthcare Investors,12,37,35,2,0.106118546845,0.111057108141,0.00493856129595,2026-09-28,2026-10-05,Omega Healthcare Investors moved from rank #37 to #35 across the watchlist at 12 months; return +10.6% to +11.1%.
overall_stock,stock,,OHI,Omega Healthcare Investors,24,36,34,2,0.147532853955,0.161880559085,0.0143477051301,2026-09-28,2026-10-05,Omega Healthcare Investors moved from rank #36 to #34 across the watchlist at 24 months; return +14.8% to +16.2%.
overall_stock,stock,,OMCL,Omnicell,3,67,66,1,-0.16122601545,-0.21914943063,-0.0579234151798,2026-09-28,2026-10-05,Omnicell moved from rank #67 to #66 across the watchlist at 3 months; return -16.1% to -21.9%.
overall_stock,stock,,OMCL,Omnicell,12,39,37,2,0.095703125,0.0856219709208,-0.0100811540792,2026-09-28,2026-10-05,Omnicell moved from rank #39 to #37 across the watchlist at 12 months; return +9.6% to +8.6%.
overall_stock,stock,,OMCL,Omnicell,24,54,55,-1,-0.217573221757,-0.207360226469,0.0102129952885,2026-09-28,2026-10-05,Omnicell moved from rank #54 to #55 across the watchlist at 24 months; return -21.8% to -20.7%.
overall_stock,stock,,OMDA,Omada Health,3,54,51,3,-0.0588798468167,-0.0902188476999,-0.0313390008832,2026-09-28,2026-10-05,Omada Health moved from rank #54 to #51 across the watchlist at 3 months; return -5.9% to -9.0%.
overall_stock,stock,,OMDA,Omada Health,12,59,51,8,-0.136962247586,-0.0694380995889,0.0675241479971,2026-09-28,2026-10-05,Omada Health moved from rank #59 to #51 across the watchlist at 12 months; return -13.7% to -6.9%.
overall_stock,stock,,OMDA,Omada Health,24,,,,,,,2026-09-28,2026-10-05,Omada Health moved from rank unavailable across the watchlist at 24 months; return unavailable.
overall_stock,stock,,OPCH,Option Care Health,3,33,31,2,0.0572868927589,0.0337899543379,-0.023496938421,2026-09-28,2026-10-05,Option Care Health moved from rank #33 to #31 across the watchlist at 3 months; return +5.7% to +3.4%.
overall_stock,stock,,OPCH,Option Care Health,12,60,60,0,-0.154945054945,-0.176727272727,-0.0217822177823,2026-09-28,2026-10-05,Option Care Health moved from rank #60 to #60 across the watchlist at 12 months; return -15.5% to -17.7%.
overall_stock,stock,,OPCH,Option Care Health,24,59,58,1,-0.265754296626,-0.22332761578,0.0424266808456,2026-09-28,2026-10-05,Option Care Health moved from rank #59 to #58 across the watchlist at 24 months; return -26.6% to -22.3%.
overall_stock,stock,,ORCL,Oracle-Cerner,3,57,34,23,-0.0769541506766,0.0144720895416,0.0914262402182,2026-09-28,2026-10-05,Oracle-Cerner moved from rank #57 to #34 across the watchlist at 3 months; return -7.7% to +1.4%.
overall_stock,stock,,ORCL,Oracle-Cerner,12,73,71,2,-0.516333874268,-0.502690990424,0.0136428838437,2026-09-28,2026-10-05,Oracle-Cerner moved from rank #73 to #71 across the watchlist at 12 months; return -51.6% to -50.3%.
overall_stock,stock,,ORCL,Oracle-Cerner,24,52,52,0,-0.187507407846,-0.167154395411,0.0203530124346,2026-09-28,2026-10-05,Oracle-Cerner moved from rank #52 to #52 across the watchlist at 24 months; return -18.8% to -16.7%.
overall_stock,stock,,OSCR,Oscar Health,3,44,39,5,-0.00637797918765,-0.0385332504661,-0.0321552712785,2026-09-28,2026-10-05,Oscar Health moved from rank #44 to #39 across the watchlist at 3 months; return -0.6% to -3.9%.
overall_stock,stock,,OSCR,Oscar Health,12,14,18,-4,0.606948968512,0.428439519852,-0.17850944866,2026-09-28,2026-10-05,Oscar Health moved from rank #14 to #18 across the watchlist at 12 months; return +60.7% to +42.8%.
overall_stock,stock,,OSCR,Oscar Health,24,22,18,4,0.41019533111,0.536246276068,0.126050944958,2026-09-28,2026-10-05,Oscar Health moved from rank #22 to #18 across the watchlist at 24 months; return +41.0% to +53.6%.
overall_stock,stock,,PACB,PacBio,3,46,2,44,-0.0181818181818,0.511904761905,0.530086580087,2026-09-28,2026-10-05,PacBio moved from rank #46 to #2 across the watchlist at 3 months; return -1.8% to +51.2%.
overall_stock,stock,,PACB,PacBio,12,22,12,10,0.338842975207,0.704697986577,0.36585501137,2026-09-28,2026-10-05,PacBio moved from rank #22 to #12 across the watchlist at 12 months; return +33.9% to +70.5%.
overall_stock,stock,,PACB,PacBio,24,45,19,26,-0.0742857142857,0.476744186047,0.551029900332,2026-09-28,2026-10-05,PacBio moved from rank #45 to #19 across the watchlist at 24 months; return -7.4% to +47.7%.
overall_stock,stock,,PACS,PACS Group,3,45,38,7,-0.0140845070423,-0.0366456834532,-0.0225611764109,2026-09-28,2026-10-05,PACS Group moved from rank #45 to #38 across the watchlist at 3 months; return -1.4% to -3.7%.
overall_stock,stock,,PACS,PACS Group,12,3,2,1,1.95422031474,2.13002191381,0.175801599066,2026-09-28,2026-10-05,PACS Group moved from rank #3 to #2 across the watchlist at 12 months; return +195.4% to +213.0%.
overall_stock,stock,,PACS,PACS Group,24,43,37,6,0.0439838220425,0.112987012987,0.0690031909445,2026-09-28,2026-10-05,PACS Group moved from rank #43 to #37 across the watchlist at 24 months; return +4.4% to +11.3%.
overall_stock,stock,,PGNY,Progyny,3,62,61,1,-0.107681515258,-0.165122435473,-0.0574409202152,2026-09-28,2026-10-05,Progyny moved from rank #62 to #61 across the watchlist at 3 months; return -10.8% to -16.5%.
overall_stock,stock,,PGNY,Progyny,12,32,28,4,0.185461323392,0.225352112676,0.0398907892841,2026-09-28,2026-10-05,Progyny moved from rank #32 to #28 across the watchlist at 12 months; return +18.5% to +22.5%.
overall_stock,stock,,PGNY,Progyny,24,18,16,2,0.514285714286,0.547852760736,0.0335670464502,2026-09-28,2026-10-05,Progyny moved from rank #18 to #16 across the watchlist at 24 months; return +51.4% to +54.8%.
overall_stock,stock,,PHR,Phreesia,3,40,50,-10,0.00794438927507,-0.0795246800731,-0.0874690693482,2026-09-28,2026-10-05,Phreesia moved from rank #40 to #50 across the watchlist at 3 months; return +0.8% to -8.0%.
overall_stock,stock,,PHR,Phreesia,12,76,73,3,-0.570279424217,-0.567253975075,0.0030254491418,2026-09-28,2026-10-05,Phreesia moved from rank #76 to #73 across the watchlist at 12 months; return -57.0% to -56.7%.
overall_stock,stock,,PHR,Phreesia,24,73,71,2,-0.553257042254,-0.546191978369,0.00706506388537,2026-09-28,2026-10-05,Phreesia moved from rank #73 to #71 across the watchlist at 24 months; return -55.3% to -54.6%.
overall_stock,stock,,PIII,P3 Health,3,80,78,2,-0.376657824934,-0.440633245383,-0.0639754204486,2026-09-28,2026-10-05,P3 Health moved from rank #80 to #78 across the watchlist at 3 months; return -37.7% to -44.1%.
overall_stock,stock,,PIII,P3 Health,12,67,62,5,-0.277663934426,-0.264739884393,0.0129240500329,2026-09-28,2026-10-05,P3 Health moved from rank #67 to #62 across the watchlist at 12 months; return -27.8% to -26.5%.
overall_stock,stock,,PIII,P3 Health,24,75,73,2,-0.640306122449,-0.663492063492,-0.0231859410431,2026-09-28,2026-10-05,P3 Health moved from rank #75 to #73 across the watchlist at 24 months; return -64.0% to -66.3%.
overall_stock,stock,,PNTG,Pennant Group,3,24,33,-9,0.135338345865,0.018691588785,-0.11664675708,2026-09-28,2026-10-05,Pennant Group moved from rank #24 to #33 across the watchlist at 3 months; return +13.5% to +1.9%.
overall_stock,stock,,PNTG,Pennant Group,12,15,15,0,0.605118110236,0.517401392111,-0.0877167181246,2026-09-28,2026-10-05,Pennant Group moved from rank #15 to #15 across the watchlist at 12 months; return +60.5% to +51.7%.
overall_stock,stock,,PNTG,Pennant Group,24,33,33,0,0.185519046234,0.189090909091,0.00357186285691,2026-09-28,2026-10-05,Pennant Group moved from rank #33 to #33 across the watchlist at 24 months; return +18.6% to +18.9%.
overall_stock,stock,,PRVA,Privia Health Group,3,75,70,5,-0.229174814235,-0.258040935673,-0.0288661214375,2026-09-28,2026-10-05,Privia Health Group moved from rank #75 to #70 across the watchlist at 3 months; return -22.9% to -25.8%.
overall_stock,stock,,PRVA,Privia Health Group,12,63,56,7,-0.177378964942,-0.157326691573,0.0200522733687,2026-09-28,2026-10-05,Privia Health Group moved from rank #63 to #56 across the watchlist at 12 months; return -17.7% to -15.7%.
overall_stock,stock,,PRVA,Privia Health Group,24,39,35,4,0.0901548672566,0.154064809551,0.0639099422943,2026-09-28,2026-10-05,Privia Health Group moved from rank #39 to #35 across the watchlist at 24 months; return +9.0% to +15.4%.
overall_stock,stock,,QDEL,QuidelOrtho,3,73,76,-3,-0.206671501088,-0.409863013699,-0.203191512611,2026-09-28,2026-10-05,QuidelOrtho moved from rank #73 to #76 across the watchlist at 3 months; return -20.7% to -41.0%.
overall_stock,stock,,QDEL,QuidelOrtho,12,78,77,1,-0.613836921991,-0.640760507005,-0.0269235850137,2026-09-28,2026-10-05,QuidelOrtho moved from rank #78 to #77 across the watchlist at 12 months; return -61.4% to -64.1%.
overall_stock,stock,,QDEL,QuidelOrtho,24,76,74,2,-0.759824368825,-0.753941055517,0.00588331330752,2026-09-28,2026-10-05,QuidelOrtho moved from rank #76 to #74 across the watchlist at 24 months; return -76.0% to -75.4%.
overall_stock,stock,,SBRA,Sabra Health Care REIT,3,39,42,-3,0.0158648925281,-0.0496031746032,-0.0654680671313,2026-09-28,2026-10-05,Sabra Health Care REIT moved from rank #39 to #42 across the watchlist at 3 months; return +1.6% to -5.0%.
overall_stock,stock,,SBRA,Sabra Health Care REIT,12,44,38,6,0.0541688794477,0.0562293274531,0.00206044800544,2026-09-28,2026-10-05,Sabra Health Care REIT moved from rank #44 to #38 across the watchlist at 12 months; return +5.4% to +5.6%.
overall_stock,stock,,SBRA,Sabra Health Care REIT,24,41,43,-2,0.076464208243,0.0662214802449,-0.0102427279981,2026-09-28,2026-10-05,Sabra Health Care REIT moved from rank #41 to #43 across the watchlist at 24 months; return +7.6% to +6.6%.
overall_stock,stock,,SGRY,Surgery Partners,3,60,67,-7,-0.0897597977244,-0.226929773651,-0.137169975926,2026-09-28,2026-10-05,Surgery Partners moved from rank #60 to #67 across the watchlist at 3 months; return -9.0% to -22.7%.
overall_stock,stock,,SGRY,Surgery Partners,12,68,66,2,-0.340961098398,-0.370212765957,-0.0292516675594,2026-09-28,2026-10-05,Surgery Partners moved from rank #68 to #66 across the watchlist at 12 months; return -34.1% to -37.0%.
overall_stock,stock,,SGRY,Surgery Partners,24,72,72,0,-0.548872180451,-0.572528883184,-0.0236567027326,2026-09-28,2026-10-05,Surgery Partners moved from rank #72 to #72 across the watchlist at 24 months; return -54.9% to -57.3%.
overall_stock,stock,,SOLV,Solventum,3,27,18,9,0.125361498805,0.122396831481,-0.00296466732423,2026-09-28,2026-10-05,Solventum moved from rank #27 to #18 across the watchlist at 3 months; return +12.5% to +12.2%.
overall_stock,stock,,SOLV,Solventum,12,27,31,-4,0.254028303209,0.187162162162,-0.0668661410468,2026-09-28,2026-10-05,Solventum moved from rank #27 to #31 across the watchlist at 12 months; return +25.4% to +18.7%.
overall_stock,stock,,SOLV,Solventum,24,28,28,0,0.324552316117,0.296870386773,-0.027681929344,2026-09-28,2026-10-05,Solventum moved from rank #28 to #28 across the watchlist at 24 months; return +32.5% to +29.7%.
overall_stock,stock,,TDOC,Teladoc,3,76,75,1,-0.274135876043,-0.4,-0.125864123957,2026-09-28,2026-10-05,Teladoc moved from rank #76 to #75 across the watchlist at 3 months; return -27.4% to -40.0%.
overall_stock,stock,,TDOC,Teladoc,12,66,68,-2,-0.253676470588,-0.387347391787,-0.133670921199,2026-09-28,2026-10-05,Teladoc moved from rank #66 to #68 across the watchlist at 12 months; return -25.4% to -38.7%.
overall_stock,stock,,TDOC,Teladoc,24,60,62,-2,-0.280141843972,-0.389380530973,-0.109238687001,2026-09-28,2026-10-05,Teladoc moved from rank #60 to #62 across the watchlist at 24 months; return -28.0% to -38.9%.
overall_stock,stock,,TEM,Tempus AI,3,6,10,-4,0.514250089063,0.271445163431,-0.242804925632,2026-09-28,2026-10-05,Tempus AI moved from rank #6 to #10 across the watchlist at 3 months; return +51.4% to +27.1%.
overall_stock,stock,,TEM,Tempus AI,12,41,58,-17,0.0832059123344,-0.163975561859,-0.247181474193,2026-09-28,2026-10-05,Tempus AI moved from rank #41 to #58 across the watchlist at 12 months; return +8.3% to -16.4%.
overall_stock,stock,,TEM,Tempus AI,24,15,20,-5,0.578937592868,0.447487721949,-0.131449870919,2026-09-28,2026-10-05,Tempus AI moved from rank #15 to #20 across the watchlist at 24 months; return +57.9% to +44.7%.
overall_stock,stock,,THC,Tenet Health,3,11,11,0,0.374126984127,0.269487531907,-0.10463945222,2026-09-28,2026-10-05,Tenet Health moved from rank #11 to #11 across the watchlist at 3 months; return +37.4% to +26.9%.
overall_stock,stock,,THC,Tenet Health,12,25,23,2,0.285693069307,0.273990147783,-0.0117029215237,2026-09-28,2026-10-05,Tenet Health moved from rank #25 to #23 across the watchlist at 12 months; return +28.6% to +27.4%.
overall_stock,stock,,THC,Tenet Health,24,14,12,2,0.59116529837,0.651785144025,0.060619845655,2026-09-28,2026-10-05,Tenet Health moved from rank #14 to #12 across the watchlist at 24 months; return +59.1% to +65.2%.
overall_stock,stock,,TXG,10x Genomics,3,1,1,0,1.33224489796,1.39682132786,0.0645764299047,2026-09-28,2026-10-05,10x Genomics moved from rank #1 to #1 across the watchlist at 3 months; return +133.2% to +139.7%.
overall_stock,stock,,TXG,10x Genomics,12,1,1,0,6.31313993174,6.33333333333,0.0201934015933,2026-09-28,2026-10-05,10x Genomics moved from rank #1 to #1 across the watchlist at 12 months; return +631.3% to +633.3%.
overall_stock,stock,,TXG,10x Genomics,24,2,2,0,2.78076753419,3.67032967033,0.88956213614,2026-09-28,2026-10-05,10x Genomics moved from rank #2 to #2 across the watchlist at 24 months; return +278.1% to +367.0%.
overall_stock,stock,,UHS,Universal Health Services,3,16,20,-4,0.227675200769,0.10983389124,-0.117841309529,2026-09-28,2026-10-05,Universal Health Services moved from rank #16 to #20 across the watchlist at 3 months; return +22.8% to +11.0%.
overall_stock,stock,,UHS,Universal Health Services,12,57,55,2,-0.109484690067,-0.152094190311,-0.0426095002438,2026-09-28,2026-10-05,Universal Health Services moved from rank #57 to #55 across the watchlist at 12 months; return -10.9% to -15.2%.
overall_stock,stock,,UHS,Universal Health Services,24,56,53,3,-0.222077244259,-0.185274480712,0.0368027635468,2026-09-28,2026-10-05,Universal Health Services moved from rank #56 to #53 across the watchlist at 24 months; return -22.2% to -18.5%.
overall_stock,stock,,UNH,UnitedHealth,3,63,56,7,-0.119890626095,-0.125681775437,-0.00579114934228,2026-09-28,2026-10-05,UnitedHealth moved from rank #63 to #56 across the watchlist at 3 months; return -12.0% to -12.6%.
overall_stock,stock,,UNH,UnitedHealth,12,40,40,0,0.0944838409672,0.0324819544697,-0.0620018864975,2026-09-28,2026-10-05,UnitedHealth moved from rank #40 to #40 across the watchlist at 12 months; return +9.4% to +3.2%.
overall_stock,stock,,UNH,UnitedHealth,24,62,61,1,-0.352771332818,-0.370940460081,-0.0181691272632,2026-09-28,2026-10-05,UnitedHealth moved from rank #62 to #61 across the watchlist at 24 months; return -35.3% to -37.1%.
overall_stock,stock,,USPH,US Physical Therapy,3,15,15,0,0.233498109916,0.157152729786,-0.0763453801302,2026-09-28,2026-10-05,US Physical Therapy moved from rank #15 to #15 across the watchlist at 3 months; return +23.3% to +15.7%.
overall_stock,stock,,USPH,US Physical Therapy,12,47,49,-2,0.0172661870504,-0.0586912525298,-0.0759574395802,2026-09-28,2026-10-05,US Physical Therapy moved from rank #47 to #49 across the watchlist at 12 months; return +1.7% to -5.9%.
overall_stock,stock,,USPH,US Physical Therapy,24,44,45,-1,0.00545152879829,0.0329426280074,0.0274910992091,2026-09-28,2026-10-05,US Physical Therapy moved from rank #44 to #45 across the watchlist at 24 months; return +0.5% to +3.3%.
overall_stock,stock,,VEEV,Veeva Systems,3,2,5,-3,0.637955182073,0.418128048148,-0.219827133925,2026-09-28,2026-10-05,Veeva Systems moved from rank #2 to #5 across the watchlist at 3 months; return +63.8% to +41.8%.
overall_stock,stock,,VEEV,Veeva Systems,12,52,52,0,-0.0330382058084,-0.0774605103281,-0.0444223045197,2026-09-28,2026-10-05,Veeva Systems moved from rank #52 to #52 across the watchlist at 12 months; return -3.3% to -7.7%.
overall_stock,stock,,VEEV,Veeva Systems,24,27,25,2,0.331183305668,0.335466849074,0.00428354340612,2026-09-28,2026-10-05,Veeva Systems moved from rank #27 to #25 across the watchlist at 24 months; return +33.1% to +33.5%.
overall_stock,stock,,VTR,"Ventas, Inc",3,48,52,-4,-0.0276249298147,-0.0919801124081,-0.0643551825934,2026-09-28,2026-10-05,"Ventas, Inc moved from rank #48 to #52 across the watchlist at 3 months; return -2.8% to -9.2%."
overall_stock,stock,,VTR,"Ventas, Inc",12,26,30,-4,0.254927536232,0.204271788991,-0.0506557472412,2026-09-28,2026-10-05,"Ventas, Inc moved from rank #26 to #30 across the watchlist at 12 months; return +25.5% to +20.4%."
overall_stock,stock,,VTR,"Ventas, Inc",24,25,23,2,0.356359649123,0.343515112746,-0.0128445363771,2026-09-28,2026-10-05,"Ventas, Inc moved from rank #25 to #23 across the watchlist at 24 months; return +35.6% to +34.4%."
overall_stock,stock,,WAY,Waystar,3,14,26,-12,0.241206030151,0.0575447570332,-0.183661273118,2026-09-28,2026-10-05,Waystar moved from rank #14 to #26 across the watchlist at 3 months; return +24.1% to +5.8%.
overall_stock,stock,,WAY,Waystar,12,69,65,4,-0.342385516507,-0.357919254658,-0.0155337381514,2026-09-28,2026-10-05,Waystar moved from rank #69 to #65 across the watchlist at 12 months; return -34.2% to -35.8%.
overall_stock,stock,,WAY,Waystar,24,47,46,1,-0.11087113031,-0.0821309655938,0.0287401647162,2026-09-28,2026-10-05,Waystar moved from rank #47 to #46 across the watchlist at 24 months; return -11.1% to -8.2%.
overall_stock,stock,,WELL,Welltower,3,37,37,0,0.0177715215766,-0.0353723629586,-0.0531438845352,2026-09-28,2026-10-05,Welltower moved from rank #37 to #37 across the watchlist at 3 months; return +1.8% to -3.5%.
overall_stock,stock,,WELL,Welltower,12,23,22,1,0.322870211549,0.300902650823,-0.0219675607263,2026-09-28,2026-10-05,Welltower moved from rank #23 to #22 across the watchlist at 12 months; return +32.3% to +30.1%.
overall_stock,stock,,WELL,Welltower,24,9,9,0,0.818946540881,0.81355527238,-0.00539126850126,2026-09-28,2026-10-05,Welltower moved from rank #9 to #9 across the watchlist at 24 months; return +81.9% to +81.4%.
watchlist_removed,membership,"Digital Health, Specialty, Benefits",TALK,Talkspace,,,,,,,,2026-09-28,2026-10-05,"Talkspace (TALK) was removed from Digital Health, Specialty, Benefits."
watchlist_removed,membership,Health IT and Data,MDRX,Veradigm,,,,,,,,2026-09-28,2026-10-05,Veradigm (MDRX) was removed from Health IT and Data.
